prompt,seed
a robot riding a pig photorealistic render ,2597907840
"A bottle of juice with the letter B printed on it, product photo, studio lighting",4043210191
"british man in the park, long hair, in the style of alphonse mucha, long hair, wearing hat, smiling",4164151988
"a portrait of Snoop Dog , bored, illustration, soft lighting, soft details, painting oil on canvas by Edmund Blair Leighton and Charlie Bowater octane render trending on artstation d&d characters, 4k, 8k, HD",99870330
Detailed portrait of a small vampire girl wearing a red cloak,1653297959
"cute little boy character inspired by shoebill, digital art made by makoto shinkai, lois van baarle, greg rutkowski and jakub rebelka, highly detailed, symmetrical, extremely coherent, anatomically perfect ",3454309230
"angry moon, from zelda ",4198124332
"a beautiful and highly detailed painting of an anatomical portrait wearing overalls, inside a grand room lined with paintings, emotionally expressive, oil painting, soft light, pink and green olour palette, cinematic composition, cinematic lighting, sharp focus, masterpiece by shusei nagaoka kaws, david rudnick, airbrush on canvas, pastell colors, cell shaded 8 k ",537441814
"Photo of Winnie the Pooh tap dancing over honey, ultra realistic, HD, 4K, Colorful",147465378
"a toilet filled with kitchen utensils wearing a tophat, on an island, view from front ",945679198
governor mike dewine as a character in fortnite ,161047803
a vibrant painting of geese in a field of daisies,663591387
"a sticker of a digital creature, symmetrical ",645032700
a zabrak jedi. ,3397082621
a photorealistic sculpture of an evil cat by zdzisław beksinski ,3144794394
"a beautiful oil painting of the matterhorn at sunset, stunning sunset, soft light, by j. m. w. turner ",2698881659
"diorama of the Temple of Time from The Legend of Zelda Breath of the Wild, tilt-shift photography, highly detailed",4048035071
"a ghost knocks on my door, water caustics, film still from the movie directed by denis villeneuve and david cronenberg with art direction by h. r. giger and patrick faulwetter ",829888676
front shot of a court jester character ominous intricate fractal hyper cubes platinum cracked glass dark future metallic holography crystal shard lit edges poly extraordinary detailed robotic concept artstation sharp focus ray tracing cinematic masterpiece fine portrait ,2287371779
minimalist poster of a synthwave wireframe intergalactic planetary future space vehicles that look super stylish. neofuturism. grid. lines ,3304475282
"a Rembrandt portrait painting of Lil Wayne, detailed portrait, realistic",3950264319
"breathtaking detailed soft painting of a fairy covered in white wax, whip cream and cherry on the body, rembrandt style, elegant, highly detailed, artstation, concept art, matte, sharp focus, art by casimir art, tom bagshaw, kelogsloops and greg rutkowski ",2669015094
joe biden wearing a halter top wedding dress with a long train ,1973063744
"old vintage photography, damaged photo, daguerreotype, ambrotype, black and white, archive, film artifacts, scratches, tears, hyperrealistic, ultra detailed ",2657962558
black and yellow furry bananas ,4014944235
"fantasy flamberge sword designed by Greg rutkowski, concept art, fantasy, 4k",1534807372
"2 0 0 1 passionfruit diner, tables repeat endlessly 8 5 mm f / 1 1 interior photography one point perspective ",1292409095
"a chrome woman's face in flowing sheets of cobalt blue gold chrome silver satin, by moebius syd mead roger dean wojciech siudmak donato giancola yoshitaka amano ivan aivazovsky jan de heem pieter claesz paul delaroche alma tadema aelbert cuyp willem claesz, hyperrealistic volumetric light render ",47446227
"hundreds of slaves building a giant monumental robot in the middle of the desert, lit by candles, digital painting, artstation, concept art, craig mullins, breathtaking, 8 k resolution, extremely detailed, beautiful, establishing shot, artistic, hyperrealistic, octane render, cinematic lighting, dramatic lighting, masterpiece, light brazen, extremely detailed and beautiful face ",4105715309
"a full body geisha with a cat skull head, wearing a red kimono, standing in center of the snow surrounded by magical trees with a massive red sun setting on the horizon cinematic octane render 8 k trending on artstation ",1142806689
lipstick. product photo. glamour photography. 2 0 1 8. ,3682286849
Taj Mahal made of cheese,591285631
"hyperrealist, studio ghibli dull colors painting from close encounters of the third kind 1 9 7 7 of a warped multi - colored manatee with dreadlocks rocketing out of a bubble in a flooded temple. ",4035334202
"3 d goddess of hell close - up profile portrait with ram skull. beautiful intricately detailed japanese crow kitsune mask and clasical japanese kimono. betta fish, jellyfish phoenix, bio luminescent, plasma, ice, water, wind, creature, artwork by tooth wu and wlop and beeple and greg rutkowski ",1486480782
"a magical paper scroll sheet, paper scroll sheet, paper scroll, paper roll, paper roll sheet, magic theme, artstation, orthographic, hd, 8 k, sharp high quality artwork in style of greg rutkowski, concept art, blizzard warcraft artwork, hearthstone card artwork ",3951824149
detailed portrait of a futuristic sci - fi shaman in an impressive scene. extremely detailed. beautiful lighting. trending on artstation. ,1753743407
"the source of future growth dramatic, elaborate emotive Golden Baroque and Rococo styles to emphasise beauty as a transcendental, seamless pattern, symmetrical, large motifs, sistine chapel ceiling, 8k image, supersharp, spirals and swirls, Gold black rainbow and white colors, perfect symmetry, 3D, no blur, sharp focus, photorealistic, insanely detailed and intricate, cinematic lighting, Octane render, epic scene, 8K",2296658775
"dreamy moon forest, concept art, fantasy, magical, digital art, mixed media, trending on artstation",1534021218
"hyper - realistic portrait beautiful! female, 2 0 2 0 school uniform, view of tokyo, extreme detail, in style of pan ren wei, yoji shinkawa, ross tran, atey ghailan, greg rutkowski, greg tocchini, james gilleard, joe fenton, ilya kuvshinov, ruan jia, pixiv fanbox, anime aesthetic ",2719229271
"Beatiful Oil painting of an orange Maine-coon with white beard, wearing sombrero",65582041
"A young girl riding on a giant rabbit in an animated style, stunning, award winning, sundance animation winner",3307369215
"portrait of a beautiful stunning peaceful majestic ice queen wearing intricate jewelry, oil on canvas, baroque style, perfect symmetrical face, mood lighting, ornate and elegant, winter, philosophical, painterly, 🌚, digital art, detailed, trending on artstation ",3165003879
"large alien spacecraft hovering in the sky an a wasteland alien exoplanet and ancient ruins in background and alien planet with craters and large stone structures by bruce brenneise and peter mohrbacher, hyperrealistic very detailed landscape concept art, 3 d render, neosurrealism. digital concept art, pixel art, rendered in octane, trending on cgsociety, trending on artstation ",2464149110
horror movie poster featuring Emma watson and Morbidly obese Elon Musk 8k,2964791188
"the babadook, close up, quint buchholz, wlop, dan mumford, artgerm, liam brazier, peter mohrbacher, raw, featured on artstation, octane render, cinematic, rugged, intricate, 8 k ",2711995134
"beautiful girl necromancer, witch - doctor exploding into flowers, angels, 3 d render, hyper - realistic detailed portrait, holding electricity and birds, ruan jia, wlop. scifi, fantasy, hyper detailed, octane render, concept art, peter mohrbacher ",2502831001
ancient greeks neoclassicism artwork ,4205010446
nilah league of legends wild rift hero champions arcane magic digital painting bioluminance alena aenami artworks in 4 k design by lois van baarle by sung choi by john kirby artgerm style pascal blanche and magali villeneuve mage fighter assassin ,2753987853
the sun god by craig mullins ,1418047527
a feminine version of female ironman painting ,501023125
"fuji 5 0 r, 3 5 mm, 8 k, tilt shift ; sunrise, shinkansen window view of beautiful hyperrealistic film still from matrix ronin promenade scene directed by tati in style of 1 9 9 0 s frontiers in miniature porcelain kintsugu design magazine seinen manga edition, real - life seinen manga porcelain sci - fi font izakaya sign, highly detailed ",1123814892
"orientalist portrait of a moorish female sage wearing a golden robe smoking a pipe in a sandstone temple intricate portrait by john william waterhouse and Edwin Longsden Long and Theodore Ralli and William-Adolphe Bouguereau, very coherent symmetrical artwork. Cinematic, hyper realism, high detail 8k",2818530559
"photo of hulk in a white wedding dress, symmetry, awesome exposition, very detailed, highly accurate, intricate, professional lighting diffracted lightrays, 8 k, sense of awe ",1732374782
"key anime visual portrait of a handsome male anthro wolf furry fursona with beautiful eyes, wearing a hoodie, official modern animation ",38375348
"a fight between pizza and spaghetti, inspired by west side story, canon 5 0 mm, cinematic lighting, photography, retro, film, kodachrome ",2703872368
"monkey navy seals, call of duty, fully armed, 4 k, photorealistic, detailed ",3568643260
"book of enoch, by greg rutkowski and tezuka and oi and mucha and bierstadt and remington, trending on artstation ",3987832608
"dj mixing bass music as a logo, futuristic dj booth ",656113542
"sadness palace, artstation, ultradetailed, digital Painting, by James gurney and Pipilotti Rist",1493212974
"scarlett johansson as an armored tattooed pinup rockabilly warrior, character sheet, concept design, contrast, hot toys, 3 d print, kim jung gi, greg rutkowski, zabrocki, karlkka, jayison devadas, trending on artstation, 8 k, 3 d model, photo, realistic, octane render, ultra wide angle, pincushion lens effect ",1839141502
"diagram of hand holding a large red fruit cut in half showing seeds, limited neutral palette, by pascal campion, petros afshar, anton fadeev, dean ellis, randolph stanley hewton, beautiful graphic, propaganda poster art 1 9 7 0 s illustrated advertising art, painterly design ",2132048907
"a giant sculpture of will smith as a gummy bear on the ocean, award winning, hyper - realistic, very detailed, realistic water splashes, ray tracing, 8 k resolution, long - shot, sharp focus, low angle, 8 5 mm photograph, wide lens ",454651441
advertisement for a water bottle in the style of thor ragnarok movie posters ,678190942
"gandalf taking a selfie, bokeh, depth of field, hyperdetailed crayon painting by, hugo pratt, moebius, jean - michel charlier, intricate linework, incredibly detailed faces, extremely sharp focus, rule of thirds ",3017779754
"american soldier, extremely detailed, sharp focus, wide view, full body shot, smooth, digital illustration, by james jean, by rossdraws, frank franzzeta, mcbess, sakimichan, brosmin, danton fadeev, steve simpson, alfred hitchcock mood, wes craven vibes ",405993634
"viking women in speed boats!!, wearing a skin - tight futuristic valkerie bikinis, holding laser swords, rough seas in background, hyper - realistic, highly detailed, accurate, 8 k octane render ",2428777101
infrared resounding isometric stencil village / city setting ,3750723226
count chaggula hyper realistic ,3245796698
movie still of santa in the wickerman ,3101867141
"a high detail photo of a man with a duck's head wearing a suit, antropomorphic, photorealism",3200882431
white noise,2350934115
"love, by wlop. artstation contest winner. detailed and incredibly beautiful ",3677074279
extremely attractive bikini girls on a beach with palm trees 3 d render octane art station digital art face detail eyeliner lips ,1437133850
"cute tomboy character inspired 9 s from nier automata and regu from made in abyss, digital artwork cushart krenz, huang guangjian and kentaro miura, smooth, highly details, symmetrical, perfect composition, anatomically correct, thick ",3771320446
bizarre hieroglyphics language on an ancient tablet ,4043288350
"pigeon, city, ancient land, illustration, scroll painting, mural, angelic, by annibale carracci ",1032650549
"shanghai!!, distopian, smog, tall buildings!, red ( ( light ) ), by marc simonetti ",4096157331
"a morbidly obese slimy anthropomorphic toad king wearing ornate cyberpunk armor, smooth, intricate, elegant, digital painting, artstation, steam, grungy steel, concept art, sharp focus, octane render, illustration, art by josan gonzalez, ",1393497635
stunning awe inspiring the goonies 2 movie still 8 k hdr atmospheric lighting ,1105918009
hennesy bottle on mars,2974262651
"highly detailed portrait of a young astronaut lady with a wavy blonde hair and curvy figure, by Dustin Nguyen, Akihiko Yoshida, Greg Tocchini, Greg Rutkowski, Cliff Chiang, 4k resolution, persona inspired, nier:automata inspired, gravity rush inspired, vibrant but dreary gold, blue, opal, black and white color scheme!!! ((Space nebula background))",658705978
"gigantic robot head with lot of glass details, a lot of exotic vegetation, trees, flowers by moebius, dull colors, junji ito, tristan eaton, victo ngai, artgerm, rhads, ross draws, hyperrealism, intricate detailed, risograph ",1923940038
"the philosopher Edmund Husserl made out of Legos, photo realistic",3025622191
sketch by leonardo da vinci of dolly parton and shirtless jason momoa having a picnic ,2714326979
"painting of pikachu unleashing his power, by salvador dali, dramatic lighting, intricate detail, epic ",3243226550
"natalie portman as a girl sitting on a rooftop, cyberpunk, medium shot, realistic detailed face, by charlie bowater, by wlop, by jeremy lipking, expressive oil painting, portrait, digital art ",1006861393
"a family guy movie poster, disney, pixar ",3384083705
"wide angle scene of an award winning watercolor painting of a Siamese fighting goldfish, digital art",868870655
"portrait of wet translucent humanoid made of slime with black internal organs in unfriendly pose, volumetric lighting, subsurface scattering, dramatic lighting, high detail, from new scifi by digital domain and weta digital, strong ambient occlusion, superdetail, horror color grading ",9814121
"A Monumental Public Sculpture of a Hand Making Thumbs Up Gesture made out of Gummy Spaghetti on a pedestal by the lake, surreal oil painting by John Singer Sargent and Maxfield Parrish and Max Ernst shocking detail hyperrealistic studio lighting",3106031264
"Atlantis made out of corn, cinestill eastmancolor, liminal space, oil painting",3549544191
"3 d model of a rabbit standing on its hind legs, front view, empty background ",3636013407
cherry blossom galaxy ,3643467974
"a cupcake hamster, happy birthday, party, confetti, dark green blue, happy, cinematic, realistic, unreal engine ",322555284
"bluegreen goop photograph a creepy, ghostly photo of a man with his hands in the air by reuben nakian, zbrush central contest winner, gutai group, ambient occlusion, demonic photograph, velvia ",3634101444
"gediminas pranckevicius highly detailed, natural light portrait of a young adult princess bubblegum from adventure time, experimenting in her castle lab, wearing lab coat & saftey goggles, long bubblegum hair with long straight bangs, beautiful, extremely cute, adorable, illustration concept art by nicoletta ceccoli, mark ryden, lostfish, detailed and intricate environment, 8 k resolution, hyperrealistic, octane render ",1084142036
"grainy wet werewolf oil painting, horror, lovecraftian horror, bloody, pools of blood, reflecting, set in the bloodborne videogame",4025587214
"Giant hologram of Hatsune miki in blade runner 2049, stunning, japanese anime cyberpunk style",2896305319
"asummer dress that looks like the northern lights, 4 k, trending ",304961122
"official artwork of a half human yokai, motorcycle, helmet, anime pink rabbit wearing a letterman jacket, by Krenz Cushart, detailed art, many stars in the night sky, pink iconic character, 獣, yokai, wallpaper, bunny, large ears, けもの, male character, aesthetic, helmet, ghost, beast, motorbiker, rabbit, rabbit shaped helmet",145292567
"crying cat hugging a plastic duck toy, laying in messy bed full of trash, insanely detailed, 8 k, hdr, gfx association, low angle, tilted, perfect lighting, macro lens, professional lenses awards winning trending on artstation, cover, national geographic best photo of the year ",2282739824
"the meaning of life, scifi, futurism, technological singularity, amazing masterpiece, black and white, wonders of the mind, video game, scientific victory, artificial intelligence, art by wenjun lin and artem chebokha and alena aenami and ian llanas ",2184258078
"art deco film poster, beep ",2262611226
dream catcher spider web ,122189939
the joys of the morning artistic render,3246324475
"enormous flying city in a gigantic faberge egg, sky, steampunk, flying islands, fantasy art, unreal engine, ",1044694805
Gordon Ramsay plays Sherlock Holms,943681983
"masterpiece painting of eucalyptus trees along the road in the afternoon, by a. j. casson and john watkiss and edward okun and erin hanson and dan munford and maxfield parrish and j. c. leyendecker and giacomo balla, dramatic lighting ",4191420148
"princess of flowers, by annie swynnerton and charlie bowater and diego rivera and william - adolphe bouguereau, nicholas roerich and jean delville and evelyn de morgan, dramatic lighting, brocade robes, elaborate floral ornament, rich colors, smooth sharp focus, extremely detailed, donato giancola, adolf wolfli ",162249843
"a beautiful side portrait of a soldier black african seer, fortune teller. blue - eyes - glowing, no - pupils, he has a tattoo in his forehead. he is in extreme ecstasy. art by yoji shinkawa and sandra chevrier, trending on artstation, award - winning, perfect composition. ",533760898
"weird and disturbing portrait of todd solondz puking blood, todd solondz, vivid colors, neon, art by ( ( ( kuvshinov ilya ) ) ) and wayne barlowe and francis bacon and artgerm and wlop and william - adolphe bouguereau ",3364099492
"full body pose, photograph of a girl in painted overalls, short shorts, combat boots, fishnets, dim volumetric lighting, 8 k, octane beautifully detailed render, extremely hyper detailed, intricate, epic composition, cinematic lighting, masterpiece, very very detailed, stunning, hdr, smooth, sharp focus, high resolution, award, winning photo, dslr, 5 0 mm ",608316421
"kodak portra 1 6 0 3 5 mm photograph of life as shaman king, 8 k ultra - detailed, real photography, hightly detailed, hyper realistic, photographic, wide angle lens, focuses on the nuances of the human face and subtle shifts in tonal value, silhouette composition, neutral, cool - toned palette, fluid patterns, powerful composition ",930254119
"Battles of the Clone Wars (from Star Wars) by Beksinski, Luis Royo",3620365933
detailed whimsical pencil and watercolor illustration of a mommy dog and a daddy dog hugging their puppy with all dogs eyes shut and happy expressions.,1552311934
"a female sorceress by karol bak and vargas, beautiful detailed eyes, cute, fantasy, intricate, elegant, highly detailed, digital painting, 4 k, hdr, concept art, detailed jewelry, smooth, sharp focus, illustration, art by artgerm ",879039918
"a fox animal dressed in a suit giving a presidential speech, 8 5 mm f / 1. 4 ",1247093554
gorilla face of Emmanuel Macron in American Psycho (1999),3346433023
"A black ink portrait of a lonely beautiful woman with slightly opened lips and the the constellation in her black flowing hair, inktober",528409215
"Album Art for Char Zulu, \'Samuel L Jackson as L from Deathnote\', psx, 3d shapes, Video Games, marijuana, smoke, by Range Murata, by Sachin Teng, Trending on artstation",2075511807
"Alchemist Princess, volumetric lighting, digital painting, highly detailed, artstation, sharp focus, illustration, concept art, ruan jia, steve mccurry",3738475896
a kislev warrior who is wearing iron gauntlets in the shape of bear claws in the style of warhammer fantasy : : head and shoulders drawing ,2819085104
neo and trinity in fear and loathing in las vegas ,1063149288
elmo propaganda poster ,1584531795
"a portrait of ororo munroe, fantasy, sharp focus, intricate, elegant, digital painting, artstation, matte, highly detailed, concept art, illustration, ambient lighting, art by ilya kuvshinov, artgerm, alphonse mucha, and greg rutkowski ",3800927331
"nightscape chubby cartoon concept art, skyscraper over a grass spiral hill, spiral clouds, liquid smoke ",3042246294
"portrait Anime girl as harley-quinn cute-fine-face, pretty face, realistic shaded Perfect face, fine details. Anime. realistic shaded lighting by Ilya Kuvshinov katsuhiro otomo ghost-in-the-shell, magali villeneuve, artgerm, rutkowski, WLOP Jeremy Lipkin and Giuseppe Dangelico Pino and Michael Garmash and Rob Rey Suicide Squad",567517966
a painting by krenz cushart ,209199533
"a chess pawn contemplating the meaning of life, micro photography, highly detailed, 4 k, close up ",3981382613
"kodak portra 4 0 0 photo portrait of a beautiful woman sub surface scattering, hair baroque style, fine art photography in style of annie liebovitz, 1 5 0 mm lens, f 2. 4, elegant, sharp focus, ethereal, emotionally evoking, head in focus, soft blur, matt colours, volumetric lighting, hyper realistic, ultra detailed ",3117313742
"The gate to the eternal kingdom of Gothic architecture, fantasy, digital art, HD, detailed.",466649734
"A dilapidated foggy village with black mages walking around as seen in final fantasy 9 Vivi, digital painting, concept art, artstation",2760818175
"a frontal drawing of a vertical space rocket centered with a dark blue background and colorful clouds with stars by takashi murakami, beeple and james jean, aya takano color style, trippy, 8 k, super detailed, night sky, digital art, digital painting, clean ",1349435141
"a statue of a woman covered with moss and vines, a colourful marble sculpture by michelangelo buonarroti and by gian lorenzo bernini, gothic art, marble sculpture, flemish baroque, academic art ",1902340997
"digital pen lineart sketch of a motoko kusanagi, by gnomon, by ilya kuvshinov, trending on pixiv fanbox ",1297342444
"seven dragon horned lizard heads rising from the sea of blood, landscape, cinematic view, epic sky, detailed, concept art, low angle, high detail, warm lighting, volumetric, godrays, vivid, beautiful, trending on artstation, by jordan grimmer, huge scene, grass, art greg rutkowski ",1201186524
"george washington hitting the dab, standing with his face tucked into his bent elbow, with his other arm outstreched. painting by emanuel leutze, in the style of washington crossing the delaware, 1 8 5 1 ",3463959277
"Thomas the Tank Engine, on the racetrack Nurburgring Nordschleife. Setting a hot lap",4233606143
"Portrait of a park with a lake and large Manor house in the background, well lit, colourful, detailed, painting in the style of John Constable",3211129947
"atomic explosion, fireball, fireball explosion, 2 4 0 p footage, 2 0 0 6 youtube video, helicopter footage over city, fleeing crowds of people ",2936040620
"photo of demon samurai, unreal engine, dark, smoke, cinematic,",1795308299
"portrait of a young pocahontas, idian dress, dreamy and ethereal, expressive pose, peaceful expression, elegant, highly detailed, digital painting, artstation, smooth, sharp focus, by gil elvgren",3935823871
"a close-up risograph long shot of cyberpunk japanese model girl with black eyes and visible face wearing latex catsuit and lots of transparent and cellophane accessories, blue hour, twilight, cool, portrait, soft red lights, Kodachrome, ISO1200, ",2795325861
"trance festival lego set, dramatic lighting",2765714467
"geometric square by shusei nagaoka, david rudnick, airbrush on canvas, pastell colours, symmetry ",3504916807
"portrait of a cyberpunk assasin, half body, d & d, fantasy, intricate, elegant, highly detailed, digital painting, artstation, concept art, art by artgerm and greg rutkowski and alphonse mucha ",2696456621
"a renaissance portrait painting of megan thee stallion, in the style of rembrandt van rijn & caravaggio ",3665432352
"a tiny miniscule town living on the thread of a spiders web, fantasy concept art, trending on art station, stunning visuals, creative, cinematic, ultra detailed ",2128178458
"front shot of a court jester!!!! character, by artgerm greg rutkowski, octane render, polished, glossy, holographic metallic, bionic futurism, robotic cyborg, 8 5 mm f 1. 8 lit edges, ominous elegant luminous intricate quartz highly detailed concept, polygonal shards, artstation sharp focus ray tracing cinematic masterpiece fine portrait ",4187435344
"a psychedelic realm made entirely out of love and acceptance, astral beings sharing love!!!!, in the style of greg rutkowski! and wlop and lisa frank! and bob ross!!! and ruan jia, illustration, epic, fantasy, hyper detailed, smooth, unreal engine, sharp focus, ray tracing ",3490289672
photograph of a white dove on a tank turret during war ruins smoke,613156879
"concept art of octopus attack, lovecraftian, lots of teeth, melting horror, fighting the horrors of the unknown with laser guns ",365158056
"an angry fridge with a puddle of water below it, the fridge is looking at you frowning, matte painting, digital art, professional photography, trending on artstation, detailed, screenshot from an anime movie, 4 k ",1477751064
"Galadriel in Lothlórien, art by Vicente Segrelles and Don Maitz, fantasy illustration, Tolkein art",3265638143
"an anthromorphised Stable Diffusion stares uncompromisingly at the camera, digital art, artstation, octane render",2086689232
photo of cat playing ipad in a yurt ,2625859383
"aiden gillen, arms akimbo pose, cyberpunk 2 0 2 0 manual, by steampoweredmikej, by tim bradstreet, inktober, ink drawing, black and white, coloring pages, manga, highly detailed ",256317932
"a pixar character resembling wolfgang amadeus mozart, big grey wig, cinematic scene, volumetric lighting, directing an orchestra, a pixar movie poster ",2578905742
renaissance oil character portrait sketch ln concept illustration lotr anime key visual action shot | young girl nazi maid | long flowing platinum blonde hair blue eyes | symmetrical perfect face fine detail delicate features quiet gaze | fitted black military uniform | gapmoe kuudere harsh shadows bokeh | trending pixiv fanbox | by greg rutkowski makoto shinkai takashi takeuchi studio ghibli ,4007313935
"portrait of a man by greg rutkowski, a soldier of the galactic triunvirate wearing a red and white tactical gear, star wars expanded universe, highly detailed portrait, digital painting, artstation, concept art, smooth, sharp foccus ilustration, artstation hq ",1469277440
"a giant room with bright white walls, a large hole in the middle of the room two golems fighting a four small adventurers and a water creature, fantasy, digital art",2400841253
"first satellite in open space tattoo, by john constable, ink, dark, hexagonal ",6324632
tifa lockhart by mingchen shen ,329845283
"a painting of a mole animal wearing glasses reading a newspaper, by jason edmiston, color grading, exposure, 8 k ",1159821598
"gta v dark souls, ps 5 screenshot, isometric view, third person gameplay, 3 d render, cryengine, highly detailed ",361123753
"mysterious scene of tyrolean farmer transforming into hay man with horns, smiling, roots and edelweiss growing out of the body 35mm double-exposure photo, deep shadows, german expressionism, noir, slightly colorful, photorealistic, detailed smoke, natural bones and skin, natural textures, depth of field, ambient occlusion, motion blur, HD, masterpiece, volumetric, chromatic aberration by Richard Avedon, style of Ade Santora, perfect composition, masterpiece, intricate detailed",2170598605
portrait of a beautiful futuristic woman layered with high-tech jewelry wrapping around her face and head,20066064
nacreous shell anthropomorphic warrior rhino beetle mecha. mathias kollros mark winters villeneuve lie setiawan lius lasahido manuel castanon. portrait vivid intricate vibrant elaborate inks unreal engine render. ,283410861
"ukiyo-e portrait of the Boston Celtics, Jayson Tatum, Jaylen Brown, Larry Bird, Bill Russell, digital art, trending on artstation",668716679
"a portrait painting of a husky in cowboy costume, wearing a cowboy hat, in the style of anime, humanoid, personify, anthropomorphic, trending on artstation ",3771582563
"a beautiful portrait of the dude from the big lebowski with eyes closed touching her heart with arms crossed, symetrical, by cyril rolando and asher durand and natalie shau and alex gray, pixel art ",3121444180
high quality macro close-up metallic Blattella! gorgeous highly detailed hannah yata elson peter cinematic turquoise lighting high quality low angle hd 8k sharp shallow depth of field,3794430795
"album cover of maximalist cyborg brain poster by ilya kuvshinov katsuhiro otomo ghost - in - the - shell, magali villeneuve, artgerm, jeremy lipkin and michael garmash and rob rey ",3695648999
"a man sitting in the woman's section of the bus, being yelled at by different women, cartoon by Ben garrison",1064039482
"portrait of jared leto as the joker, green hair, intricate, elegant, glowing lights, highly detailed, digital painting, artstation, concept art, sharp focus, illustration, art by wlop, mars ravelo and greg rutkowski ",827264009
"Crazy Pop-Wonder NFT Style Racing-Poster Artwork of Jeff DeGrandis Dragfink.com Ed 'BIG DADDY' Roth GIGANTIC-Monkey, character art, Driving a Hotrod, crazy racer spinning, burnout, smokey tires, classic-cult-comic-style, hand drawn svg, vector artwork",1433097121
"precious stone still life, anime, intricate oil painting by greg rutkowski, trending on artstation ",1201291930
"two humanoid aliens with large eyes, leather suits, standing on a beach at baltic sea, near a pine forest, early evening, dim light, moon reflects on the water, photo quickly taken by someone passing by with an iphone, candid photo, spooky, wide shot, detailed ",1395699710
🔥🚀 ,1532564050
"candid portrait of a moon with a thoughtful kind face, illustrated by peggy fortnum and beatrix potter and sir john tenniel ",3618155648
"heroic cyborg zoidberg with davy jones squid beard. droid body. artstationz greg rutkowski. beksinski, octane render, unreal engine 6, epic game graphics, fantasy, cyberpunk, conceptual art, ray tracing ",1501966605
a meme made in 2 0 5 0 ,3635488673
"A detailed horned goatwoman stands among the hills. Wearing a ripped mantle, robe. Perfect faces, extremely high details, realistic, fantasy art, solo, masterpiece, art by Zdzisław Beksiński, Arthur Rackham, Dariusz Zawadzki",4050151220
"painting by sargent and leyendecker and greg hildebrandt savrasov levitan wind turbines at sunset, madera island ",3806425114
"andre the giant with jacket and bra in the kitchen | | realistic shaded, unpleasant face, bad looking, fine details, realistic shaded lighting poster by greg rutkowski, magali villeneuve, artgerm, jeremy lipkin and michael garmash and rob rey ",1293968860
"a world fallen by disease, cities completely wasted away, nature taken over and grow over buildings, high quality photorealism, cinematic, epic, Deviantart, Octane render",2361897282
"two beautiful goth girl sitting in her bedroom petting a cat | | cute - fine - subtle smile, colorful hair, face, pretty face, raining outside, fine details by stanley artgerm lau, wlop, rossdraws, james jean, andrei riabovitchev, marc simonetti, and sakimichan, trending on artstation ",2320774896
painting of emma watson as hermione granger. beautiful. gorgeous. during golden hour. art by william adolphe bouguereau. extremely detailed. 4 k. award winning. ,1650402113
"a beautiful painting of a round indigenous sweat lodge hut in a forest near a campfire, matte painting, trending on artstation, art by christophe vacher ",4123268803
"breathtaking detailed soft painting of silver hours of sun, caresses on pepper plains, the hand of the country on my shoulder, rembrandt style, elegant, highly detailed, artstation, concept art, matte, sharp focus, art by tom bagshaw, and greg rutkowski ",3502322233
"a still of a forgotten muppet character looking very manly and modern, hilarious, laughing, hairy chest, huge chin, manly monster tough guy, roughled fur, photo real, photographic, photograph, artstation, trending, featured",1221442943
"cute little anthropomorphic samuel l. jackson cute and adorable, pretty, beautiful, dnd character art portrait, matte fantasy painting, deviantart artstation, by jason felix by steve argyle by tyler jacobson by peter mohrbacher, cinema ",606978200
"head and shoulder portrait of a nubian chocolate disco queen, impish smile, eyes peering just above her sunglasses, illuminated from behind by a giant mirrored disco ball with light shooting out of it, 3 d oil painting, 4 k, retro, cinematic, smooth, rich volumetric light, by mati klarwein and john berkey ",2017164048
"beautiful gemini twins, happy angry, fantasy character art, ultra realistic, wide angle, intricate details, the fifth element artifacts, highly detailed by peter mohrbacher, hajime sorayama, wayne barlowe, boris vallejo, aaron horkey, gaston bussiere, craig mullins ",2218325118
matte painting of abandoned house by carl spitzweg ,3412460650
"2 0 1 2 watermelon diner, tables repeat endlessly into the horizon, y 2 k cybercore cutecore fruitcore, one point perspective, scene from a kiyoshi kurosawa movie ",1875154186
"dubai, art by artgerm and greg rutkowski and magali villeneuve, highly detailed, digital painting, trending on artstation, concept art, sharp focus, illustration ",1477909488
"photography camel made from sand, rising form the sand, weird perspective ",1289658529
"highly detailed portrait of ciri as a secretary, bartlomiej gawel, marcin blaszczak, pixiv ",707073152
Saul Goodman as a Ukiyo-e,2763250431
"movie scene of a man looking surprised to a draconian humanoid, reptil, reptilian, movie still, cinematic composition, cinematic light, criterion collection, reimagined by industrial light and magic, Movie by David Lynch and Ridley Scott",2900320806
GTA 6 leaked screenshot,2772762111
a norman rockwell painting of a beautiful woman wearing brightly colored cheap sunglasses ,162161038
zombie nation logo. vector graphics illustrated by jim davis ,2119040901
a portrait of isaac newton as a jedi knight by cedric peyravernay and marc silvestri,3797606143
"a painting of a wise elder from Kenya by Lynette Yiadom-Boakye . dramatic angle, ethereal lights, details, smooth, sharp focus, illustration, realistic, cinematic, artstation, award winning, rgb , unreal engine, octane render, cinematic light, macro, depth of field, blur, red light and clouds from the back, highly detailed epic cinematic concept art CG render made in Maya, Blender and Photoshop, octane render, excellent composition, dynamic dramatic cinematic lighting, aesthetic, very inspirational, arthouse.",2080746227
"a cute fluffy caracal on a high hill landscape with a circle of four large stones like fingers on the top, by ted nasmith ",4198275056
"album cover design design depicting the alter to the ai machine gods, by jonathan zawada, pi - slices, and tristan eaton, digital art ",1620731372
"royal palace, lake, art nouveau architecture, fantasy, art by joseph leyendecker, peter mohrbacher, ivan aivazovsky, ruan jia, reza afshar, marc simonetti, alphonse mucha ",3064318824
"an ultraclear closeup portrait of a man tasting neon fireworks and blotter papers of lsd acid, dreaming psychedelic hallucinations in the vast icy landscape of antarctica, by kawase hasui, moebius and edward hopper, colorful flat surreal design, hd, 3 2 k ",3261293848
"realistic detailed face portrait of a goddess heroine character in alien cyberpunk armor by alphonse mucha, ayami kojima, amano, greg hildebrandt, and mark brooks, female, feminine, art nouveau, cyberpunk, neo - gothic, gothic, character concept design ",1483450760
"sci fi aztec megastructure in the shape of a stop sign, artstation, concept art, ",3817514231
"🌴 🌅 michael t weiss, wildstyle graffiti, shards, illustration, highly detailed, simple, no jagged lines, smooth, artstation, artwork by d * face ",4054724532
Pikachu in the Harry Potter universe,2103099375
"imelda marcos in a wheelchair being tried at the International Criminal Court, photographed by Steve McCurry",3254878719
"3 blue and green waves at the bottom, empty space above, artstation, concept art, smooth, very smooth, procreate illustration, ",1167883166
dragon Rendered in Cinema4D,2486753584
a red cube on top of a blue ball ,4206271520
"nethack-screenshot, made of Notation, Symbols, Lines, Sequences, Interpretation, Instructions, Communication, Visuality, Process, form, line, character, surface, space, material, immaterial, sensual, symbolic, conceptual, Series, Variations, Temporalization, Processualization, Notation, Instruction, Form, Sign, Symbol, Movement, Parallel, Sequential, Disordered, Unconnected, Static, Visual, Mental, Iconic, Imaginative. Creative, large-scale, multi-part, process, drawing, repetition, variation, order, chaos, improvisation, medium: black pencil",4065691384
"a fox and a wolf having a picnic together on the top of a scenic hill at sunrise, storybook illustration",3331809027
"jayson tatum in a knicks jersey, fanart, vibrant, octane render ",4081592297
"psychedelic digital art of an anthropomorphic male black cat furry fursona, handsome eyes, wearing dark hippie grunge clothing, neon city street background at night, 4 k hd ",1875744717
friendly bear,4230565505
"corgi cosmonaut in outer space, cosmic background, highly detailed digital illustration, smooth, soft, muted colors, matte, pixar, unreal engine, 8 k, artstation ",975358118
a promotional screenshot of new york city in an 8 bit video game ,489161254
"duesenberg model sj concept, inside of a minimalist Tokyo garage, ektachrome photograph, volumetric lighting, f8 aperture, cinematic Eastman 5384 film",1890531468
"cinematic goddess close shot, galactic sized proportional stunning beautiful hot female warframe, sleek mecha female dragon head, metal ears, led purple eyes, smooth fuschia skin, smooth silver armor, floating in space, holding a galaxy, epic proportions, epic size, epic scale, furry art, dragon art, giantess art, warframe fanart, furaffinity, octane ",739299322
a calendar with events ,3128194361
. ,2
"George Lucas writing poetry, it rhymes, by Eugene de Blaas",1265442303
darth vader swimsuit competition ,3915894616
"young woman in front of a landscape background looking at the viewer the woman is wearing a dark green pleated front dress with yellow sleeves. decorated with gold interlocking and embroidery at the neckline. she wears a black sheer veil covering the hair, curly hair back on the shoulders, narrow eyes, a low - cut chest, her arms bent and hands crossed, her right hand resting on her left wrist, the soft light source comes mainly from the left of the painting, oil painting ",569038543
"hyperrealistic matte painting of the central station of a cyberpunk city, classical architecture, ancient buildings, by hubert robert and hugh ferris and noriyoshi ohrai, city lights, cyberpunk style, cyberpunk ads, technological, octane, intricate, fine detail, polished, futuristic, artstation, cgsociety ",1338754059
"elizabeth olsen as the goddess of flesh and carrion!!!!!!, golden ratio!!!!!, centered, trending on artstation, 8 k quality, cgsociety contest winner, artstation hd, artstation hq, luminous lighting ",1087751840
"dynamic person, by robert longo ",221191792
"toby mcguire as doctor octopus, sam raimi spider - man movie, movie still, hd, ",336765802
rembrandt painting of durrr burger ,25392631
a 3 d model of spongebob found in the game files of kingdom hearts ,2099486024
"two homie houses, the first is mostly red and drawn only from straight lines, the second is mostly blue and drawn only from round curvy lines",1971291409
apple company logo with minion theming and colours ,3372371206
guiseppe arcimboldo a black puma ,3973313807
"minimalist watercolor art of cape town, illustration, vector art ",2118270010
"church painting, lowbrow art ",3804558743
"absence makes heart grow fonder, arts and crafts movement, hyperrealism, highly detailed, 8 k resolution ",2628484384
"kitten soldiers storming normandy beach, black and white, photo, documentary - n 4 ",2214822329
" impossibly beautiful vampire with large vampire fangs, full body,  intricate complexity, horror, psychedelic glitch art, rainbow drip paint, trending on art station, photoreal, 8k, octane render",46864863
"white machine feathers flowing surrounding armored core, massive machine wing and machine feathers flowing, swirling, rotating, spinning, interwoven white azure armored core mech, cinematic still, dark atmosphere, smog, in the flow of time, slow motion, endoskeleton, post processing, vray render, ultra detailed, trending on artstation, 8 k, ",3698870577
very buff very huge very muscolar excessively big buff samurai wearing a scary Oni mask. Cybernetic cyber cybernetic cyber cyberpunk. Sci-fi movie still,672213821
microscopic shot of a human iris trending on artstation artstation hd intricate detailed photorealistic unsplash contest winner award winning bright lively cosmic colors beautiful imagery bioluminescent colors vivid colors lens flare lens light 3 2 k 1 6 k ,1164250514
"close up of photorealistic green fox with green fur and magenta eyes, wearing a black hoodie, smoking weed",3745688786
"A extremely highly detailed majestic hi-res beautiful immaculate head and shoulders painting of a strong black african man by Jean-Michel Basquiat, 8k, high textures, hyper sharp, insanely detailed and intricate, super detailed, 4k HDR high quality",2417263103
"painting of powerful stylish sorcerer and a cleric banishing demons in a dark cave with a rainbow spell, great faces, ultra realistic, concept art, intricate details, eerie, highly detailed, photorealistic, octane render, 8 k, unreal engine. art by artgerm and greg rutkowski and magali villeneuve and alphonse mucha ",3582028108
"scarlett johannson as the final girl, slasher, horror, high details, intricate details, by vincent di fate, artgerm julie bell beeple, 1 9 9 0 s, inking, vintage 9 0 s print, screen print ",991873670
"cinematic still image screenshot luke skywalker in cybernetic wheel chair, from the tv show on disney + anamorphic lens, 3 5 mm film kodak from empire strikes back 1 9 8 3 ",212743811
"a colored pencil drawing of an horse by natalia rojas and ana maria martinez jaramillo adonna khare and marco mazzoni and diego fazio and dirk dzimirsky, pastel color, wingspan style, highly detailed, realistic graphite, artstation, 4 k, realism, photorealism, fine art ",382189238
"absolutely stunning beautiful virgin dancing in summer field in dramatic lighting, perfectly made by Greg Rutkowski, indentical beautiful eyes, perfect beautiful hands, perfect beautiful body, dramatic shadows, dramatic details, dramatic zoom, dramatic closeups, dramatic portrait , dramatic lenses, dramatic GFX, dramatic everything, trendind everywhere, dramatic national geographic award winning, dramatic digital art",4079373055
"very very beautiful furry art, bust profile picture of a robotic anthro bottlenose dolphin, visor screen for face, truncated round snout under visor, commission on furaffinity, cgsociety, octane render ",3802178468
melanie martinez in jojo bizarre adventure ,842945423
"an armada of spaceships, the fleet of captain dj armin van buuren, viewed from the helm of his ship, extremely detailed oil painting, unreal 5 render, rhads, bruce pennington, studio ghibli, tim hildebrandt, digital art, octane render, beautiful composition, trending on artstation, award - winning photograph, masterpiece ",3740974117
art by mike campau ,3169198730
"Bernoulli effect tower power generator, 8K HD, digital art, trending on artstation",306868799
detailed amazing tattoo stencil of a meerkcat standing flowers ,245755413
"a detailed portrait of a made in abyss character, by victo ngai and justin gerard, digital art, realistic painting, very detailed, fantasy, dnd, character design, trending on artstation ",498543040
"elevational photo by Andreas Gursky of tall and slender futuristic mixed-use towers emerging out of the ground. The towers have large atrium. The towers are covered with trees and ferns growing from floors and balconies. The towers are clustered very close together and stand straight and tall. The housing towers have 100 floors with deep balconies and hanging plants. Thin bridges span between towers. Cinematic composition, volumetric lighting, architectural photography, 8k, megascans, vray.",2650649087
"a photorealistic dramatic hyperrealistic render of an eerie haunted house in pan's labyrinth at sunset by joe fenton, color poster art design, intricate details, beautiful dynamic dramatic dark moody tones and lighting, shadows, cinematic atmosphere, octane render, 8 k ",2326489282
"🦓 🏁 colored pale stripes, wildstyle graffiti, by shepard fairey, by beeple, drip painting, highly detailed, simple, no jagged lines, smooth, ",2706975424
"an epic anime of energy man, ghibli, unreal 5, octane render, rpg portrait, dynamic lighting, epic, epic anime, 2 d ",2161922456
"An astronaut holding a beachball, stranded on an alien island. the ocean is purple, and there are 2 planets in the sky. watercolour painting, oil painting, matte painting, cinematic, concept art, HD, colourful, synthwave, studio ghibli, purple, astral, nightmare, beautiful, otherworldly, intricate, highly detailed, hyperrealism, realism, throwback, malevolent, mystical",695366586
"space disaster collision wreck two homeworld spaceships exploding and colliding smashing into each other wrecking disaster, epic, sweeping, awe - inspiring, art by anders zorn, wonderful masterpiece by greg rutkowski, beautiful cinematic light, american romanticism thomas lawrence, greg rutkowski ",2419351174
POV: You wake up with a massive spider on your bed,1528706579
"intricate detail, hyper detail, tan skin lady of elche, nefertiti, yemaya, ashteroth, techno mystic, wearing labradorite haute couture armor, hazel green eyes, aqua eyebrows, aqua rapunzel dreadlocks, detailed, sandro botticelli, gaston bussiere, h. r. giger, masterpiece, sharp focus, ",1384082628
"ancient ruins with a portal and plants,digital art,retrowave art",2486897037
"a portrait photograph of a meditating satyr and a centaur monk riding a rocket machine and hunting at a river delta. surrounded by bulbous flowers and trees. mountain range under a blue sky of fiery stars. by jan van eyck, max ernst, ernst haeckel, ernst fuchs and artgerm, cgsociety, fashion editorial, 8 k ",3676009432
moist critical robbing a bank ,1646564916
"3 d goddess close - up profile solarpunk portrait ram skull. beautiful intricately detailed japanese crow kitsune mask and clasical japanese kimono. betta fish, jellyfish phoenix, bio luminescent, plasma, ice, water, wind, creature, artwork by tooth wu and wlop and beeple and greg rutkowski ",134022060
"two goldfishes swimming in the same fishbowl in a wong kar wai movie, photorealistic, 3 5 mm ",1274649229
"thicc curvy feminine goth bombshell cutie with a thin waist in an elaborate polished latex onepiece outfit, cgsociety, photorealistic, sublime-classy-dignified ambience, 16k, smooth, sharp focus, trending on ArtStation, volumetric lighting, fully clothed, worksafe",3328825231
"existential distortion, digital collage, decoupage, assemblage, photomontage, francis picabia, jesse draxler, canvas texture, contemporary art, punk art, photorealistic, portrait, expressionism, masterpiece, dynamic composition, spectacular quality, intricate oil details, broken glass ",1830812413
"portrait futuristic evilly cyberpunk young female Death Knight, in futuristic heavily snowy tokyo rooftop cyberpunk night, ssci-fi, fantasy, intricate, very very beautiful, elegant, neon light, highly detailed, digital painting, artstation, concept art, soft light, hdri, smooth, sharp focus, illustration, art by tian zi and craig mullins and WLOP and alphonse mucha",2719785803
friendship ended with midjourney and dalle now sd is my new best friend ,3285001748
"a wonderful crimson goddess, lots of white branches, leaves and white berries of white blackberries, wonderful eyes, symmetrical, fantasy, highly detailed, realistic, complex, fantasy, over - detailed, elegant, complex, dynamic lighting, hyperrealism, digital art, artstation, wlop, clear focus, illustrations by filipe pagliuso and justin gerard ",572243066
anime manga skull portrait pikachu pokemon disney cartoon skeleton illustration style by Alphonse Mucha pop art nouveau,988502990
"photorealistic sleeping in a trippy psychedelic world. hyperdetailed photorealism, 1 0 8 megapixels, amazing depth, high resolution, 3 d shading, 3 d finalrender, 3 d cinematic lighting, glowing rich colors, psychedelic overtones, artstation concept art. ",3329495319
"a snoop dogg wearing sun glasses tennis ball monster, snoop dogg tennis ball head, tennis ball monster, smoking, smoke, ganja, weed, marijuana, monster teeth, colorful, chalk digital art, fantasy, magic, chalk, trending on artstation, ultra detailed, professional illustration by basil gogos ",3153699842
"a woman in a futuristic suit, cyberpunk art by adam manyoki, cgsociety, funk art, sci - fi, synthwave, ilya kuvshinov ",695758519
"a beautiful [[[sunset]]] over the ocean on a clear cloudless day, artstation, cgsociety, detailed, gorgeous painting",1681319850
kirby,868949852
moon circus vintage poster ,4253335405
"guanyin stand on big loutus, a godness of the southern seas, a realistic setting with muted colors, visual novel cover, by yoshitaka amano, zeng fanzhi, jane hamilton, tiffany studios, sunrays shine uponit, frostbite 3 engine, cryengine, dof, trending on artstation, digital art, fantasy detailed background ",262454214
"point cloud, volumetric, abstract symbolism, particles, bubble chamber, houdini, generative art, physical, cinematic lighting, gmunk, complementary palette ",3892285537
"full - length portrait of a dancer with long flowing hair, with cute - fine - face, pretty face, realistic shaded perfect face, wearing a flowing sundress, standing in front of a starry galaxy, fantasy, cinematic, fine details by realistic shaded lighting poster by ilya kuvshinov katsuhiro otomo, magali villeneuve, artgerm, jeremy lipkin and michael garmash and rob rey ",291816932
"Psychedelic DMT experience with inter-dimensional beings and insane trippy visuals in the style of an album cover by Howard Finster,  Michael Cheval (highly detailed, 8k, UHD, fantasy, dream, otherworldly, bizzare, spirals, colourful, vivid)",2274981375
"professor layton as a real person holding a gun, 4k photograph, extreme low angle, longshot, fast shutter speed, backlighting, in the style of james bind",1793603995
Abandoned Victorian greenhouse in the style of James Gurney,1147378743
"a league of legends character concept art!! by artgerm and greg rutkowski. in the cartoon style of honor of kings!! full body!! clear portrait of a hero in uniform!! fantasy weapon!! light effect. hyper detailed. glowing lights!! intricate, elegant, digital painting, artstation, smooth, sharp focus ",3340040913
"portrait of Sean Connery wearing night gown, D&D, fantasy, elegant, intricate, bodyshot, highly detailed, digital painting, artstation, concept art, sharp focus, illustration, art by artgerm and greg rutkowski and alphonse mucha.",2668472831
"zeus with white beard and hair, lightning bolt in zeus's hand, hearthstone art style, epic fantasy style art, fantasy epic digital art, epic fantasy card game art, zoom out ",1860041215
"game asset of purgatory weapons parts, guns and sniper, in gouache detailed paintings, props, stylized, 2 d sprites, kitbash, arcane, overwatch, blue and pink color scheme, 8 k, close up ",1759633517
"eddie munson playing guitar in blue hell with bats swarming, cinematic, dramatic, super detailed and intricate, by koson ohara, by darwyn cooke, by greg rutkowski, by satoshi kon ",1225347572
"cinematic still of ariana grande in game of thrones, blueray ",2972788946
"amish buggy covered in nascar sponsor decals, long shot ",240022560
"faded photographs of american white spacesuit astronaut in postapocalyptic abandoned destroyed berlin, wrecked buildings, destroyed flipped wrecked cars, polaroid photo, vintage, neutral colors, rainy day, by gregory crewdson ",4117796305
"portrait bastion in overwatch ， prepare for battle, highly detailed, digital painting, artstation, concept art, side backlight ， sharp focus, golden ratio, smooth, octane render, sharp focus, artstation,, by nesskain hks, mucha, alex flores, 4 k, jordan grimmer, beeple ",2764023666
"photo of a giant humanoid of orange glowing color inside a giant dark rock cavern, next to a giant skyscraper with thousands of floors and bright yellow windows, in the Style of Artgerm and Charlie Bowater and Atey Ghailan and Mike Mignola, vibrant colors and hard shadows and strong rim light, Comic Cover Art, plain background, trending on artstation",3322182483
"A beautiful painting of Hopi kachina dolls, symmetrical features, cinematic lighting, soft bokeh, fantasy, modern, colourful, highly detailed, digital painting, artstation, deviantart, concept art, sharp focus, illustration, by alphonse mucha and Edward Hopper",2845534104
"Isaac is New York Comic Con 2022's headlining guest; he’ll be on hand not just for his very own spotlight panel, but photo ops and autograph sessions too. This is your chance to shake hands and snap a pic with Poe Dameron (from Star Wars), Marc Spector (from Moon Knight), Duke Leto Atreides (from Dune), Miguel O’Hara (From Spider-Man: Into the Spider-Verse), Gomez Addams (from The Addams Family), Llewyn Davis (from Inside Llewyn Davis), and Apocalypse (from X-Men Apocalypse), all at once.",2880730169
"ultra - realistic painting of a partially unrolled dead sea scroll in the style of the necronomicon with thamudic writing, dark, brooding, volume lighting, atmospheric lighting, painted, intricate, ultra detailed by leesha hannigan, thierry doizon, kai carpenter, well composed, best on artstation, cgsociety, epic, stunning, gorgeous, intricate detail, wow, masterpiece ",982796550
"male cyborg character with pointy long extended limbs, spider legs spider legs many legs fnaf, scifi, fantasy, horrific monster character, extremely long limbs, creepy, intricate details, octane render, digital painting, artstation, concept art, sharp focus, illustration digital painting, art by wlop ",1814108792
trollface variations - 9 ,3922484009
"a highly detailed male elf in full length, with white long hair, white clothes, bright blue eyes, artstation, DeviantArt, professional, octane render",3702985445
"a stained glassed window of knight with blonde hair being banished by a woman, in the style of beauty and the beast",200090111
"a man with black hair and beard, wearing a black jacket, white shirt and jeans, standing still, looking up, full body, sharp focus, illustration, art by greg rutkowski and alphonse mucha'' ",2087917325
"close-up, macro, fish eye lens view of a pile of cocaine",2067183916
5 5 mm photo of metallic black batman car like hot wheels model with a batcave as background ,3600926341
"hyperdetailed, rule of thirds, cinematic portrait with a 4 0 0 mm lens and bokeh under the dim lights of screens with colorful advertising at a lone realistic sexy model, face with artgram, wearing a sheer, wet, see through white dress, soaked in the rain, high heels, volumetric lighting, blade runner aesthetic ",3574169104
"realistic detailed portrait painting of a beautiful female zombie, nightly graveyard landscape background by Jean Delville, Amano, Yves Tanguy, Alphonse Mucha, Ernst Haeckel, Edward Robert Hughes, Roger Dean, masterpiece, cinematic composition, dramatic pose, 4k details, rich moody colours, blue eyes",3242800187
"closeup photo of combat tesla cybertruck hovering floating over wet dystopian cyberpunk city streets at night, mad max, action, speed, volumetric lighting, hdr, need for speed, gta 5, forza, ridley scott, makoto shinkai, syd mead, craig mullins, cinematic, fast and furious, blade runner, octane, 8 k, iso 1 0 0, 1 2 mm ",1938644067
meme about the end of the world ,4223303715
"portrait of a man with skullface smoking cigarette who stares intently with skulls, highly detailed oil painting, 8 k, by francis bacon, edward hopper, soft light 4 k, red and blue and yellow colour palette, cinematic composition, cinematic lighting, high quality ",2394760420
a cute puppy in disney art ,232003946
northern lights in the night sky over iceland ,1883061763
"tilt shift, 3d colorful, style backdrop, light refraction, light reflection, real texture effect, extremely detailed, avantgarde, render, octane, artstation",3962773013
"fantasy movie scene greg rutkowski digital painting of an ornate and royal egyptian antechamber tomb with a old twisted wooden staff weapon with a blue crystal at it's tip laying on a stone altar, unreal engine, hyper realism, realistic shading, cinematic composition, blender render, octane render, hdr, detailed textures, photorealistic, 3 5 mm film ",60234980
"a high quality photo of rainbow rose, 8k, photorealism, professional",2944326143
"a goddess standing at the top of a staircase, a chandelier hanging from a filigree ceiling, a crowd of people in a vaulted hall, cyberpunk, hdr, hyperdetailed, octane render, cgsociety, ray tracing, ornate, roman, 6 4 megapixel, nvidia geforce rtx 3 0 6 0 ti graphics, polished, wet brush ink painting, photorealistic, cybernetics, by mohamed redia ",2230261009
"refined oil painting co - oli - ver - ti - godlessness phalopathy - mescaline dramatic lighting, extremely detailed, sharp focus, cast shadows, vibrant, digital art ",1274465265
"portrait roaring Cillian Murphy in Peaky Blinders cry of pain, screaming pain, suffering, doom beautiful face, Perfect detailed face, front view dramatic, gloomy, dark, bleak, cheerless, desolate, impressive, tragic, cinematic dull colours, dark colour scheme, atmospheric by Christopher Nolan",3370795916
"a 2 d minimalistic surreal childlike naive portrait painting of a magical horse monster with two heads, daniel johnston leonora carrington colored pencils minimalistic childlike 2 d small detailed brushstrokes masterpiece simple minimal jagged edges ",902027384
"portrait of teenage girl with long glossy red hair, blue eyes, glowing skin, fashion model features, fantasy, intricate, elegant, dress shirt and tie, highly detailed, digital painting, artstation, concept art, smooth, sharp focus, illustration, art by Krenz Cushart and Artem Demura and alphonse mucha",2462007101
"gothic princess portrait. by casey baugh, by rembrandt, mandelbulb 3 d, turquoise rust ",1718438900
"thick chubby filipina superhero, pyrokinetic, sly grin, fully clothed, exaggerated perspective, beautiful detailed face, bright blue hair, action pose, comic book style, highly detailed, dynamic shadows, dynamic lighting, geoff johns, jason fabok, jason fabok, brad anderson, splash art ",832447084
"a film still japanese teens sunbathing on a sunny beach in summer, finely detailed features, closeup at the faces, perfect art, dramatic light, trending on pixiv fanbox, painted by greg rutkowski makoto shinkai takashi takeuchi studio ghibli, akihiko yoshida ",1492328177
"a highly detailed digital painting of a king singing karaoke, artstation ",200663797
"dark - colored pomeranian dog portrait in profile, cute and adorable, pretty, beautiful, art portrait, matte fantasy painting, deviantart artstation, by jason felix by steve argyle by tyler jacobson by peter mohrbacher, cinematic ",3987572439
"snakes in the wood by Jakub Rozalski, lomography photo, blur, monochrome, 35 mm",3744920258
"hulking herculean ogre jesus christ, on the cross, masterpiece, intricate, elegant, highly detailed, digital painting, artstation, concept art, smooth, sharp focus, illustration, art by artgerm and greg rutkowski and alphonse mucha and uang guangjian and gil elvgren and sachin teng, symmetry!! ",3120772727
"a retrowave aesthetic style artwork of a paradise garden, a land of the dead, divine, hazy, volumetric lighting, snowy summits in the background, vast turquoise lake, lush flora, empty, spacetime bending, very detailed, serene, gold accents, washed out colors, beautiful artwork, master level composition, raytracing ",4201219925
a photo of the youtuber jaystation ,1828877966
thierry ardisson ,4140493834
"anime girl Playing the violin instrument , digital Art, Greg rutkowski, Trending cinematographic artstation",419601997
"photorealism oil painting, portrait of cyborg fashion model with beautiful eyes, black scarf, ocean background mixed with generative art from artblock, in style of classicism mixed with 8 0 s japanese sci - fi books art ",553183328
"a beautiful landscape, majestic skies, oil painting, by greg rutkowski ",2341775637
"MRI image of the brain, highly detailed",3156360608
Nikola Tesla in the style of rick and morty,1493383031
"beautiful girl protrait in a suit, character portrait, james gurney, character concept style trending on artstation, detailed face, concept art, detailed, octane render cinematic, photo-realistic, 8k, high detailed",2230636098
"[ beautiful view to space ]! from large window!! on a spaceship, trending on artstation, pictorially depicted by greg rutkowski, [ 4 k digital art, [ synthwave art style ]!! ]!!, sci - fi art, photorealistic, { neon }!!! ",2412726290
"A full body portrait of a new antihero character with a metal wolf mask art by Joe Madureira and Marc Silvestri, 4k, detailed, ominous, mysterious",4064671999
concerned russell crowe wearing a big pirate hat standing behind a rainy dirty window and wooden wall peering out towards the camera ,866457530
"risograph grainy drawing vintage sci - fi, satoshi kon color palette, gigantic gundam full - body covered in iridescent dead coral reef 1 9 6 0, kodak, with lot tentacles, natural colors, codex seraphinianus painting by moebius and satoshi kon and dirk dzimirsky close - up portrait ",3671641610
"octane render portrait by wayne barlow and carlo crivelli and glenn fabry, a man wearing a giant rubber kaiju costume inside a 1 9 8 0's mall, cinema 4 d, ray traced lighting, very short depth of field, bokeh ",3265105019
"symmetry!! portrait of snake alien in the style of horizon zero dawn, machine face, intricate, elegant, highly detailed, digital painting, artstation, concept art, smooth, sharp focus, illustration, art by artgerm and greg rutkowski and alphonse mucha, 8 k ",1695583238
"Old wrinkled man being surprised in steampunk outfit, attached to wires. Dark, intricate, highly detailed, smooth, in style of Stanislav Vovchuk",1987279028
lana del rey kneading raw meatballs ,3683324537
Gundam by Yoshitaka Amano,2456315647
"female warrior, lovely delicate face, beautiful woman, close - up shots of faces, white shoulder length red hair, oil painting, intricate armour costumes, light and shadow effects, intricate, digital painting, art station, concept art, cold tones, sharp focus, morandi color scheme, sharply shaped, illustration, 4 k wallpaper, masterpiece, gorgeous, art by reiq, art byilya kuvshinov ",1094131493
"trump sneezing purple, caught on 4k",916493055
"a head and shoulders portrait painting of an anthropomorphic!!!!!!!!!! amazon milk frog!!!!!!!!!! wearing a colonial outfit without a hat looking off camera, a character portrait, american romanticism, oil on canvas, soft focus ",27489808
"Giant Mushroom Dripping Viscous Blobs of Purple Liquid from its Cap, Deep Forest, Overgrowth, fantasy, digital illustration, realistic, trending on artstation, volumetric lighting, ultra detailed",864775101
"tiny spaceship, deep space exploration!!!, flying, the expanse tv series, industrial design, the final frontier, illustrative!!, punk!!!, space pirate, hyperdetailed, hyperrealistic, utilitarian cargo ship, underexposed, cinematic lighting, 4k, wide angle, beksinski",1885716863
"jurassic park scene of a single t - rex standing on a rocky ground, clouds, sun behind clouds, lighting effects, cinematic, 4 k, jurassic world, vray render ",3408225194
"sioux camp, gouache, animated film, stylised, illustration, by eyvind earle, scott wills, genndy tartakovski, syd mead ",1754370461
"jay - z in game of thrones as jon snow with sunglasses movie still, cinematic lighting, ray tracing, octane render, long lens, shallow depth of field, bokeh, anamorphic lens flare, 8 k, hyper detailed, 3 5 mm film grain ",3599746692
"sci fi time travel blockbuster in 5 minutes from now, from 5 minutes ago. ",943612310
"photograph of tafira mountain, hyperrealistic, dynamic lighting, ",3337132623
vladimir zelensky hugging vladimir putin. photo from new york times,1079477759
"a rustic woman wearing medieval armor, detailed face, redhead, by greg rutkowski, mandy jurgens ",3432847276
"weeping languid extasy, skull in hands detailed mixed media collage with canvas texture in style of contemporary art, punk art, realistic beautiful face, photorealism, expressionism, masterpiece, perfect composition, spectacular quality, intricate oil details, broken glass photo, torn paper intricate texture ",4280956306
"potatoes playing chess, cute animation style",3465928902
"A gigantic Worldslayer, flying in the sky, in the style of Hachmyta and greg rutkowski and thomas kinkade, cinematic, detailed, epic, trending on artstation",909726207
"a young woman wearing a jurassic park t - shirt is playing a digital piano, sheet music, concept art, digital art, trending on artstation, close up shot ",173225015
"an epic and beautiful rococo painting of a water-level view of Noah’s ark with the bow of the ark lifting out of the water in the turbulent swells of a violent stormy ocean. In the distance, a silver disc-shaped alien craft hovers high above the ark, dramatic thunderous sky. breaking light. light particles. ultra-detailed. Anime, pixiv, UHD 8K CryEngine, octane render",682386668
"solarpunk Commonly used technological items powered by renewable energy, cgsociety, ArtStation, concept Art ",3401315583
"half - length portrait of a human male paladin, screaming, emotions, dramatic. fantasy, digital painting, hd, detailed. ",578729131
"in the black storm, gnarled trees on a darkling plain, tree roots, drawn by christan delort and jean gireaud, low camera, wide angle, centered composition, golden ratio ",834894050
nicolas cage as gandalf the grey,3549946179
"a kitchenaid mixer, its bowl overflowing with plants, flowers, twigs, and branches, being mixed, mess, concept art ",2867739028
"masked skateboarder smile on face pop art, pixel, gta vice city art style, face features, body features, ultra realistic art, digital painting, concept art, smooth, sharp focus, illustration, intecrate details, elegant, confident posse, art by mark millar and richard hamilton and mimmo rottela, kirokaze and paul robertson ",3129754690
"the non-binary deity of Spring, resembling a mix of Grimes, Aurora Aksnes, and Zoë Kravitz, in a style blend of Botticelli, Möbius and Æon Flux, stunningly detailed artwork, very fine inking lines",1269498970
"a stormtrooper head with painted durch ceramics, art pottery, delftware ",3078441089
creature by rj palmer greg rutkowski trending on artstation ,2179491044
"beautiful render of a motorcycle, closeup, highly detailed, 8 k, octane, unreal engine, cgsociety ",799487576
"realistic vibrant ultra clear sideview waist up portrait of mysterious hybrid hop human!!! leatherface texas chainsaw massacre hop by marc simonetti mike mignola jeff easley peter elson rene magritte, embellishments by maria sibylla merian, symmetry face, baroque, gothic, surreal, highly detailed, intricate complexity, epic composition, masterpiece award winning artstation ",3743663987
"photographic stil of beautiful model, a human robot woman, beautiful artificial body with artificial bones and artificial flesh, cables, tubes, westworld style, medium - shot, insanely detailed, photorealistic, beautiful soft light, octane render, by annie leibowtiz ",3431202837
"metabots medabots medarotto medarot robot minimalist comics, behance hd by jesper ejsing, by rhads, makoto shinkai and lois van baarle, ilya kuvshinov, rossdraws global illumination ray tracing hdr radiating a glowing aura ",2060932894
doug walker with a head full of hair ,3170139097
"closeup portrait of a noir steampunk detective with pipe, monocle, cape, a dark storm closes in over the city, rain, mist, smoke, intricate colorful cosmic smoke magic, baroque gothic victorian interior cyberpunk city vista, 8 k, art by steve mccurry, artgerm, andreas rocha, hiroshi nagai ",51173729
! dream portrait of a beautiful winged goddess with horns wearing an ornate black robe by tom bagshaw ,2267306523
"killer frost by charlie bowater and titian and artgerm, full - body portrait, intricate, face, elegant, beautiful, highly detailed, dramatic lighting, sharp focus, trending on artstation, artstationhd, artstationhq, unreal engine, 4 k, 8 k ",555005972
"A beautiful digital illustration painting of a recursive floral/quartz/golden portal built by old race of space engineers in an ancient desert on harsh exoplanet Gliese 531c, 8k resolution deviantart, trending on ArtStation, concept art, ultra detailed, dramatic lighting, digital illustration, HDR",3314682879
"A colored colorized real photograph of Jerma985 as an elderly guy, taken in the early 2020s, taken on a 2010s Camera, realistic, hyperrealistic, very realistic, very very realistic, highly detailed, very detailed, extremely detailed, detailed, digital art, trending on artstation, headshot and bodyshot, detailed face, very detailed face, very detailed face, real, real world, in real life, realism, HD Quality, 8k resolution, intricate details, colorized photograph, colorized photon",1322366385
"bunraku puppet, lone old woman walking pulls some fur from the chest of a big bear, beautiful blue kimono, side view, studio lighting, sigma 8 5 mm f / 1. 4, hd, 8 k ",2636510059
to ,822020597
"cyberpunk dreaming by corne eksteen, joseph lee, joshua miels, kim kei, jonas burgert, matthew stone, beksinski impasto painting, takato yamamoto, multicolored palette knife, blacklight art, sharp, pop surrealism, 8 k, hd, hyper detailed, masterpiece. ",1753557817
"a spider with the body of a lemon, photography, yellow, ",4057605835
dolphins quartz lobster ≈ crystalliarianagrande resin aluminium distortion dancwatercolor distortion distortion distortion fractal transparenluscious vinyl clearwater charli electronic static wikileaks ambient polymer ,531983915
"a couple sitting on a park bench, blueprint",559058111
"digital art pastel goth aesthetic, messy room, high contrast, vaporwave, highly detailed, by asano and hirohiko araki ",1322066515
"a mad scientist mutating into a monster because of spilled chemicals in the laboratory, wlop, trending on artstation, deviantart, anime key visual, official media, professional art, 8 k uhd ",2695720267
"highly detailed portrait!!! of an innocent boy with water powers and spikey hair by masayoshi tanaka, in my hero academia, in attack on titan, 8 k, anime!!!!!!!!!!!!!!!, trending on artstation, big eyes!!!!!!!!, detailed eyes, official media, blue eyes ",2444564017
"a wombat sneaks up behind an old man with grey hair, they're in a grass field, photorealistic 8k",2680725226
"gates of heaven, expressive eyes, floating, radiolaria, protophyta, micro - organisms, center frame, symmetric, rim light, marine microbiology, bioluminescence, electric, fur, soft, concept art, intricate details, highly detailed, colorful, photorealistic, disney pixar, octane render, ",1091006093
"the portrait of the absurdly beautiful, graceful, elegant, gorgeous, sensual black young goddess made of crystals, an ultrafine hyperdetailed illustration by kim jung gi, irakli nadar, intricate linework, bright colors, octopath traveler, final fantasy, unreal engine 5 highly rendered, global illumination, radiant light, intricate environment ",1255362083
"tiny thundercloud!!! inside a glistening low - poly marble cavern, saturated jupiter tones!!!, rare white eagle standing on the edge, lighting hitting the ground, backdrop by johfra bosschart, high contrast, very high detail, octane render, ray - tracing, specular highlights, trending on artstation, 4 k, wallpaper ",1935636944
"a digital painting of a ancient greek satyr wearing a mask playing a guitar, young handsome pale roma, grim dark jester from gwent cards, a character portrait by senior character artist, polycount, vanitas, sketchfab, speedpainting, zbrush ",1765564887
"steve buscemi being attacked by elves, canon eos r 3, iso 2 0 0, 1 / 1 6 0 s, 8 k, raw, unedited, symmetrical balance, in - frame ",2047267905
Jeff Bezos. Regret. Zdzisław Beksiński,1261927910
cybernetic girl among ancient ruins by waterhouse,1114637439
Astronomical satellite view of nearest star image as a small single round slice of salami,1677996550
Star Wars concept art of gigachads,2913741055
"tattoo sketch of beautiful greek goddess aphrodite, bow and arrow, beautiful piercing eyes, flowing blonde hair, realistic face, hyper realistic, in the style of greg rutkowski, fantasy, amazing detail, epic, intricate, elegant, smooth, sharp focus ",3816010150
"game asset of the sims star citizen utensils of nozzle thrust rocket, in gouache detailed paintings, props, stylized, 2 d sprites, kitbash, overwatch, 8 k, sharp focus ",1712888545
an amazing tattoo of star fox,974305279
"a photo of a lizard - person, reptilian, scales, leather, slit pupils, photorealistic, ( ( ( ( ( liz truss ) ) ) ) ), trending on artstation ",2902686235
"photo of the statue of liberty, worm\'s eye view, very low angle, digital art",749711615
"movie still of man super villain cyborg, cinematic composition, cinematic light, by yoshikata amano ",3287681182
"A man doing a backflipping in the street, eye-catching , dramatic, photographed by Henri Cartier-Bresson on a Leica camera",2785429748
"giant interdimensional rock creatures fall from the sky, a vast landscape, awe inspiring, wide angle, cinematographic photo, subtle lens flare",119205083
"siamese fighting fish splash art graphic design color splash high contrasting art, fantasy, highly detailed, art by greg rutkowski ",2662716979
"Kitty at the bakery counter,Beatrix potter",340361687
"a cute cyberpunk hamster as a supervillain, steam punk, gothic, 4 k ",2182670310
ash ketchum the pokemon trainer as a sith lord ,2641926081
"a portrait of a beautiful young male wearing an alexander mcqueen armor made of honeycomb , photographed by andrew thomas huang, artistic",4178338103
"Jedi playing pool using lightsabers as cues, in a hazy dive bar",3969769048
"a muscular green! pepe frog jumps to the sky to become one with the stars, cosmos, moon, by mucha and caspar david friedrich, atmospheric lighting, intricate detail, cgsociety, hyperrealistic, octane render, rpg portrait, ambient light, dynamic lighting ",931696969
"glamorous and screaming divine mind blow, detailed analogue mixed media collage with canvas texture in style of contemporary art, punk art, realism, realistic photo, expressionism, masterpiece, spectacular quality, intricate oil details, broken glass photo, torn paper intricate texture, large cracks, liquid glue spots ",845486794
playing basketball in a courtroom ,2346903733
"retrofuturistic portrait of a desert wanderer, hood and cloak, space graphics in background, close up, quint buchholz, wlop, dan mumford, artgerm, liam brazier, peter mohrbacher, raw, featured on artstation, octane render, cinematic, elegant, intricate, 8 k ",175782893
"lacrosse player, highly detailed, 8k, intricate, Albrecht Durer style",3544205173
"an astronaut in a recording studio, looking at a glowing computer screen, using roland tr - 8 0 8 with his left hand and a roland tb - 3 0 3 with his right hand, there is not gravity in the recording studio and everything is floating, illustrated by greg rutkowski, [ digital art, synthwave art style ]!! ",1564726074
"chris rock is fighting and arguing with will smith, shadow harsh lights, dramatic scene, hyper detailed, cinematic lighting, studio quality, smooth render, unreal engine 5 rendered, octane rendered ",3620755735
"portrait art of death 8 k ultra realistic, lens flare, atmosphere, glow, detailed, intricate, full of colour, cinematic lighting, trending on artstation, 4 k, hyperrealistic, focused, extreme details, unreal engine 5, cinematic, masterpiece ",140009713
"a 1 6 0 0 s framed portrait painting of danny trejo holding a skull, intricate, elegant, highly detailed ",1563084469
"tintype photo, girl with horns ",2707921799
"retrofuturistic portrait of an asian woman in astronaut helmet, smooth transparent visor, reflective gradient, space graphics in background, close up, quint buchholz, wlop, dan mumford, artgerm, liam brazier, peter mohrbacher, raw, featured on artstation, octane render, cinematic, elegant, intricate, 8 k ",3062882665
"photographic portrait of a wrinkly sad max ernst hairless cat, editorial ",2279682753
shield fantasy epic legends game icon stylized digital illustration radiating a glowing aura global illumination ray tracing hdr fanart arstation by ian pesty and katarzyna da „ bek - chmiel ,2940260437
"awesome logo on jar of a brain and mushroom and pills with dark techno. synthwave colours, in the style of spirited away, hyperrealism, photography, sharp focus, lush detail, award winning, ",831211682
harley quinn in a swim suit by artgerm and guweiz ,2127155551
A 1980s Singaporean propaganda poster,273999681
"a full character portrait of miqo'te, by ross tran, akiko yoshida, hyper detailed, digital art, trending in artstation, cinematic lighting, studio quality, smooth render, unreal engine 5 rendered, octane rendered ",1126938916
"joe biden as a steampunk cyborg, scifi ",1006527456
"a melted glowing snowman melting on top of the sun. the ground is made of fire and lava and is glowing orange. cinematic, dramatic, epic, volumetric lighting, atmospheric, red, orange extremely coherent, masterpiece, highly detailed, trending on artstation, 8 k, space, warm, solar flare, blade runner 2 0 4 9 ",762037936
"Portrait of a modern British army squad in full gear sprinting sprinting through enemy territory, cinematic lighting, front lighting, 4k, award-winning, by Greg Rutkowski, combat, intense, motion blur, bokeh DOF",123754729
"a cinematic still from weeoolapingo of yurno mcgignon, ((octane render, nvidia raytracing demo)), masterpiece, ((waves, beach))",505162111
"a young woman's face, her hair is chrome and she wears an cobalt blue satin cloak, by ivan aivazovsky and syd mead and moebius and gaston bussiere and roger dean and pieter claesz and paul delaroche and alma tadema and aelbert cuyp and willem claesz, hyperrealistic, volumetric light, octane render ",4033307931
"detailed full body concept art illustration 4k matte painting of an anthropomorphic capybara cowboy in full cowboy clothing, biomutant, ultra detailed, digital art, octane render, 4K",2263933369
pov image of drawing a sketch self portrait by artgerm and magali villanueve and michael whelan ,3943829090
"joker, serious, paint by greg rutkowski ",985828225
the gender fluid ,3391138396
"photo taken of an epic intricate, ultra detailed, super realistic stop motion puppet of a majestic gracious regal aristocratic brunette female vampire in a graveyard filmset created by weta workshop directed by tim burton, menacing, close up shots, moody night time scene, photorealistic, sharp focus, gloomy, extremely cold blueish colour temperature, 3 5 mm, f 1. 4 ",2425383150
"walter white, made with sticky notes",719812102
"milky man, light stubble, digital art, photorealistoc, art by greg rutkowski, hyperdetailed, western comic style, comic, comic style, sharp lineart, professional lighting, deviantart, artstation, trevor henderson, rossdtaws, cinematic, dramatic ",4154303043
"Arnold Schwarzenegger on the moon, publicity portrait photograph",979408804
"realistic scene of red and green power rangers in war, ultra realistic, 8 k ",603024549
hyperrealistic mark ruffalo on a cereal box with a trippy surrealist mark ruffalo portrait with big fat sausages and dart boards by aardman animation and Kotobukiya,1750363184
"a group of finnish norwegian swedish scandinavian attractive glamour models wearing 1 7 th century bodice with low neckline walking at mountain in a sunny day, jodhpurs greg manchess painting by sargent and leyendecker, studio ghibli fantasy medium shot asymmetrical intricate elegant matte painting illustration hearthstone, by greg rutkowski by greg tocchini by james gilleard ",1145716558
"futuristic woman, portrait, Cyberpunk, glowing skin, beautiful girl, red hair, ginger hair, dark fantasy, extremely detailed, sharp focus, model",2376225703
"a saiyan zombie blonde, tristan eaton, victo ngai, artgerm, rhads, ross draws ",4226606471
"Giant Scott Lang (Ant-Man) crushes a miniature car, photography by Julia Fullerton-Batten",759227667
"A beautiful painting of A Torii over a plain,sunset,dim by Zdzisław Beksiński and Ilya Repin,In style of Post-Apocalyptic.digital art, illustration,hyper detailed,smooth, sharp focus,trending on artstation,oil on the canvas,4k",4001566076
inside the jungle of giant tree - sized roses by greg rutkowski ,1285630142
superman punching a hole through earth,862823450
Maradona birthday party photos,1743600035
A sphere made of kitchen tile. A sphere with the texture of kitchen tile.,559759923
kodak portra 4 0 0 homer simpson sweating on ecstacy infront of lisa simpson in a nightclub smoking area ,3781336359
"gigantic and forlorn pieces of furniture loom in the distance of a dreary, misty landscape painted by Caspar David Friedrich",2648511743
"Boris Johnson as Thor with Mjolnir, Boris Johnson hairstyle, full body realistic portrait, highly detailed, muscular body, digital painting, artstation, concept art, smooth, sharp focus, illustration, cinematic lighting, art by artgerm and greg rutkowski and alphonse mucha",2200183451
"woman, full length portrait, photo, 1 9 1 0 ",1456348509
a spanish meme about mario ,2952436488
"a full body overview polaroid portrait of a 1 9 8 0's disney schoolgirl posing, posing at bedroom, finely detailed features, closeup at the faces, perfect art, luxury hotel room, gapmoe yandere, trending on pixiv fanbox, painted by craig mullins makoto shinkai takashi takeuchi studio ghibli, akihiko yoshida, ",551207811
"portrait of a respectable dignified royal business elite politician standing on top of a finely set table calmly stepping in the food art by anders zorn, wonderful masterpiece by greg rutkowski, beautiful cinematic light, american romanticism by greg manchess, jessica rossier ",2692701127
animal mask totem roots flower tribal feather gemstone plant wood rock shaman vodoo video game vector cutout illustration vivid multicolor borderlands comics by josan gonzales and dan mumford radiating a glowing aura ,144978966
"close up of winnie the pooh cooking a whole hog roast over a fire, cinematographic shot, by daniel f. gerhartz ",3048537157
"A contemporary artistic collage of 2001: A Space Odyssey film poster. Random shapes cut from fashion magazines, science magazines, and textbooks. Paper texture. 1968",1075190518
"A plethora of hi-tech battle spaceships in space flying to a grey barren metal planet, Warhammer 40K space nebula purple and pink stars in the background, cinematic lightning, 8k render, ultra HD",3653973759
bortus of the orville realistic,2306729728
"symmetry!! portrait of beautiful goddess of!!!!! super mario bros!!!!!, mithology, intricate, highly detailed, dynamic lighting, digital art, digital painting, artstation, wlop, sharp focus, illustration, art by artgerm and greg rutkowski and alphonse mucha, 8 k ",1695226878
"blue watercolor mountains with a pink and blue rising sun cloudy sky, soft colors",4064597001
view from inside a house on window with on it's border small cactus in pots. nostalgia. by tony sandoval ,387848685
"a wonderful crimson goddess with wonderful eyes, lots of branches, leaves and white berries of blackberries, wonderful eyes, symmetrical, fantasy, highly detailed, realistic, complex, fantasy, over - detailed, elegant, complex, dynamic lighting, hyperrealism, digital art, digital painting, artstation, wlop, clear focus, illustrations by filipe pagliuso and justin gerard ",362337552
roblox,690593064
"dragonfly in a bathtub in the alps, goats!!!!! on the grass ",2097647482
"geralt of rivia in cyberpunk 2 0 7 7, medium shot, background is filled with neon lights and futuristic vehicles, trending on artstation, ultra realistic, 4 k ",3306607646
"een huis gemaakt van kaas, foto ",2896768912
"woman leaving the house, cinematic lighting, establishing shot, art by jordan grimmer ",2463048636
"head portrait, full faced, 40 years old women, light smile, dark red hair, green eyes, in beige expensive historic clothing, high detail, digital art, medieval fantasy",3107310344
3d homer simpson,1553434290
"concept art by greg rutkowski, dog - shaped monster made of twisted flesh and reddish ooze, roaming the colony, looking rabid, in a claustrophobic, futuristic and brutalist environment, frightening and creepy atmosphere, scifi, highly detailed portrait, digital painting, artstation, concept art, smooth, sharp foccus ilustration, artstation hq ",751871207
"dolce & gabbana campaign featuring jar jar binks as a female cowgirl, long eyeslashes, huge juicy lips, big seductive eyes, unprocessed colors, # nofilter, shot by mario testino, realistic vfx simulation ",3480238428
"Stormy sky with the lightings in the clouds, cinematic render, light bulb in the background, depth of field, ultraphotorealistic, Full HD, 1128x191 resolution",1039960586
"a 3 d octane render of huge 3 floors luxury yacht, riva brand, italian design, professional shot, ultra detailed, hd ",3553242526
knight and samurai bowing to each - other in a field. style of hans giger and vincent van gogh ,1941202426
an airplane cockpit ,644416877
1950 autographed picture of Marilyn Monroe in color,2260922111
"handsome young frank dillane shirtless upper body portrait, clean cel shaded vector art. shutterstock. behance hd by lois van baarle, artgerm, helen huang, by makoto shinkai and ilya kuvshinov, rossdraws, illustration ",3985725399
"monk dressed in black in the forest, a thunderstorm, lightning in the night sky and a monastery in the background, medieval painting by jan van eyck, johannes vermeermedieval painting by jan van eyck, johannes vermeer, florence ",4155248330
"bedouin in white abaya with his hands raised towards the sky praying, he is in a mosque, concept art, intricate details, vibrant colors by anato finnstark ",3818511073
"cute miss mascot groudon groudon groudon super hero sticker art, cronobreaker, beeple game icon ",2810335484
"high detail fantasy digital art of a dwarf druid, beautiful, animals, nature - 4 n ",2405945559
"burning medieval castle and ferocious fire - breathing winged horse, ornate, beautiful, atmosphere, vibe, mist, smoke, chimney, rain, well, wet, pristine, puddles, red speckled mushrooms, waterfall, melting, dripping, snow, creek, lush, ice, bridge, cart, orange, green, stained glass, forest, flowers, concept art illustration, color page, 4 k, tone mapping, doll, akihiko yoshida, james jean, andrei riabovitchev, marc simonetti, yoshitaka amano, digital illustration, greg rutowski, volumetric lighting, sunbeams, particles, alan lee, trending on artstation ",3585473908
"bumble-dumbo bee-rat, cute fuzzy animal photo",3415644124
"TIME, by studio ghibli , By mc escher",2807481332
"epic view from a mountaintop, high mountains, digital painting, realistic render, 4k, 8k, photography, unreal engine, wallpaper, cinematic",31169956
hyper realistic unreal engine 4 render of a half - cat half - human asian jesus performing a miracle on a blind human ,2475779752
"portrait of a man by greg rutkowski, he is about 3 0 years old, short black hair with bangs, expression of fear and bewilderment, very tall and slender, he is wearing futuristic space gear, highly detailed portrait, digital painting, artstation, concept art, smooth, sharp foccus ilustration, artstation hq ",2133857698
"Painting of vietnam Huey Helicopters, above a forest, orange sun set, abstract, realism, 8k, high details, octane render, glow, war, 3d render,",3330720135
"character portrait of johnny bravo as doomguy rendered in unreal engine 5, art by van partible, octane render, ultra high detail, dramatic pose, 3 d, detailed shading, concept art, character design, trending on artstation, atmosphere, glow, vibrant colors ",2935579273
"a drawing of a dog holding a stick, concept art by don bluth, tumblr contest winner, furry art, concept art, official art, dynamic pose ",3976357677
cute claymation dinosaur 3d render,188144911
raiden from mortal kombat. pose. studio photo. vogue magazine cover with text. highly detailed ,3182501557
"stunning awe inspiring betty white as a ghostbuster in the movie ghostbusters, movie still 8 k hdr atmospheric lighting ",916624986
captain america on gymnastic class,3030543145
"paint brush strokes, abstract watercolor painting of rustic village, jettying, viking age, fog, ambient lighting, art by hans dahl, by jesper ejsing, art by anders zorn, wonderful masterpiece by greg rutkowski, cinematic light, american romanticism by greg manchess, creation by tyler edlin ",2888257081
"lara Croft trapped in spiderwebs as a big spider approaches, photo",1526676417
"tucker carlson as dolores umbridge, portrait, high quality, 8 k, soft lighting, realistic face, path traced, by frank frazetta, simon bisley, brom ",553492662
scene from the 1917 science fiction film Metropolis,1900627389
"polished wet lush obsidian catwoman raver cyborg : : madison beer : : weta disney pixar movie still photo : : hi - fructose, sci fi, novi stars, decadent highly - detailed digital painting, golden ratio, octane render, artstation, smooth, sharp focus, beeple, artgerm mucha, loish, wlop : : ",1402883395
"A photograph portrait of Jerma985 with short-medium length hair a combover wearing early 1970s menswear in the early 1970s, taken in the early 1970s, grainy, taken on a 1970s Kodak Camera, realistic, hyperrealistic, very realistic, highly detailed, very detailed, extremely detailed, detailed, digital art, trending on artstation, colorized photo",1652535653
"closeup of rusty shelby cobra, close up, extreme closeup, moss covered, desert, cracked dry lake bed, by Zdzislaw Beksinski, Norman Rockwell, highly detailed, soft lighting, 8k resolution, oil on canvas",1958876810
"liquid nitrogen with darkwater-cooling coolant flowing through latent representations of dark graphite caverns undergoing centrifugal forces, illuminated by computer circuitry sticking out the walls, high detail, high contrast, 90s low-poly render, 4k upscaling",128466539
"a portrait of an anthropomorphic cyberpunk metal skull, shredding an electric guitar by sandra chevrier, by jon foster, detailed render, epic composition, cybernetics, 4 k realistic, fender stratocaster, cryengine, realistic shaded lighting, sharp focus, masterpiece, by enki bilal ",214918759
album cover art for repaint paint akihiko yoshida ,3029517754
Albert Einstein as a young kid in school,3208216546
"A highly detailed rendering of a Cyberpunk hackers bedroom which has sophisticated hi-tech computers surrounded by messy cables, soft neon lighting, reflective surfaces, sci-fi concept art, by Syd Mead, highly detailed, oil on canvas",1575456383
"a full body portrait of modern day jesus wearing cream yeezy menswear collection by nicola samori, hat and hoodie, detailed, oil painting, hyper realistic, 8 k, yeezy collection ",4231505493
"a manuscript painting of Rayman in the style of the Rochester Bestiary, Ashmole Bestiary",3040673535
ultrawide angle colour portrait masterpiece photography of selena gomez eating a bowl of chili shot by annie leibovitz michael cheval miho hirano moebius josh kirb ,1139903241
"album cover by 4 ad for the band helvetica black, inspired by constructivist design, assemblage, minimalism, pop art ",241717560
" a single man traveling towards space with parachute, stars glowing in dark background, highly detailed",2033184511
"very cool man grey hair with piercing, face mask, streetwear, techwear, cyberpunk style outfit, full body, nose piercing, detailed portrait, intricate complexity, by greg rutkowski, cushart krentz, artgerm, ross tran, conrad roset, takato yomamoto, ilya kuvshinov. 4 k, cinematic, atmosphere, hyperrealistic, editorial ",3501182200
"portrait of a female cybergoth grim dark, dark, piercing eyes, exotic expression, esoteric clothing, photorealistic, highly detailed, mysterious lighting, artstation, smooth, sharp focus, art by michael whelan, artgerm, greg rutkowski and luis royo ",83779726
Michael Jackson slaps Elvis Presley in the face,3268266243
"a stunning GTA V loading screen with a beautiful woman with ombre hairstyle in purple and pink blowing in the wind, city streets, golden ratio, digital art, trending on artstation",3447794062
"a black and white cat!! wearing a top hat | vector art by hanns katz, character portrait by puru, furry art, deviantart contest winner | purism, concept art, flat shading, vanitas, ( ( bright green eyes ) ), full body shot!!, ( ( ( unreal engine 5 ) ) ), smoky! muddy background! ",3225037598
"an arresting! striking! beautiful!! portrait of a woman wearing a mask made of porcelain tiles in abstract geometric patterns, hyper realism, neural pointillism, octane, cgsociety, 8 k ",1981657784
rts game of second american civil war 2 0 2 2 ,1546290551
"kodak portra 4 0 0, wetplate, muted colours, 1 9 3 0 s award winning colour portrait of a crumpled blue and white striped bedspread. by saul leiter, insanely detailed, insanely intricate, depth of field, blueberry, aerial view ",897399434
"full body shot of a mech soldier holstering its rifle, Art Station, Trending on Artstation, cgsociety, concept art, cinematic, 8k, hyper detailed, ultra realistic, epic, high resolution, digital art, ultra high quality, sci fi, robot, sharp, 4k UHD, realistic, intricate, accurate proportions, art by Yi Yang artstation + StTheo + Alan Van Ryzin,",1915633279
"blue salamander newt in a grey tuxedo, bowtie, character icon portrait, vector art ",3778518218
"borderline chara glitching eyes undertale, descriptive art, oil painting, ultradetailed, artstation ",713016386
"a dnd dwarf riding a baguette,",2352792575
"fantasy, rococo palace, art deco style, cloud sky and moon night background, high detail, cinematic lighting, concept art, digital art, illustration, smooth, sharp focus, greg rutkowski, alphonse mucha, loish, wlop, trending on artstation, trending on deviantart ",2394980930
"Adam buxton and louis theroux have an ice bath, outside, cold, odd, depth of field, photorealistic",3063343856
"a painting of a woman with glasses and a bow tie, a portrait by Takashi Murakami, cgsociety, crystal cubism, made of flowers, made of crystals, maximalist",4156859086
"masterpiece, darling wash off in the rain, river of complaints seams stitches scars remain, scrape off, surreal, by jeffrey smith, rhads, digital art, highly detailed, artstation ",3451656063
"girl standing intricate illustration by krenz cushart, alphonse mucha, artgerm, trending on artstation ",1115924665
"girl wearing golden dress, grey hair, red necktie, cinematic, stunning, highly detailed, digital painting, artstation, hard focus, full body shot, illustration, art by artgerm and greg rutkowski and alphonse mucha ",3251016317
"hyperrealistic hyperdetailed elaborate minimalist half-lenght side portrait of a child, reading an interesting illustrated book. beautiful hands in the style of Michelangelo and Caravaggio. amazing textures. HD 8x no frame",4069786879
": fruit smoothie logo hyper - realistic, detailed, render by c 4 d octane, unreal engine, 8 k 3 d render ",2797642461
"photograph of a meditating centaur shaman and a striped werewolf feeding animals. surrounded by bulbous flowers, coral, animals and a few trees. river delta with cliffs under a blue sky of burning stars. painted by jan van eyck, max ernst, ernst haeckel, ernst fuchs and artgerm. trending on artstation, trending on cgsociety ",736482651
a church organ with pipes shaped like human larynxes made from malachite,3089392619
"Highly detailed portrait balzac in GTA V, Stephen Bliss, unreal engine, fantasy art by Greg Rutkowski, Loish, Rhads, ferdinand knab, Makoto Shinkai and Lois van baarle, ilya kuvshinov, rossdraws, Tom Bagshaw, global illumination, radiant light, detailed and intricate environment",4144372649
"old japanese man giving flower to his wife, sunny day, japanese village, mange style, hyperdetailed, artstation, cgsociety, 8 k ",386975254
"a massive ufo spaceship flying above a forest, impressionist painting ",1450792157
"Highly detailed and cinematic romantic period oil painting of a tardis tardis flying flying flying high over the battlefield at Waterloo, strong atmosphere, oil painting masterpiece by Rembrandt, dynamic lighting, 8K",3360534015
abstract art in the style of Cleo Zanello,3918499486
fashion dreamy digital reference sheet ball - jointed! plastic doll! weird! surreal! impossible high fashion clothing! beautiful hair! krenz cushart peter mohrbacher norman rockwell michael cheval gerald brom alphonse mucha beautiful detailed face strange unique design futuristic attire white background wtf ,2576297408
"a city made of block-like modules of wood and concrete and glass, city of voxels, illuminated windows, dramatic sky, light rays, aerial view, hyperrealism, 4k octane render, photorealistic concept art, highly detailed",2507595007
"safety inspector wearing orange safety vest and hard hat, starship cargo bay, nostromo, modular, cassette futurist, loose cables and sparks everywhere, alien 1 9 7 9, ron cobb, mike mignogna, highly detailed, safety labels, glowing buttons, green crt monitors, comic book, oil painting, science fiction, punk, grunge, used future, hdr light realistic detail - - ar 1 6 : 9 ",2454199998
"photo of elite members of a medieval army wearing silver armour and golden helmets, realistic, trending on artstation",1636068223
"nautilus spaceship dripping wet rising from the ocean, sci - fi concept art, by john harris, by simon stalenhag, by vincent di fate, stunning, award winning ",800332210
dinosaurs getting extinct. Digital Art. Trending on artstation.,1805348607
"sfumatto of the final judgement day, by leonardo da vinci ",2860951456
"stunning awe inspiring portrait of david bowie playing willy wonka, movie still 8 k hdr atmospheric lighting, highly detailed ",3223446311
anson mount as gerlat in the witcher 3 ,3819106837
"fashion catwalk! runway between towering waves, cinematic, concept art by shaddy safadi ",123133627
tupac and biggie in heaven,3377079053
"baba yaga, slavic folk fairytale, story, fable, dramatic, fantasy art, an ultrafine detailed painting, academic art, ornate, inticate, elegant, sharp focus, artstation, by pavel korin, viktor vasnetsov ",3809257416
"a portrait of a beautiful confident assassin woman, finely detailed features, closeup at the faces, perfect art, at a deserted city, trending on pixiv fanbox, digital painting, intricate brush strokes, painted by loish ",3857954397
"a beautiful bauhaus painting a soldier from wwii, helicopters. istituto luce archive el alamein, black and white, moholy nagy, high resolution design ",4187900181
"elaborate swarovski crystal faberge pocket watch crimson and rose gold diamonds opals rubies, 4 k, reflections ",2696920541
"japanese fan pattern, strong lines and bold colors, takashi murakami, digital painting, highly detailed, intricate, elegant, artstation, concept art, beautiful, ",969464248
"Two skinny exhausted figures wearing gas masks, draped in silky gold, green and pink, inside a decaying hospital room, outside a storm rages, world on fire, exasperated sadness, in the style of Francis Bacon, Esao Andrews, Zdzisław Beksiński, Edward Hopper, surrealism, art by Takato Yamamoto and James Jean",2269328408
chicken as a one-line drawing,786400703
"neuromorphic chip, human brain, neurons and synapses, integrated circuit, printed circuit board, detailed, in style of digital illustration",314458399
"dark incantations and mystical manuscripts on pages from necronomicon book drawn and written in blood, hyperrealism, realistic, dramatic lighting, octane render, highly detailed, cinematic lighting, cinematic ",3667884552
"portrait of darkseid, intricate, elegant, muscular, highly detailed, digital painting, artstation, concept art, smooth, sharp focus, illustration, art by artgerm and greg rutkowski and alphonse mucha ",321902948
"A Mesopotamian plague doctor, ambrotype",3846080233
"half life 2, giant eldritch horror, simon stalenhag, cityscape ",3367813013
"dimantled disassembled cyborgs on bridges and pipes walk huge cybernetic mega city in space, black and white, by nihei tsutomu ",3815035371
close - up of black oil on ground ,4191812607
"A hidden waterfall in the jungle, Ruins are visible, smokey scene, 8k, professional photography,",2913145958
"beautiful 3 d painting of a colourful house on a hilltop at midnight with small fireflies flying around, in the style of studio ghibli, artstation, unreal engine ",913259653
"a young man wearing 16th century clothes, sly expression, blonde, young simon baker, D&D, fantasy, portrait, highly detailed, digital painting, artstation, concept art, sharp focus, illustration, art by artgerm and greg rutkowski and alphonse mucha",1539467519
clown eggs hatching baby clowns ,814944677
"purple portal inside the dark forest, glowing, vibe, unsettling atmosphere, cinematic, epic, high detail, 8 k, hdr, high resolution, sharp ",1262329427
"close - up lamborghini starship landed next to a car, ludek pesek, exploding colored powder, rick guidice, chesley bonestell, lucien rudaux, rolf klep, fred freeman, george pal ",3475796306
"lady gaga and judy garland carpool karaoke, highly realistic, highly detailed, high resolution, 8 k 4 k, ",2686225674
a infinite grassy field. ,2405509306
"slavoj zizek, resin miniature, 2 8 mm heroic scale, games workshop, druid, citadel colour, osl, nmm, r / paintedminis, round base, fantasy ttrpg, dungeons and dragons, wild shape raccoon, reaper minis, trashcan terrain ",477082103
"simplistic space port in the style of the jetsons cartoon, retro line art, path traced ",3718707547
Kurt Cobain in Star Trek,2697022463
"water drop falling from wet human body, skin ",1170076906
Sleazy P Martini from GWAR,3019862287
"a view looking out of a cave of a dried up river bend running through a canyon surrounded by desert mountains at sunset on mars, purple sky, two moons, planet mars, moab, utah, a tilt shift photo by frederic church, trending on unsplash, hudson river school, photo taken with provia, national geographic photo ",2477083840
verymarykate,1239411384
"whimsical japanese woodblock print of a blue cat with red nose, digital fine art, silly, by ohara koson and ohara shoson and utagawa and hokusai and studio ghibli. trending. award - winning. featured. ",3749810086
"An anime Nendoroid figurine of Donald Trump, fantasy, figurine , product photo",402024779
"blue butterflies pattern separated artstation, concept art, smooth, sharp focus, illustration, cinematic lighting, art by artgerm and greg rutkowski and alphonse mucha - n 5 ",4068207731
"A studio photo of the supervillain Green Goblin as an old man, 50 years old, bokeh, 90mm, f/1.4",2386255103
"a beautiful fantasy painting of small floating sky rocks with hanging vines suspended high above the clouds, nothing below, just sky, volumetric lighting, cinematic, vibrant and powerful, unreal engine, featured on artstation, wide angle, by mohammad qureshi, douglas quan and jordan grimmer ",3602305993
"black background, nightmare, fear, insanity, simplified, minimal, classic professional vector logo by tom whalen ",159655790
"3 0 years old woman : : dark straight hair : : slightly overweight : : brown medieval cloting, natural materials : : high detail, digital art, illustration, realistic ",2585056578
8 k yoshitaka amano painting of upper body of a young cool looking lion beastman with white mane at a medieval market at windy day. depth of field. he is wearing complex fantasy clothing. he has huge paws. renaissance style lighting. ,3716849235
"A portrait of Gordon Ramsay in a chef uniform | geometric shapes, vibrant colors, spray paint, rounded corners | museum art",1668465360
"beautiful woman walking in the rain alone, hands in coat pockets, painted by krenz cushart, mucha, by studio trigger, by joaquin sorolla rhads leyendecker, by ohara koson ",2973126183
"portrait of beautiful young gothic maiden, cute anime face, cyberpunk, Warhammer, highly detailed, artstation, illustration, art by Gustav Klimt",2626678253
"detailed realistic beautiful young medieval queen face portrait by jean delville, gustav klimt and vincent van gogh, art nouveau, symbolist, visionary, gothic, pre - raphaelite, muted earthy colors, desaturated ",2734663993
"maximalist medieval foot soldier, by norman rockwell ",2163738416
"a drawing of a cyborg white unicorn with black and red mane and tail with cybernetic legs and forelegs standing upright like a person with a sword, cyberpunk art by ai - mitsu, featured on deviantart, dau - al - set, flat shading, apocalypse art, sci - fi ",2958545822
"A meeting of the council of elders, robed figures sat around a table, beautiful architecture, night time, stars visible, beautiful moon light, concept art, fantasy art, digital art by michal karcz, trending on artstation, highly detailed, 8k",1473550803
"Twin Peaks poster artwork by Michael Whelan and Tomer Hanuka, Karol Bak, Rendering of Drive with a Dead Girl, from scene from Twin Peaks, clean, full of details, by Makoto Shinkai and thomas kinkade, Matte painting, trending on artstation and unreal engine",2677546276
"imagine teen witch mage, girl, with round glasses, magic dust, by makoto shinkai ",20931657
Modern Spanish observatory of multiple telescopes scattered across the mountaintop  painted in romantic style by Martinus Rørbye,2086151297
"Underwater city of glass and spires, digital painting by Greg Rutkowski and James Gurney",44032308
"water vs. fire diptych, in the style of james jean and jean arp ",3114635385
cube in city van gogh ,3591849505
"snowfields under the stars, ",3523326951
"highly detailed photo of humachined, point of view : up, trending on deviantart, neo surrealism, sharp focus, 4 k, a lot of little details, octane, masterpiece, art by max ernst, art by jim burns ",3712020868
"astronaut cat, inked style ",3716771687
anime villain as a real guy named weird al yankovic ,1624296305
"leaning forward zingy portrait featuring a perfect dua lipa as a time lord, by ewelina kowalczyk and alessio albi, naturalism, steampunk, in - depth, lumen global illumination, 8 k, resolution, street art, steelpunk, photorealisstic, vibrant chromatic colors, chromatic aberration ",2814621920
"still of a vampiric creature hiding in a barn, horror movie, grainy, polaroid, found footage, great cinematography by scott derrickson ",3762088597
portrait of danny devito in futuristic metal armour by norman rockwell and mandy jurgens and john singer sargent,1590028436
"Astronaut floating through a rainbow space nebula, hyperdetailed, artstation, cgsociety, 8k",558547078
false - color image prosperous winnipeg ,1765100405
"dark goth queen with purple eyes, art by jeremy mann and alphonse mucha, fantasy art, photo realistic, dynamic lighting, artstation, poster, volumetric lighting, flowercrown, very detailed face, purple eyes, 4 k, night time, award winning dark, goth, queen, iris, black iris, dark fantasy, black, dark purple, flowers, octane render, hyperrealistic portrait, art by elysium, ",1923660079
"a wholesome animation key shot of a conference room full of executives and notes like a board room in skyscraper by studio ghibli, nicoletta ceccoli, mark ryden, lostfish, max fleischer, detailed and intricate environment, bloom, 8 k resolution, hyperrealistic, octane render, vivid colors, bright, cheerful, detailed and intricate environment ",887576759
"rugged cowboy, josh brolin, muscular, art by artgerm and greg rutkowski and magali villeneuve, d & d, fantasy, portrait, highly detailed, digital painting, trending on artstation, concept art, sharp focus, illustration ",4200940789
"a close - up rococo portrait of a futuristic iridescent mushroom alien elf - like creature standing in water, moss, and swamp. fireflies night time. rich blue colors, high contrast. gloomy, highly detailed 1 8 th century sci - fi fantasy masterpiece painting by jean - honore fragonard, moebius, and johfra bosschart. artstation ",2044388898
"mid century modern american life style living room crazy devil interior by kelly wearstler, marble, black velvet, brass, mirror, glare, reflexes, animal skins, art, luxury, hyper realism, ultra detailed ",596067587
"made in abyss concept art, wlop, very detailed eyes, hyperdetailed, Unreal Engine 4k, 8k, ultra HD",2301240960
"art by heade, martin johnson and caspar david. mid - shot on a quiet beam of light fell on the molybdenite on the cave wall, which were covered with moss and fungi. light effect!! an explorer with a headlamp. background fog, super clear details, ultra clear material. octane render. cinematic lighting, intricate details. ",503239668
cube clouds ,2345393341
"danny phantom detailed closeup high quality illustration with sharp teeth glowing green eyes, sharp cinematic 8k award winning intricate detailed illustration, cute detailed digital art, trending on tumblr pixiv",636053887
David Tennant as Doctor Strange,1056130680
ghosts using witchcraft to do their math homework ,3791425930
"about twenty years after the black mesa incident, the g - man removes gordon freeman from stasis and inserts him into a train on the way to city 1 7. ",3834834247
"scary walking attacking full - body weird clay ghoul humanoid creature statue movie poster art, realistic concept art by norman rockwell weta studio tom bagshaw james jean frank frazetta, flowers, reference sheet, anatomy ",4222971685
", vector art style, centred full shot wide margins, intricate, elegant, highly detailed, digital art, ffffound, art by jc leyendecker and sachin teng ",2147342510
"2000s perfect 8K HD professional photo of close-up japanese schoolgirl posing in sci-fi dystopian alleyway, at instagram, Behance, Adobe Lightroom, with instagram filters, depth of field, taken with polaroid kodak portra",935472901
"a beautiful scenic painting of a zombie hand coming out of the ground holding a paintbrush, oil paint splatters, medium shot, by artgerm and wlop and wes anderson and spike jonze ",637421212
Snoop dogg in the slyzerin faculties,2078690128
"ultra realistic 8k octan photo, wooden art toys on base cute robot , concept art ,contemporary art gallery",344034847
"dark portrait painting of tracer from overwatch, in style of zdzisław beksinski, scary, horror, 4 k, feminine facial features, overwatch tracer character, horror, body horror, disturbing, detailed face, dressed in dark garment, black tendrils, tall, ",1198943845
"dreary realism portrait of masked diesel punk helmet on the art deco streets of the big city, artstation, award - winning realistic sci - fi concept art by jim burns and greg rutkowski, beksinski, a realism masterpiece, muted color palette, james gilleard, bruegel, alphonse mucha, and yoshitaka amano ",403747134
"tom hardy as wolverine, marvel comics, artstation, cartoon, elegant, highly detailed, digital painting, concept art, smooth, sharp focus, illustration, art by ghibli, makoto shinkai, don bluth, fujita goro, jean giraud, atey ghailan, akihiko yoshida, tom whal ",1386873755
A pixar movie about the Joker,755638995
"portrait of a gorgeous cross between a human and robot, award winning ",3697656531
"full body character turnaround of a woman in an orb weaver inspired outfit and mask, character sheet, spiderwoman!!!!!, john singer sargent, good value control, digital painting, concept art, running shoes, sharp focus, illustration, 8 k, black undersuit, black main color with yellow secondary color, realistically proportioned body, realistically proportioned head ",406852184
"no country for old men movie poster, disney cartoon",2405615323
"concept art of emma stone dressed as princess leia, star wars, focus on faces, digital painting, artstation ",3761460559
“ arthas the lich king with his sword on blue fire ” ,2038407287
"a beautiful empress crystal quartz portrait, with a brilliant, impossible striking big shiny crystal headpiece, quartz, clothes entirely made out of crystal quartz, black hair, crystal cave background, symmetrical, dramatic studio lighting, rococo, baroque, hyperrealism, closeup, d & d, fantasy, intricate, elegant, highly detailed, asian, digital painting, artstation, octane render, 8 k, concept art, matte, sharp focus, illustration, art by artgerm and greg rutkowski and alphonse mucha ",1225354697
"times square, watercolor in the style of louisa puller ",2854263694
"ozker balian, a cheerful turkish alchemist wearing shiny robes, wild grey hair, bushy moustache, digital matte painting, character art, cgsociety, artstation, artgerm ",4152088202
"ghost cleric with a shield, sunbeams, by peter mohrbacher, john avon, dan mumford, craig mullins nekro, close up, volumettic light, cgsociety, pixiv, 3 d render ",3457719767
old photo of criminals playing poker in a small worn out cottage. black and white. ,1714042195
"stockholm, painting by fernando zobel ",452174473
"high definition snapshot from a movie of a cat swimming in a lake. 2 4 mm, photorealistic, cat photography, professional photography, directed by wes anderson ",2678292517
"portrait of vlov arkhangel vampire of the ice and absolute zero, anime fantasy illustration by tomoyuki yamasaki, kyoto studio, madhouse, ufotable, square enix, cinematic lighting, trending on artstation ",23886251
"knight in armour on a horse, high detailed, contrast, high quality, by magali villeneuve and brom and artgerm ",3024896385
"Portrait, Malcolm Turnbull!! the Australian politician!!!, wearing a top hat, by John Constable",3840995583
Contamporary art fashion photography of ultra mega super hyper realistic detailed  group of monkey's in suits standing around very highly detailed stainless steel monolith situated in the desert. Photo shot on ultra mega super hyper Leica Camera ,2036606908
"Illustration of a sugar skull day of the dead girl, art by jason edmiston",632374260
Henry Cavill in The Elder Scrolls Skyrim,3591317247
jasminrstats vinyl blush 🔬 psychedultrasound nebula ,1563328522
"A Golden Retriever dog getting belly rub on a white bed, professional photography, 4k, high-resolution, bright",2635985131
"horizontally symmetrical. coherent. symmetry. absolutely centered. centered composition. symmetrical biomechanical, mask of a demon space by Roberto Ferri. beautiful princess. human skull jellyfish butterfly phoenix head. burning water. intricate artwork by Tooth Wu and wlop and beeple and dan mumford and greg rutkowski. halo. octane render, cinematic, hyper realism, octane render, 8k, depth of field, bokeh, hard surface modelling, flowers,. iridescent accents",1915151103
individual furry bugs bunny silk screen portrait banksy style ,3995937574
oil painting of saint sebastian human pincushion engulfed in hellfire beset by demonic beasts lovecraft ecorche painted by wayne d barlowe ,4239038480
photorealistic Cinematography of a man crying on the floor at night in a mid century modern apartment shot on film at magic hour in a room filled with volumetric haze by the shining Cinematographer john alcott on a cooke panchro 18mm lens .,2881511878
"discord banner of a beautiful landscape, sunset in the background, flowing art, sharp edge lines, complementary coloration, blue, green, red, purple, yellow ",1055168124
"surreal scenario in a city, synthwave, blurry, smooth",1263897855
"Enigma, digital painting, card game illustration, Android Netrunner",1627627488
"a detailed picture of beautiful woman with black hair, wearing a green cloak, running through a forest in a thunderstorm riding a horse at night, bolts of lightning, ominous, 4k, Greg Rutkowski",2534823332
"watercolor painting of young oak tree in portugal, art by hans gude, art by hans dahl, by jesper ejsing, art by anders zorn, wonderful masterpiece by greg rutkowski, cinematic light, american romanticism by greg manchess, creation by tyler edlin ",1068522934
"hyper realistic picture of the person who owns planet earth, photo, nikon, selfie ",2115743684
"breathtaking detailed digital painting of a pond full of numerous vibrant gilded intricated lotus with flying petals of gold, fisheye lens, view from the ground, big lotuses flowers in a sunlit blue sky whith plump white clouds, art nouveau mists stained glass, art by johannes voss, leonid afremov and anato finnstark, elegant, highly detailed, artstation, 8 k, unreal engine, hdr, concept art, matte, sharp focus, ",2403073767
"dark blue frog with dragonfly wings and yellow eyes, photorealism, oil paint, renaissance, 8 k, high detail whide shot ",593565585
a beautiful cyborg made of ceremonial stationary maske ,3207990786
"having a picnic with my alien family, trending on artstation, stock photo, 4 k photorealism, 4 k quality ",2668403874
" zombie!! michael jackson! cell shaded! scary head portrait of  michael jackson zombie cyborg as frazetta  concept art, llustration, postapocalyptic grunge, concept art by beeple, highly detailed, sharp focus,alien, HQ, 4K ,artstation",3757533908
"80s asian neon movie still with a lone man levitating on a pier overlooking the river at night with city lights behind his back. Fallen angels movie still.  hyperrealistic, high definition, medium format photography, highly detailed, tehnicolor, anamorphic 50mm lens",2941713993
"Detailed maximalist portrait a man lying on bed with large lips and with large white eyes, exasperated expression, botany bones, HD mixed media, 3D collage, highly detailed and intricate, surreal illustration in the style of Caravaggio, dark art, baroque",344591199
"werecreature consisting of human and crow, photograph captured in a forest ",2222738285
"alien spacecraft hovering over beautiful pool waterfalls surrounded by alien robots, steel archways, industrial buildings, rusty metal towers, sun setting, ross tran, fantasy, james jean,, cinematic lighting, digital painting, octane render ",2777093232
daguerreotype of a mexican gunslinger and gambler from the wild west ,2325930686
"portrait of a swedish woman wearing a traditional nineteenth century kingdom of sweden military jacket, metal shoulder pauldrons, intricate, highly detailed, digital painting, artstation, concept art, sharp focus, cinematic lighting, illustration, art by artgerm and greg rutkowski, alphonse mucha, cgsociety ",3167771796
"highly detailed exquisite fanart, of a beautiful female warframe, but as an anthropomorphic robot female dragon, glowing eyes, off-white plated armor, bright Fuchsia skin, royal elegant pose, bust shot torso up, epic cinematic shot, realistic, professional digital art, high end digital art, sci fi, DeviantArt, artstation, Furaffinity, 8k HD render, epic lighting, depth of field",520190636
"nick wilde ( from zootopia ), heavily armed and armored facing down armageddon in a dark and gritty reboot from the makers of mad max : fury road ",3842076248
"An epic fantasy comic book style full body portrait painting of a very beautiful vibrant holi nebulapunk girl, awesome pose, character design by Mark Ryden and Pixar and Hayao Miyazaki, unreal 5, DAZ, hyperrealistic, octane render, cosplay, RPG portrait, dynamic lighting, intricate detail, summer vibrancy, cinematic",674581162
water bottle shaped man ,332307261
"CHAPPIE In A Red Adidas Track Suit In Neo Tokyo with Die Antwoord and Aphex Twin DJing in the Background , full figure, stormy weather, extremely detailed masterpiece, low-key neon lighting, artstation, 2001: A Space Odyssey, Roger Deakin’s cinematography, by J. C. Leyendecker and Peter Paul Rubens and Edward Hopper and Michael Sowa",1356659199
"cloudy sky at sunset, oil painting, by kellie jacobs ",424853478
"🤸🏿♂🎉⚜🔥🕸💃🏽, hyper realistic photo, dusk, volumetric light, full colour, upscale, 8 k, masterpiece, ",437054297
"a golden crocodile in space with andromeda galaxy in the background, very high detail ",1772724048
Photorealistic 1979 black Ford f100 stepside pickup truck,1850821155
"isometriccyberpunkdiorama with puffy clouds, magical lighting, raytraced, photorealistic rendering. cinematic lighting, dynamic ",405827756
"a single bugatti type 5 7 sc atlantic and delorean hybrid, dslr, volumetric lighting ",1245260895
"Godzilla as a wise father figure, professional headshot, Portrait, LinkedIn",2968496127
"variety of gems spritesheet game asset vector art, smooth style beeple, by thomas kinkade hearstone league of legends dofus overwatch ",4123756033
"a fantast beauty detailed elf with mermaid tail adriana lima, with a curved sword, platinum white wavy long hair, white headband in the front with diamonds, jewelry body armor in golden and silver colors, pointy ears, detailed, epic masterpiece of cinematographic hyperrealism, realistic shaded lighting poster by craig mallismo, artgerm, jeremy lipkin and michael garmash, unreal engine,",2779117514
"universe cosmology quest a mental state, a closeup simple vector pop surrealism, by ( leonardo da vinci ) and greg rutkowski and rafal olbinski portrait of aggressive alien, d & d, muscular green, fantasy, intricate, elegant, highly detailed, digital painting, artstation, concept art, smooth, sharp focus, illustration, art by artgerm and greg rutkowski and alphon",3140884019
"extremely detailed movie shot portrait of a terrified screaming crimson face, in the court of the crimson king, majestic garden with fountains, by denis villenueve, arnold bocklin, jean delville, amano, alphonse mucha, max ernst, david lynch, dynamic composition, king portrait, 4 k, details octane ",3219249995
"sunrise within a perfectly spherical glass orb, highly detailed, award winning, pretty, ornate, 8k, art gallery ",2012790982
stuck in a dream ,2922115569
"no windows, dark palette emo black, fisheye, naive, extra narrow, detailed illustration of an unlit kitchen, large floor, octopus shaped by rhads from lorax movie ",1638588126
"yoshitaka amano blurred and dreamy realistic three quarter angle horror portrait of a sinister young woman with short hair, big earrings and white eyes wearing office suit with tie, perfect blue color palette, junji ito abstract patterns in the background, satoshi kon anime, noisy film grain effect, highly detailed, renaissance oil painting, weird portrait angle, blurred lost edges ",2850339723
"tattoo design, stencil, traditional, beautiful portrait of a girl with flowers in her hair, upper body, by artgerm, artgerm, digital art, cat girl, sexy",3612489199
"donald trump cancel his elections and goes to mexica, presidental elections candidates, cnn, fox news, fantasy, by atey ghailan, by greg rutkowski, by greg tocchini, by james gilleard, by joe gb fenton, dynamic lighting, gradient light green, brown, blonde cream, salad and white colors in scheme, grunge aesthetic ",1098543851
pennywise the clown hosting a childrens party ,3443024965
"cyberpunk pagani concept inspired gun, futuristic look, highly detailed body, aerodynamic body, photorealistic camera shot, bright studio setting, studio lighting, crisp quality and light reflections, unreal engine 5 quality render ",2500795284
ethereal empty onsen next to grand japanese architecture teahouse with floating red and gold lanterns and lotuses by greg rutkowski craig mullins ross tran mucha cozy zen garden glowing water lumen reflections matte painting concept art clear focus fantasy specular lighting global illumination trending on artstation ,869187860
"illustration of a sugar skull day of the dead girl, art by george burchett davis ",3567700563
sheldon cooper in whiterun,4253219664
"face icon vector minimalist x - men, loftis, cory behance hd by jesper ejsing, by rhads, makoto shinkai and lois van baarle, ilya kuvshinov, rossdraws global illumination ",4155739779
"male bedouin warrior with the sword of allah, highly detailed, nebula, galaxy, desert, gold filigree, romantic storybook fantasy, soft cinematic lighting, award, disney concept art watercolor illustration by mandy jurgens and alphonse mucha and alena aenami, pastel color palette, featured on artstation ",3898710792
"The blade of the ruined king, digital illustration, futuristic statues, glow in the dark, ethereal, the void, ominous background, very detailed, stylized, concept art, trending on artstation, high definition, by Riot Games, League of legends",3185821386
"portrait of joe biden, smiling down from above ( turned away ), artstation winner by victo ngai, kilian eng and by jake parker vibrant colors, winning - award masterpiece, fantastically gaudy, aesthetic octane render, 8 k hd resolution ",2498955163
"high intricate glimmering glass jar containing a snow covered christmas tree inside, 3 d sculpture, maria panfilova, andrea savchenko, mike kime, ludovic plouffe, qi sheng luo, oliver cook, david noren, trending on artstation ",2759778230
"a beautiful luminous matte painting of a singular pearlescent submarine squid octopus warrior temple, imposing its prismatic diamond aura across a tumultuous span of crystal gemstone luminescence in a deep sea mist aquarium nebula by greg rutkowski situated in a jungle chasm of bioluminescent fungi by beksinski, trending on artstation. ",214960625
emma watson inside an avocado ,1370677433
"john locke wearing super mario cosplay, plumbing jungle, detailed, centered, digital painting, artstation, concept art, donato giancola, joseph christian leyendecker, wlop, boris vallejo, breathtaking, 8 k resolution, extremely detailed, beautiful, establishing shot, artistic, hyperrealistic, beautiful face, octane render, cinematic lighting, dramatic lighting, masterpiece ",1462876325
"mount epic sunwalker kodo screenshot world of warcraft mounts worldboss fantasy comics that looks like it is from borderlands by jesper ejsing, by rhads, makoto shinkai alena aenami artworks in 4 k beeple, thomas kinkade heartstone league of legends dofus overwatch ",2380723715
"a beautiful painting of hills in the shire with round hobbit doors and windows, at night with a sky full of stars, intricate, elegant, highly detailed, digital painting, artstation, concept art, by krenz cushart and artem demura and alphonse mucha ",2429568887
SCP foundation logo,3382235135
"it is natural to die as to be born, salems revenge, amityville, rendered in pov - ray, style of greg rutkowski and junji ito and sam francis ",764529660
"fully armoured rooster in a dense jungle, mix of styles, hyper detailed ",4087582589
a three headed cat. octane renderer ,488067012
"white paper cup with horizontal red strip!!!, as race car on ice!!!, hyperrealistic, highly detailed, cinematic, volumetric sunlight, beautiful, cgssociety, artstation, 8 k, oil painting by greg rutkowski, by artgerm, by wlop ",3896514623
"3 d render face portrait of a goddess by alena aenami, clemens ascher, octane render ",913791087
1776 street performer,1476906329
"average redditor,8k resolution,funny",3351341232
"oriental dress of tifa lockhart by wlop, rossdraws, mingchen shen, bangkuart, sakimichan, yan gisuka, jeongseok lee, artstation, 4k",2577142015
a drawing made with charcoal and blood on a skin parchment showing an evil grinning billy bob Thornton.,3686536703
budapest made out of bacon ,901796315
nico robin by frida kahlo ,705473878
"beautiful ink sketch, a fairy by ilya kuvshinov, wlop and boris vallejo ",4279463344
"side - view portrait of yennefer from the witcher 3, black choker necklace, black jacket, tenth century stained glass window, very masterful ",2103092317
"portrait, DeathNote, watercolor, dramatic lighting, cinematic, establishing shot, extremly high detail, foto realistic, cinematic lighting, pen and ink, intricate line drawings, by Yoshitaka Amano, Ruan Jia, Kentaro Miura, Artgerm, post processed, concept art, artstation, matte painting, style by eddie mendoza, raphael lacoste, alex ross",1063490431
"two robot kiss, v - j day in times square ， alfred eisenstaedt ",4185091328
"a portrait of gemini mother earth vs alien technology character portrait made of fractals facing each other, ultra realistic, wide angle, intricate details, the fifth element artifacts, highly detailed by peter mohrbacher, hajime sorayama, wayne barlowe, boris vallejo, aaron horkey, gaston bussiere, craig mullins ",2474653133
"The Ayahuasca Spirit, by Liam Wong",759703654
Dragon Shiryū  from  Saint Seiya with his green armor by William Adolphe Bouguereau,2308252159
"late 1 9 th century, austro - hungarian!!! soldier ( handsome, 2 7 years old, redhead michał zebrowski with little mustache ). old, sepia tones, detailed, hyperrealistic, 1 9 th century portait by emil rabending ",1628788337
"steve jobs wrestling bill gates, quality photo, ",2068468009
a golden priest with a power and a scepter in his hands ,337284302
(((hyperdetailed elaborate minimalist photorealistic portrait of))) Leslie Knope taking the oath of office as president of the united states in the style of Caravaggio,365612927
a macbook laptop on a candle - lit table. painting in the style of rembrandt ,1299915964
"a photorealistic hyperrealistic render of scary fantasy dungeon interior by greg rutkowski, wlop, artgerm, dramatic lighting, strong shadows, volumetric, cinematic atmosphere, octane render, artstation, 8 k ",164996834
josh brolin as batman concept art ,1600856071
"beautiful anime portrait of anna paquin, by sherree valentine daines, peter mohrbacher, alice neel, donato giancola, mike winkelmann, laurie greasley. trending on artstation, 8 k, masterpiece, graffiti, fine detail, full of color, intricate detail, golden ratio illustration, face detail ",1323028303
"a beautiful cake made of chocolate and cookie dough, octane render",3087771859
"zerglings rushing towards black pontiac firebird trans - am driving towards the camera, norway mountains, valley, large lake, dynamic, cinematic, motionblur, volumetric lighting, wide shot, low angle, red glow in sky, large lightning storm, thunder storm ",134004210
detailed hyperrealism 3 d projection of 4 d s extremely highly detailed diabolic solarpunk landscape with many details hyperrealism still from denis villeneuve quint buchholz and caspar david friedrich and scott listfield and simon stalenhag surreal extremely detailed movie volumetric dark cyan light ,2254804241
linux terminal command prompt software networking packet capture cybersecurity hacking malware spyware adware ,2511156876
"a full body portrait of a girl with hair made of big eyeballs and ribbons, extremely beautiful and aesthetic and detailed eye, trending on artstation, pop music album cover art, illustration by peter morhbacher and makoto shinkai and frank moth ",889928537
"an oil painting of a trail rocks and gravel, at night, cinematic, by hans emmenegger, nicholas roerich, by seurat night, highly detailed, intricate, contrast, master, marvelous ",3608451161
"caricature style - portrait - art of an african boy wearing a baseball cap with wires and computer chips dangling from inside, character concept art, art style by james jean & jack davis, vfx, volumetric light, dramatic lighting, ray tracing, digital illustration, claymation style, unreal engine render, sharp, intricate detail, behance, artstation, pinterest, ",883178267
"anime girl in shorts with muscles, highly detailed, muscular, digital art, pixiv fanbox, artstation, by greg rutkowski, wlop, miyazaki hayao ",3906501268
"epic portrait of Mila Kunis wearing black choker, a very strong muscled Amazon heroine, sun beams across sky, pink golden hour, intricate, elegance, highly detailed, shallow depth of field, epic vista, concept art, art by Artgerm and Donato Giancola, Joseph Christian Leyendecker",3018589308
"cyberpunk robot, head, extremely detailed, pixel art, soft light, fantasy, digital painting, art station, fine details, by minecraft style ",3255646278
deeze nuts,4062071295
g 1 optimus prime surfing a tsunami wave by hokusai ,1842515285
"the loneliest highway in america, midnight ",3953453550
thousands millions of French fries filling the view stretching as far as the eye can see,3588734719
angels launching a nuclear attack on hell,1984448895
"A full body illustration of a male elf, silver hair, red eyes, muscular, attractive, command presence, royalty, weathered face, gritty, hard shadows, smooth, illustration, concept art, highly detailed, muscle definition, ArtStation, ArtStation HQ",634334244
"Futuristic man portrait, Cyberpunk, digital art",136967736
"portrait, trending on artstation, 3d, fantasy, social realism, abstract background, barocco, Frank Frazetta, Denis Sarazhin, klimt, Dean Ellis, Detmold Charles Maurice, levitation, simple form, brutal shapes",3539565823
"tiny cute an magic bottle, cinematic, intricate, surge round ， light dust inside, in the darkabstract, artstation, greg rutkowski, dan mumford, wlop, beeple, octane render ",3404039320
"close up of doctor who and the daleks in full leather armor, cinematographic shot, by daniel f. gerhartz ",1946530015
"bored bear at office, head leaning on paw with elbow on table, piles of paperwork ",1999841336
"Dall-E 2 art robot feels inferior, 35mm stock photo",4252616845
"buy life before rain!, sony 3 5 mm f / 1. 8 oss alpha e - mount prime, realistic, sketch and art by jacqueline e, mongezi ncaphayi, color by bo feng lin, trending deviantart ",3174004650
"a portrait of a Kurdish Albert Einstein in Kurdish clothes by Greg Rutkowski, digital art, horror, chiaroscuro, trending on artstation, anime arts, featured on Pixiv, HD, 8K, highly detailed, good lighting, beautiful, epic, masterpiece",400134844
"da vinci's scientific schematics instructions whole body anatomy of alien 👽, blueprint, hyperdetailed, lots of comments, handwriting, vector technical documents, callouts, archviz, legend, patent registry ",137335281
"factory, by peter elson ",314514936
scene of a 3D claymation cute ninja fighting a red dragon,2313933823
"the temple of transcendence highly ornate, metaphysical utopia, stargate portal, parallax poster composition, painting like genesis ii by john stephens, galaxy background, peter mohrbacher, high details, secondary colours, 3 d artstation, artgerm, 3 d octane render, hyper realistic ",4012952184
"the power of a king, amazing digital painting, by anato finnstark, anato finnstark digital art, intricate details, ultra realistic, beautiful art, volumetric lighting, ultrarealistic, by anato finnstark, trending cgsociety, artstation ",2202995771
"beautiful happy slim young woman enjoying a flat white coffee at a cafe while on holiday in christchurch, new zealand. high quality cinematic art nouveaux 1 9 2 0 s art deco fantasy digital render art in the style of alphonse mucha. 4 k wallpaper. dramatic lighting. silver fern. kiwiana. recognisably new zealand. stunning. elegant. romantic. vibrant. saturated. intricate. cyberpunk utopian. christchurch cathedral. hagley park. the gondola. ",632369134
"old wizard standing in front of an elaborate wooden door in the style of reylia slaby, karol bak, and brooke shaden. ",396507241
"tree-lined street in a very old very beautiful city by Gustav Bauernfeind and Nicholas Roerich, ornate wrought iron, strong dramatic cinematic lighting , colorful tiled architecture, lost civilizations, smooth, sharp focus, extremely detailed",1821345151
"wall panel structure y x o u on the coronation of napoleon painting and point cloud in the middle, unreal engine 5, keyshot, octane, artstation trending, ultra high detail, ultra realistic, cinematic, 8k, 16k, primary in style of zaha hadid, in style of nanospace Michael Menzelincev, in style of Lee SOUDER, colors in style of the Blade Runner 2049, in plastic, dark, tilt shift,",1371935487
"sugar frosted meatloaf, cookbook photo, restaurant ",2775941934
preacher comic in the style of dishonored 2 ,3118741159
"an interdimensional travelling plane, cyberpunk aesthetic, abstract, highly - detailed ",327952226
"closeup, giant sunflower head, woman standing in a room, surreal, dramatic light, impressionist painting, digital painting, artstation, van gogh ",4062021257
"Deep within a urban ghetto empty alley, past midnight misty weather, busy bustling downtown outside the alley. Realistic photo.",4256656895
artwork by Larry Elmore,1284903295
"a still of nicolas maduro surrounded by gold and diamonds, award - winning, photograph, 3 d render, unreal engine, 4 k detailed ",2669563930
"joe biden bikini photo, 8 k, ",189821216
HellFreezer laughing,2781527189
A boy and a girl works with zx81  in the style of robert doisneau  1930,1735436315
"cerberus hyperdetailed matte art of a three headed dog cerberus by william blake, ilya repin, amano, rene magritte, craig mullins, three head one body,, three headed cerberus, details ",3369470145
"professional hd photoshoot of cheerfull snoop dogg as willy wonka in ironman, amazing splashscreen artwork splash art, detailed face, detailed face, cinematic lighting, league of legends splash art, cinematic lighting, ray tracing, octane render, long lens, bokeh, anamorphic lens flare, 8 k, hyper detailed, 3 5 mm film grain ",3972972340
"realistic product photo of a bedroom covered in shriveling dead semi - translucent iridescent coral reef, emitting aura, the lighter is designed by dieter rams, 1 9 6 0, life magazine photo, natural colors, metropolitan museum, kodak, 8 k, very detailed, high resolution, product photo, ",2478399861
"complex 3 d render, hyper detailed, ultrasharp, fascinating biomechanical female cyborg with a porcelain translucent profile face, analog, 1 5 0 mm lens, beautiful natural soft rim light, big colorful autumn leaves and stems, hexagonal mesh fine wire, neural network, sinuous fine roots, fine filigree foliage lace, luxurious, elegant, alexander mcqueen high fashion haute couture, earring, art nouveau fashion embroidered, steampunk, intricate details, mandelbrot fractal, white background, pastel yellow light soft orange details, anatomical, facial muscles, cable wires, translucent microchip, hyper realistic, ultra detailed, octane render, h. r. giger style, volumetric lighting, 8 k post - production ",3060888472
"little god moloch by studio ghibli, digital art, classical art, sharp focus, bull headed muscular man ",2080466334
"mafioso ( shia laboeuf ) examines a magical glowing object ; scene from the modern hbo mini series / the outfit /, a supernatural mafia crime thriller about magical monster - hunting mafiosi in philadelphia, hd 8 k film photography, with modern supernatural horror aesthetic. ",323909136
"portrait of an anime girl in white and golden clothes , digital painting , artstation , gorgeous , cute , beautiful , elegant , devian art , 4k , HD",1261228740
"iris van herpen haute couture collection central piece coated thousands of varying size glass bubbles with transparent silicone to form a bioluminescent prism as a glass dress, the bubbles are arranged into a high - necked, sleeveless bodice and extended out from the waist into a skirt, expert photography sigma 8 5 mm f _ 8, high detail ",1932135588
charles manson's face on marilyn monroe's body dress in wind blowing up skirt laughing ,1886065864
"drone view of a city, Brutalist architecture, horizon shot, sharp focus, telephoto lens, digital art 4k",3336474637
3d smooth shapes and gradients portrait of a woman by Kandinsky,2322099906
a portrait of a young woman standing at an open window by gregory crewdson and andrea kowch ,2747028159
"cyberpunk plaster plastic chrome auyocamper design by h. r. giger, painting by jean - michel charlier style cartoon blueberry ",1981066719
"bright aquatic inferno forest height longhair cat apple caviar oboe , by Victo Ngai and Leonardo da Vinci and Natalia Goncharova , Mixed media , cluttered , child's drawing",2556898559
"apocalyptic schonbrunn palace full of dasies, high resolution, 8 k, octane render ",2472113985
"paint pour, fluid, by peter mohrbacher, fenghua ",249566690
photograph of the statue of liberty by becher,3962394541
"of a stormy wide sea with large strange happy flying creatures with huge eyes, mouth, long tongue and round teeth appearing from the sky, in the style of gehry and gaudi, macro lens, highly detailed, shallow depth of fielf, digital painting, trending artstation, concept art, illustration, cinematic lighting, vibrant colors, photorealism, epic, octane render ",485211626
An Alec Soth portrait photo of Sigmund Freud wearing an ornate crown,544511039
"A metal headgear design, ancient Chinese hairpin + plum blossom，Jewelry Design，Artstation, octane render, hyper realistic，design by Jean Paul Gaultier",3571199743
"in a passenger cabin, inside a large spaceship, from a point and click 2 d graphic adventure game, art inspired by thomas kinkade and mark keathley ",118178318
statue of the sun in the style of alphonse mucha ,290249108
"pantene l'oreal paris advertisement photography by mucha, extremely coherent, sharp focus, elegant, render, octane, detailed, award winning photography, masterpiece, rim lit ",2250485174
"megan markle portrait as manga girl, realistic shaded perfect face, fine details. anime. realistic shaded lighting poster by ilya kuvshinov katsuhiro otomo ghost - in - the - shell, magali villeneuve, artgerm, jeremy lipkin and michael garmash and rob rey ",2144031660
"girl white dress shikishi, still by ilya kuvshinov yoshinari yoh makoto shinkai katsura masakazu kyoani ",3090996167
a wing view from 2 0 0 0 0 feet down to a giant storm cloud ,2953741859
"photorealistic white rabbit samurai with angry face in seven samurai, film still, Usagi Yojimbo",3693494527
"portrait of a male thief, looking at camera, D&D, leather armor, very short dark hair, intricate, elegant, stylish, cute smile, fantasy, extremely detailed, digital painting, artstation, concept art, smooth, sharp focus, illustration, ambient lighting, art by artgerm and greg rutkowski and alphonse mucha and simon stalenhag",2826887679
"in a lonely inn, harlots also slept _ bush - clovers and the moon oil painting, impressionist, van gogh ",2279704837
"8 5 mm f 1. 8 photograph of chuck norris wearing an ornate costume by iris van herpen, highly detailed, digital painting, artstation, smooth, sharp foccus, commercial photography, fashion shoot ",2627943646
a person holding the blades of mercy in the style of the video game bloodborne ultra detail high quality award winning 4 k 3 d render ,463289801
artwork by ilya kuvshinov,3152231277
a movie still from the modern film the rocketeer featuring young 1 9 year old jennifer connelly in her role as jenny blake ,4076558387
"klimt style teen girl short black shaggy asymetrical bob haircut and thin blue frame glasses, dressed in black lace, laying over a colorful and bright trippy victor moscoso room. colorful. fashion illustration",1479802168
"black and white, san francisco harbor pen art by stephen wiltshire ",3336432114
"cinematic bust portrait of psychedelic robot from left, head and chest only, exotic alien features, robotic enhancements, desaturated, Tim Hildebrandt, Wayne Barlowe, Bruce Pennington, donato giancola, larry elmore, oil on canvas, masterpiece, trending on artstation, featured on pixiv, cinematic composition, dramatic pose, beautiful lighting, sharp, details, hyper-detailed, HD, HDR, 4K, 8K",3264149580
"blushing emo boy with rat ears and tail, fantasy artwork, award winning, hyper detailed, very very very very very very very very very very very very very very very very very beautiful, studio lighting, artstation",1611074687
brown noise ,3315802034
"3 d, flowning fashion model, flame, liquid rose gold, pearls, morning, vogue cover style, poster art, high detail, intricate oil painting, multiple exposure, heaven mood, hyperrealism, 3 d, by tooth wu and wlop and beeple and greg rutkowski ",1011387467
lore ,2489152017
"the devil crouching on the bed room ceiling with all black skin shiny black eyes pointed ears horns coming from his head with a grotesque smile and crooked spine. red lighting, masterpiece 4 k digital illustration, highly detailed, trending on artstation, award winning ",1831901847
"a plane in sky, planted by flowers, by studio ghibli painting, by joaquin sorolla rhads leyendecker, by ohara koson and thomas ; cloud ",109644324
"lestat from the movie interview with the vampire sitting on the toilets, wearing a mickey mouse hat, realistic picture, 8 k, hd resolution, high quality picture ",3032350272
"closeup profile portrait of tin toy mata hari, bikini, depth of field, zeiss lens, detailed, symmetrical, centered, fashion photoshoot, by nicoletta ceccoli, mark ryden, lostfish, breathtaking, 8 k resolution, extremely detailed, beautiful, establishing shot, artistic, hyperrealistic, octane render ",86425139
"a high fashion studio portrait of a charming anime girl, frown, painting by gaston bussiere, craig mullins, j. c. leyendecker ",2020295385
monster stat block for D&D,271120799
mayan depiction of darth vader ,2138763724
"a personal close up portrait of a 1 5 year old man from switzerland, his hair is brown and short, his eyes are green, his face is symmetric and friendly, he's proud to be where he is in life, black jacket, ambient light, beautiful composition, magazine photography, full frame, 5 0 mm, f 1. 8 ",3482709295
"golden hour silouhette portrait photographed with analog medium format fuji gw 6 9 0 in new york, 1 9 6 0 s film street photography, vintage expired colour film bokeh photograph ",2922785713
studio photograph of a pig wearing a gold crown depicted as a muppet cooking,4009982463
"portrait of a attractive male elf with pale skin and long black hair, medieval, character design, armor, painting by wlop, nixeu and greg rutkowski, beautiful, semirealism, artstation, octane render, sharpness, 8 k, golden ratio ",1517783794
"a portrait of a good - lookiung chicano boy god,, high detail, cleary see face, by gaston bussiere, bayard wu, greg rutkowski, odd nerdrum, maxim verehin, dan dos santos, masterpiece, sharp focus, cinematic lightning - h 7 6 8 ",3434412653
"Hatsune Miku doing pushups, epic, 4k resolution, extremely detailed, very sharp, artstation, digital art, vibrant",896869500
"realistic detailed face portrait of the Queen of Spades by Alphonse Mucha, Ayami Kojima, Amano, Charlie Bowater, Karol Bak, Greg Hildebrandt, Jean Delville, and Mark Brooks, Art Nouveau, Neo-Gothic, gothic, playing card suit spades, black spades, playing cards, rich deep moody colors",2765958574
"a fox druid wizard as a fluffy muppet plush wearing a vaporwave nostalgic cloak and holding a staff made from a stick with an amethyst gemstone tied at the top with dnd dice scattered around it, photorealistic, photography, national geographic, sesame street",535038646
"a beautiful ultradetailed vintage couples portrait photo of old cyborg standing next to a cyborg sitting on a chair, by tom bagshaw and anna dittman, couples portrait, vignette, 35mm lens, golden ratio composition, detailed faces, studio photography, very detailed, humanoids, artstation, 8k, highly coherent",1403036845
"dramatic light, thunder clouds in the sky, sunset clouds by rhads, god rays, simple form, brutal shapes, shaman, portrait of single fashionable young woman wearing rich jewerly hat and boho poncho, pixiv, standing pose on stones, 1970s fashion, anime, studio ghiblil, artwork by Joaquin Sorolla and john william waterhouse and Denis Sarazhin and James Jean and klimt and van gogh and Dean Ellis and Detmold Charles Maurice",3146179327
"painting of a mountains landscape with a blue lake and a dense pines forest, a detailed matte painting by christophe vacher, matte painting, ultra detailed, matte drawing ",3724518017
"photo of a gorgeous young Indian woman wearing elaborate heavy baroque jewelry and crown and rococo ornaments in the style of stefan kostic, realistic, sharp focus, symmetric, 8k high definition, insanely detailed, intricate, elegant, art by stanley lau and artgerm, William-Adolphe Bouguereau",4165827993
"an underwater city, highly detailed rendered in octane",1821059100
"shiny colorful [ baroque ] dream world 🌵, houdini algorithmic generative art, natural light, by zdzisław beksinski, dr seuss, dali, fantasy lut, epic composition, sci - fi, dreamlike, surreal, angelic, cinematic, 8 k, unreal engine, photorealistic, fantasy concept art, ",1719567101
"a renaissance portrait painting of pepe the frog, in the style of caravaggio and rembrandt van rijn ",88481240
"side view of obi - wan kenobi facing sauron, lord of the rings film still ",872320235
1 ,237202031
"a Photorealistic dramatic hyperrealistic render of a glamorous beautiful Female smoke dancer by Ken Brower and Deborah Ory of NYC Dance project,Lois Greenfield,Flowing cloth and smoke,Beautiful dynamic dramatic dark moody lighting,volumetric,shadows,cinematic atmosphere,Octane render,8K",738200894
"din djarrin walking through the village on tattooine filled with aliens and people of star wars, 8 k uhd, unreal engine, octane render in the artstyle of finnian macmanus, john park and greg rutkowski ",3213990405
"aged paper, concept art, colorful character sheet for huge six - legged extraterrestrial megafauna, retrofuture, fantastic planet, edgar rice burroughs, moebius, valerian, coherent, illustration, digital art, trending on artstation, hd, 8 k, good lighting, beautiful, rough paper, masterpiece ",4244004128
"a gorgeous female with long brown hair, photo by ellen von unwerth, realistic, full body shot, wide angle, sharp focus, 8 k high definition, insanely detailed, intricate, elegant, art by stanley lau and artgerm, floating embers ",2642899258
glitch ghost in the shell lain portrait by makoto shinkai concept art by syd mead,2018351359
"glass art bowl, colorful glass art, caustics, beautiful lighting, museum piece, style of flavie audi, 3 d rendering, octane rendering, highly detailed, epic ",4017988463
"the closeup portrait of an absurdly beautiful, graceful, cool, laid - back, street fashionable vietnamese woman in new york, an ultrafine hyperdetailed illustration by kim jung gi, irakli nadar, vania zouravliov, intricate linework, natural colors, tan, bashful eyes, silky long hair, slim features, unreal engine 5 highly rendered, global illumination, radiant light, detailed and intricate environment ",2282593134
"horse leg standing on the head of the astronaut on the moon, ",1283104899
"a composition between napoleon crossing the alps and the raft of the medusa and the school of athens, oil on canvas ",939095329
"A Hiker encounters a family of giant obese Sasquatches while hiking At Salt Fork State Park in Ohio, photoreal, atmospheric",3580136703
"painting by borremans, artist painting painted model in the stadium red green carpet and curtains, detailed, stunning ",50299266
"minon from despicable me in fashionable streetwear, urban photoshoot, fisheye lens, photograph",3161800274
"a furby achieving enlightenment in the style of michael whelan and gustave dore. hyperdetailed photorealism by greg rutkowski. 1 0 8 megapixels, 3 d finalrender, cinematic lighting ",3518603450
"a lemon character wearing sunglasses on the beach, greg rutkowski",375343812
"pacific rim titan pop figurine atlas striker otache jeager kaiju wallpaper 3 d pixar disney digital cgi rtx hdr painting bioluminance alena aenami artworks in 4 kby jesper ejsing, feng zhu and loish beeple, by thomas kinkade 2 2 2 2 ",3493594474
"Ultrarealistic illustration scarlet johansson as kleia, angel, warcraft, portrait, beautiful, cyberpunk, sci-fi fantasy,intricate,elegant,highly detailed, digital painting, artstation, concept art,",1882260863
"man trapped in a block of ice during a winter storm, snowy landscape, hd detailed ",905594212
crumble texture ,2942539348
the judge from Ace Attorney with a scale in one hand. Tarot card Justice,819188028
"sperical hdri map, epic fantasy, ocean, mattepainting, octane, warm sundown, fall vibrancy, swirley clouds, by greg rutkoswki, by gehry, by vadim rumiantsev ",1292006661
white phoenix orange pink salt crystals sharp detail simple background sharp contrast feathers graphic design fai khadra gaika hard mashup egypt ibis head elegant highly detailed thot god style,82763011
"strange alien bunny creatures from the depths of the collective unconscious, dramatic lighting, surreal darkly colorful painting by ronny khalil ",610537863
"Haunted kodachrome, night time scene, deep in the wet entrails of the hill!!!!! Lost in the dark Pushing through dense undergrowth, No path, just this squalid passage of mud and rain.",3498793158
eerie atmospheric vogue fashion photography by paolo roversi ,526490731
"red and yellow stripes, wildstyle graffiti, illustration, highly detailed, simple, no jagged lines, smooth, artstation, artwork by shepard fairey ",2366164453
"stylized clouds, blue sky by makoto shinkai, pixar ",1674799570
"Rachel Connor models.com FORD Robert Black agency, physically accurate, moody dynamic lighting, intricate, elegant, highly detailed, digital painting, artstation, HR GIGER, Hieronymus Bosch, Francis Bacon, concept art, smooth, sharp focus, illustration, art by artgerm and greg rutkowski and alphonse mucha",57057487
an angel and a daemon is fighting,1904386815
"a portrait of brad pitt, painted in the style of cubism ",4012465289
"half - length portrait of a depressed medieval warrior. fantasy, digital painting, hd, detailed. ",1135454344
a holographic sticker in the style of lisa frank and alex grey,3891440127
"futuristic motorcycle, close up, quint buchholz, wlop, dan mumford, artgerm, liam brazier, peter mohrbacher, raw, featured on artstation, octane render, cinematic, rugged, intricate, 8 k ",1802385596
"A surreal dream landscape, cinematic lighting, detailed oil painting, 8k",544592703
"fierce wet fashion model, splash, melted liquid metal dna, effervescent, black roses, poster art, high detail, intricate oil painting and watercolor, deep mood, hyperrealism, 3 d, in the style of irakli nadar, ",3692693215
"A mixed media portrait painting of a beautiful blonde biologist woman, nanosuit leotard and boots, examining a giant blue glowing mushroom in a mire, detailed Aesthetic! face and eyes, slavic, by Beeple, Frank Frazetta, Greg Rutkowski, Christian MacNevin, Boris Vallejo, epic fantasy character art, high fantasy, CGsociety, 60's Sci-fi Pinup, exquisite detail, post-processing, masterpiece, cinematic, crysis",2649819343
"a lion and a tiger, illustration mashup by mc escher and van gogh zzz ",1429887683
"planet lemon, photo by hubble telescope ",1549630521
a tv still of Chance The Rapper starring as a black college student at Jones College Prep in a 1993 sitcom,266368441
"celestial female orgasm from fight club in fighting action detailed mixed media collage with canvas texture in style of contemporary art, punk art, photorealism, sensual bodies, expressionism, masterpiece, spectacular quality, intricate oil details, broken glass photo, torn paper intricate texture, large cracks, liquid glue spots, vivid and balanced ",2181400911
"sultan with an emerald cape, stars, sincere, modern maximalist suit, is ( ( holding a cane ) ). light dust, magnificent, hyperdetailed, theatrical, painted by jean honore fragonard and greg rutkowski and joseph christian leyendecker ",2798065751
"🤑😛🤟 by : art line : joongwon charles jeong, art skin : tjalf sparnaay, art sketching : gottfried helnwein, art colouring : roberto bernardi, art shape : emanuele dascanio art shading : robin eley, art foreground : eloy morales, background : diego fazio, structure : kyle lambert ",2508259835
mr krabs tripping on ketamine in a cyberpunk like city ,1133626059
"fall, painted by alphonse mucha ",2950525917
concept art of an old rustic house in a forest in final fantasy ,4200217928
the good samaritan ,2309279039
A beautiful matte painting of huge spherical alien spaceship attacking with powerful red lasers a Sailship in ocean in thunderstorm by greg rutkowski,3774795007
super girl by daniel gerhartz ,2604816740
"cute little goth girl with black hair anime character inspired by jason voorhees, alphonse mucha art by rossdraws, artgem lau, sakimichan, jakub rebelka and makoto shinkai, anatomically correct, extremely coherent, highly detailed, sharp focus, pop movies, smooth, very realistic, symmetrical ",401819127
"hyperrealistic render with very extreme intricate details, of zero from drakengard 3 by taro yoko in the style of netflix arcane, digital game - art by ross tran, movie composition by sana takeda, cinematic lighting by greg rutkowski ",831403325
"cyberpunk, portrait of a beautiful cyberpunk woman, sunglasses, shag hair, cyberpunk city background, megacity, gorgeous view, dramatic light, depth, high detail, digital art, movie promotional art, painted by seb mckinnon, painted by greg rutkowski, neuromancer, trending on artstation ",2317926971
"microscopic photo of a tiny yorkie dog under a microscope, cellular ",4156567868
an illustration of a yellow city skyline W 896,2146604025
"john oliver and the cabbage are getting married, high quality wedding photo 4 k highly detailed ",832798794
"portrait of gru, freckles, intricate, highly detailed, illustration, art by junji ito, junji ito ",319125611
"cthulhu, qi baishi ink painting ",1066235211
"priest female, ultra detailed fantasy, elden ring, realistic, dnd character portrait, full body, dnd, rpg, lotr game design fanart by concept art, behance hd, artstation, deviantart, global illumination radiating a glowing aura global illumination ray tracing hdr render in unreal engine 5 ",1903208631
"beautiful portrait of aerith from final fantasy dahyun from twice the painterly style of wlop, artgerm, yasutomo oka, yuumei, rendered in octane render, surrounded by epic ruins landscape by simon stalenhag, dynamic soft dramatic lighting, imagine fx, artstation, cgsociety, by bandai namco artist, ",770855548
"A young thai doctor, very detailed face, gorgeous, beautiful, intricate, highly detailed, digital painting, artstation, concept art, sharp focus, illustration, art by greg rutkowski and alphonse mucha",1995481471
an abstract concept art. indian and japanese mythology. mystical. mysore. octane render. vivid cinematic lighting. epic concept art. artherm and rutkowski. esoteric. beautiful. ,1837386376
"giant red frog with giant dragonfly wings, photorealism, oil paint, renaissance, 8 k, high detail whide shot ",3622424662
"astronaut wandering on an alien planet, polaroid, hyperpyramid, volumetric lighting, insanely detailed and intricate, hypermaximalist, elegant, ornate, hyper realistic, super detailed ",1513035678
what the force would look like if the force was a force using the force,2176694271
"a professional photo of pikachu smiling, f / 1. 4, 9 0 mm ",1761613407
"Photograph of an abandoned rusty 1950's Harley Davidson in a forest track, covered with vegetation, soft lighting, crepuscular rays, realistic octane render, 8k, ultra detailed, concept art",3031365230
"hyper detailed 3d render like a Oil painting - a vivid flower bouquet, long petals, huge blossoms, by Jacek Yerka, Mariusz Lewandowski, Houdini algorithmic generative render, Abstract brush strokes, Masterpiece, Edward Hopper and James Gilleard, Zdzislaw Beksinski, Mark Ryden, Wolfgang Lettl, hints of Yayoi Kasuma, octane render, 8k",326411707
full body photo of a female harlequin warrior with weapons _n 6,1252661067
"A magnificent floating island in the sky above the sea, defying gravity, floating and flying island, epic lighting, epic composition, highly detailed",451463398
ultra realistic 1 million dollars bill with Futurama Bender in the middle.,2433611263
"iain glen as batman, in a batman mask, alex ross ",1050520166
"portrait of beautiful female model by irakli nadar, with intricate detailed color fluid oil paint and acrylic, dried moss and autumn leaves headdress, haunting, elite, elegant, melting, mycelia, abstract impressionism, ruan jia, dark fantasy, hyper detailed, concept art, by gustav klimt, perfect face symmetry, beautiful eyes ",1894593518
"sonic hedgehog clay stop motion claymation portrait and a diorama landscape of a surreal, sharp, foggy, detailed professional, soft pastels, high quality airbrush art album cover of a liquid dissolving airbrush art lsd dmt sonic the hedgehog swimming through cyberspace, purple checkerboard diorama, 1 9 9 0 s 1 9 9 2 sega genesis rareware video game album cover ",2963403933
"lenhadores em uma floresta de arvores secas com pouca neve, pintura de brugel ",3632372543
dark oil realistic painting a gaunt man is lying in pain on a floor of soviet kitchen ,2663809886
photo of a 2 0 2 3 chevrolet corvette parked ,821205888
"Painting of a Labrador swimming near a waterfall, fairytale, tranquil, zen, beautiful",2113615674
"ektachrome, 3 5 mm, highly detailed : incredibly realistic, youthful asian demure, perfect features, feminine cut, beautiful three point perspective extreme closeup 3 / 4 portrait photo in chiaroscuro style 1 9 7 0 s frontiers in flight leather suit made of sewn together motor racing logos cosplay fashion, nick night ",95768870
"harry potter smoking weed and being high as a kite, Pixar style, by Tristan Eaton Stanley Artgerm and Tom Bagshaw.",2631571490
dog made of shaved butter ,1422333847
"cat exists next to a man. in a room exist the cat and the man. the man sits on a chair. the cat standing on a table. digital art. artstation. realistic. vibrant. illustration. in the style of pixar movie. octane render. art by makoto shinkai, stanley artgerm lau, wlop, rossdraws. volumetric lighting. ",3168367809
"Take Me to the City by Hasui Kawase and Lyonel Feininger, high quality, 8k, trending on Artstation, beautiful, surreal",1528601599
"elizabeth olsen as a heavenly angel, anatomy, only two hands, highly detailed, digital painting, artstation, concept art, smooth, sharp focus, illustration, unreal engine 5, 8 k, art by art by artgerm and greg rutkowski and edgar maxence ",112491191
"photo portrait of a beautiful woman, head centered portrait, various point of view, enigmatic natural beauty, little shy smile, lovingly looking at camera, head in focus, elegant, highly detailed, artistic, concept art, painterly, shot with hasselblad, photography, sharp focus, volumetric lights, art style by annie leibovitz and man ray ",3557025730
"decollage painting struggling man in a ruined room with a black glittering ball instead of head by adrian ghenie and takato yamamoto and edward hopper and mark ryden and tsutomu nihei, part by bridget riley, acrylic pour and splashing paint, very coherent, baroque elements, perfect anatomy, intricate design. pop art. ",267793382
neko atsume,4085985994
"aztec monk, vivid colors, dark shadows, contrast, concept art, sharp focus, digital art, Hyper-realistic, 4K, Unreal Engine, Highly Detailed, Dramatic Lighting, Beautiful, by Brom, bastien lecouffe-deharme",2338172515
a film still of Johnny Joestar from steel ball run in ''The Hateful Eight''(2015),1281105919
Honesty as a person,3482277266
"a close-up photo of a newly discovered sea creature, cute, trending photo, national geographic footage",2529114111
"lithography of an old man looking his reflection on a big mirror, colored, soft colors, watercolor, paper texture ",3681567464
mike wazowski my true eternal love,1221892607
"memento mori by arthur rackham, art forms of nature by ernst haeckel, exquisitely detailed, art nouveau, gothic, ornately carved beautiful skull dominant, intricately carved antique bone, art nouveau botanicals, ornamental bone carvings, art forms of nature by ernst haeckel, horizontal symmetry, arthur rackham, ernst haeckel, symbolist, visionary ",1877833916
kanye west as walt disney ,767852512
"a rugged young engineer man with cybernetic enhancements wearing a suit and bowtie, detailed face with mask, octane render, 3 d digital art, unreal engine, scifi character portrait by greg rutkowski, esuthio, craig mullins, 1 / 4 headshot, cinematic lighting, dystopian scifi gear, gloomy, profile picture, mechanical, half robot, implants, steampunk ",2904577481
"anthropomorphic cyber punk fox, fursuit, cosplay, warm light, trending on instagram, photography ",3234238286
"photo portrait of a chinese cyberpunk cyborg beautiful girl with piano, finely detailed features, cyborg robot parts, futuristic vr headset, blade runner, dramatic cinematic, at cyberpunk city, ghost in the shell, akira, odeo, cinematic lighting, in danger, noir, trending on pixiv fanbox, painted by greg rutkowski, makoto shinkai, takashi takeuchi, craig mullins,",202966356
"a gray scottish fold sitting in the middle of sunny meadow, in style of gravity falls ",2745315155
"moon goddess, etruscan, full body shot, ancient silver headdress, ethereal night sky background, highly detailed, digital painting, artstation, concept art, sharp focus, illustration, orientalism, art by aleksi briclot and mohrbacher and raphael lacoste and magali villeneuve ",507313520
"keira knightly as a high elf queen with clothes designed by iris van herpen. made by water splashes and ornaments, standing in a lake with clear water, painted by artgerm, alphonse mucha and chris rahn, highly detailed artwork, composition by android jones ",3678366897
"a watercolour manga portrait illustration by sui ishida and alphons mucha of an old man with a giant sword, epic composition, ",3902227936
"hyper realistic photography of drunk dancing zombie in graveyard brom, moebius, craig mullins, juan gimenez mohrbacher artstation cgsociety pinterest burningman coachella ",2983016315
"glowing cloud, chinese taoist fairy goddess. hyper detailed, character concept, full body, dynamic pose, intricate, lineart, cerpuscular rays, lily flowers. by yoshitaka amano, alfons mucha and makoto shinkai. 8 k ",2077705243
"highly detailed, 256k film still from a sci fi blockbuster color movie made in 2022, set in 1860, of a family standing in front of a spaceship that has just landed on an alien planet, a humanoid alien creature stands nearby, the family are all wearing 1850s era clothes, cinematic lighting, human faces, extremely good lighting, winner of seven oscars",4251617295
"mordekai (blue bird) blue background, furry, trending on devianart, digital art",2700596560
"unbelievably beautiful, perfect, dynamic, epic, cinematic 8 k hd movie shot of semi - close - up chinese beautiful cute young j - pop idol actress princess girl with long pink hair and wearing raincoat and poorly holding umbrella in the rain, expressing joy and posing in cyberpunk futuristic scifi location similar to bladerunner and extremely rainy atmosphere. by a chinese movie director. motion, vfx, inspirational arthouse, golden ratio, sharp focus, octane render, composition, kodakchrome, cgsociety, hyperrealistic, professional photo, high budget, sharp details, dramatic lighting, hdr shadows, very detailed, extra crisp, dramatic lighting, hollywood style, at behance, at netflix, with instagram filters, photoshop, adobe lightroom, adobe after effects, taken with polaroid kodak portra ",1153775013
capybara wearing a space suit and a space helmet. photo shot in space. ,1062319628
"ardent celestial orgasmic passion between us detailed analogue mixed media collage with canvas texture in style of contemporary art, punk art, hyperrealistic beautiful face, photorealism, expressionism, masterpiece, perfect composition, spectacular quality, intricate oil details, broken glass ",2793156556
"portrait of morpheus by masamune shirow, anime, 4 k, hyper detailed ",2057465475
"the city of paris made of cheese, cream, mushrooms, broccoli, wide angle ",813331716
"fantagiro, masterpiece by Edgar Maxence and Ross Tran and Michael Whelan, gustav dore, 8k, octane render",3077415620
"concept art of giant kaiju, japanese, lots of teeth, melting horror, round moon, rich clouds, fighting the horrors of the unknown, mirrors, very detailed, volumetric light, mist, grim, fine art, decaying, textured oil over canvas, epic fantasy art, very colorful, ornate, anato finnstark ",1986222964
"a knight of heaven wearing heavy armor on a battlefield, au naturel, hyper detailed, digital art, trending in artstation, cinematic lighting, studio quality, smooth render, unreal engine 5 rendered, octane rendered, art style by klimt and nixeu and ian sprigger and wlop and krenz cushart",673884681
"Minecraft game cover, 1984 tape release for ZX Spectrum",129138799
soft focus cute spaceship named The Icy Condor with landing gear down landing on a swamp,1502335108
stephen doocy is in the foxnews morning show defending himself from donald trump who is sick with rabies and is attacking the television host ,3478935702
"isometric drawing of a fictional dense city, in style of charles williams, rem koolhaas, peter eisenman, cool color palette ",3102213520
"hyperrealistic painting of a slice of life from a futuristic city, mechanical designs, futuristic vehicles, meticulous, night, cinematic, cyberpunk style, highly detailed!, intricate, meticulous, realism, acrylic on canvas, 8 k resolution, concept art, by noriyoshi ohrai, john berkey ",2530641627
"knight wearing sallet helmet leaning against a tree by the campfire with a discarded sword and gun, oil painting, by Fernanda Suarez and and Edgar Maxence and greg rutkowski",2538463487
"painted closeup portrait of leonardo dicaprio in don't look up, long hair, masculine, with beard, fat, majestic, athletic, fantasy, intricate, elegant, extremely detailed digital painting, trending artstation, concept art, sharp focus illustration art by alphonse mucha, greg rutkowski, craig mullins ",818243586
"surreal glimpse into other universe, peranakan house, summer morning, very coherent and colorful high contrast, art by!!!! gediminas pranckevicius!!!!, geof darrow, floralpunk screen printing woodblock, dark shadows, hard lighting, stipple brush technique, ",1115920430
"a beautiful woman, pretty, Miranda Cosgrove, in the style of Charlie Bowater",4277468159
Bremerton Washington,1669616383
"portrait of a mix between aubrey plaza, katy perry, emma watson, scarlett johansson, ryan kiera armstrong, jennifer lawrence, 4 k art trending on artstation by monet, rembrandt, oil painting, digital, instagram filter, snapchat filter ",1761674825
"zendaya as the goddess of water, art by artgerm and greg rutkowski and sakimichan, trending on artstation ",3591004375
"fig tree, realism ",2077391850
"complex 3 d render of a beautiful symmetric porcelain cyberpunk ai robot face, green and gold, fractal veins, vegetal dragon cyborg, 1 5 0 mm, beautiful natural soft light, rim light, metallic gold fractal details, roots, fine lace, mandelbot fractal, anatomical, glass, facial muscles, elegant, ultra detailed, metallic armor, octane render ",3974026547
"egyptian revival house in wheaton, il. ",3497274648
"Justin Truedau wearing a nazi uniform, colorized",664133039
"a vintage portrait painting of a gunslinger fantasy lady, highly detailed, art by tristan eaton and artgerm and william - adolphe bouguereau ",752768980
"Eight cute little anthropomorphic kitten soldiers holding rifles, tiny, small, miniature kitten, baby animal, short, cute and adorable, pretty, beautiful, DnD character art portrait, matte fantasy painting, DeviantArt Artstation, by Jason Felix by Steve Argyle by Tyler Jacobson by Peter Mohrbacher, cinematic lighting",237649839
"cute! biomechanical baby gecko, ghost shrimp, deepsea, irobot, glowing from inside, wrinkled, by wayne barlowe, ghost shrimp, barreleye fish, translucent sss xray, barreleye, rimlight, jelly fish dancing, fighting, bioluminescent screaming pictoplasma characterdesign toydesign toy monster creature, zbrush, octane, hardsurface modelling, artstation, cg society, by greg rutkowksi, by eddie mendoza, by peter mohrbacher, by tooth wu, cyberpunk ",3827910127
"Taylor Swift with black hair as Wonder Woman, western, D&D, fantasy, intricate, elegant, highly detailed, digital painting, artstation, concept art, matte, sharp focus, illustration, art by Artgerm and Greg Rutkowski and Alphonse Mucha",4054022051
"gigantic mountain made large slices of delicious cake, by chuck close, richard corbin ",450311494
"photorealistic dramatic liquids anime people render, colorful, atmosphere cinematic, by wlop, by ilyu kuvshinov, by makoto shinkai, shadows, artstation, concept art, super detailed, unreal engine 5, octane render, vfx, houdini, 8 k, super realistic, full body, ufotable studio art style ",620309557
"award winning photo of todd solondz smoking weed, vivid colors, happy, symmetrical face, beautiful eyes, studio lighting, wide shot art by Sally Mann & Arnold Newman ",2415114793
"close up of samurai warrior in full armor, in a bamboo forest, by vladimir volegov and alexander averin and delphin enjolras and daniel f. gerhartz ",3853434455
"a human ear, dot shading, retro flat colors ",2719825265
Ripped Physique Tragic Portrait of Icarus the Roman Demigod Son of Dedalus wearing wax wings flying too close sun falling towards the cruel blue sea. norman rockwell guillem h. poniluppi howard pyle Ilya Repin Michelangelo Buonarotti Leonardo Da Vinci rodin greg rutkowski james gurney. tombow masterpiece fresco watercolor grisaille Trompe-lœil,3776090405
"realistic anime cat, wearing a blue cardigan and red aesthetic lo - fi headphones, view from side, studying in a brightly lit room, a lamp hovers above as it illuminates the room, perfectly symmetrically weared headphones, nighttime, cgsociety contest winner, artstation, golden ratio, dim lighting, studio ghibli, 4 k ",2881738107
Beautiful cameraphone 2005 soft liminal Photograph of an infinite hallway pool,1023018195
"winter abandoned modern reef cylinder finch chives beads and yarn vase , by Beeple and David Hocknet and Rob Gonsalves , Zbrush Central , poster art , National Geographic photo",3297346170
of donald trump working at mcdonalds ,3323690703
"3 d cgi render of skeleton key with angel wings against a psychedelic surreal background with 3 d butterflies and 3 d flowers n the style of 1 9 9 0's cg graphics lsd dream emulator psx graphics 3 d rendered y 2 k aesthetic by ichiro tanida, 3 do magazine, wide shot ",2970410957
a panel of flamingos in pop art style by andy warhol ,258860907
"photoshoot of a nigerian howard stern, 5 0 mm, soft focus ",3027336969
"isabelledeltore, d & d, fantasy, portrait, highly detailed, digital painting, trending on artstation, concept art, sharp focus, illustration, art by artgerm and greg rutkowski and magali villeneuve ",535648310
"the kraken rises out of the sea with lightning and thunder, ancient greece, fantasy art, very detailed, award - winning, highly detailed, ",1142501317
teratornis nature photography ,1063523364
"la pieta, kodak portra 4 0 0, 5 0 0 mm lens, 1 9 3 0 s portrait of bride of frankenstein, insanely detailed, insanely intricate, depth of field, blueberry, immerse, 1 9 th, special effects makeup, maximalist, glittering, gold, ivory, hyper ",678385710
"beautiful tall female robot printed with red and black 3 d geometrical neon + guarding a wall of computers!!!!!!!!!! + flowering vaporwave orchids transcendent, clean linework, dramatic, finely detailed, 4 k, trending on artstation, photorealistic, award winning, volumetric lighting, octane render ",2718603235
dog wine night in space ,656685738
"epic disasterpiece Egyptian Sun God surrendering to darkness by Ken Kelly, photorealistic, cinematic, fantastic reality, detailed, intricate dramatic lighting, establishing shot, 8k resolution – W 1024",1678825280
"a frog fairy on a lily pad, alexander jansson ",1060642296
"a hand, a foot, five digits ",1377214861
"tiger flying in the sky ; cat flying in the sky ; panther flying in the sky ; humans being devoured ; aliens, robotic machines, gods, bio - mechanical intelligences, glitch creatures, dmt entity ; lsd art, trending on artstation, style greg rutkowski ",1171114025
"a detailed portrait of a troll, by justin gerard and rembrandt, digital art, realistic painting, very detailed, fantasy, dnd, character design, trending on artstation ",1115602355
"a expressive landscape of mayan ancient jungle, artstation, award - winning realistic sci - fi concept art by jim burns and greg rutkowski, beksinski, a realism masterpiece, expressive color palette, james gilleard, bruegel, alphonse mucha, and yoshitaka amano ",4281032272
highly detailed woman beckoning through doorway in the forest finely detailed illustration animation key frame alphone mucha ilya kuvshinov satoshi kon ,705958635
"ancient ntricate oilpainting, game characterwhole body design of a chinese anicientwarrior in clothes with a broadsword, down hard, dark cloud and lightning on the grounddramatic lighting, cg, extremely detailed, 8 k, sophisticated ",2101817095
gangster teenage mutant ninja turtles ,1821579953
film still of lana del rey as John mcclane in die hard.,2538464255
"a detailed matte painting of noah's ark during the flood, subsiding floodwaters, ultrawide lens, aerial photography, double rainbow in a clear blue sky, mount ararat very far away in the background, art by norman rockwell and bob ross, heavenly, god rays, intricate details, 8 k, cel shaded, featured on artstation, pixiv ",1946895928
"painting by borremans, gas station, detailed, stunning ",3074797316
"a portrait of the thanatos the emperor of death wearing an ornate headdress made of gold metal and mandalas, surrealism, smooth, intricate, elegant, galactic energy, death and dying, golden glow, digital painting, artstation, concept art, high tech fantasy, sharp focus, illustration, art by jason chan and riot studios and blizzard studios ",2573878857
photorealistic duck with crabs for feet,889318479
"architecture ad for a mid-century modern house in the middle of the wood designed by Santiago Calatrava. Film grain, cinematic, colorized, yellow hue.",1327729971
d 2 0 with famcy border by akihiko yoshida ,212826494
"A Group of Frog sitting on  thrones. Frogs holding a golden orb. Oil Painting, France 1785. Masterpiece 4k trending on artstation. In the style of Rembrandt",641682975
tuna mac and cheese food photography black background soft focus in the style of Alan De Herrera,1528804991
"photo cartoon illustration comic manga painting of cliff environement : 6 fantasy environement, digital painting, volumetric lighting by feng zhu, 3 d alejandro alvarez alena aenami artworks in 4 k beeple, by thomas kinkade hearstone league of legends dofus overwatch ",1914163099
"a fine portrait paitning of an materialistic philosopher dressed in the clothes of a 6 - year - old girl, he has quite a beautiful body and beard, but the clothes and personality are that of a conceited girl who likes to command, conceptual surreal comic weird bizarre horror art ",4245841541
"painted portrait of rugged zeus, god of thunder, greek god, white hair, masculine, powerful, handsome, luxurious, gold, white, upper body, white robe, muscular, hairy torso, fantasy, intricate, elegant, highly detailed, digital painting, artstation, concept art, smooth, sharp focus, illustration, art by alphonse mucha and artgerm ",664660449
"Beautiful vintage Japanese poster representing stream of consciousness, 10% surreal, risograph poster, beautiful colors, deep meaning, Intricate image, moving",1475913087
"fullshot ronald raymondfirestorm, rpg reference, oil painting, trending on artstation, octane render, insanely detailed, 8 k, hd ",100
"cell shaded  head portrait of  smiling cyber bruce lee as Borderlands 3 concept art, llustration, post grunge, concept art by josan gonzales and wlop, by james jean, Victo ngai, David Rubín, Mike Mignola, Laurie Greasley, highly detailed, sharp focus,alien,Trending on Artstation, HQ, deviantart, art by artgem",3077926254
"plant-mushroom insectoid humanoid creature with moth-like ears, minimalism",3759084324
"hyperrealism, night background raining, super zoom, goddess close - up portrait real human skeleton ram skull!!!! jellyfish!! phoenix crow wings! giant orchid!! artwork by tooth wu and wlop. octane render, trending on artstation, greg rutkowski cinematic, hyper realism, high detail, octane render, 8 k ",1531209934
Mount Rushmore featuring Obama,1329818367
"large colorful five pointed star ufo made of metal flying above treeline, telephoto lens, dslr, specular highlights ",1806020396
"a beautiful stunning interesting magic the gathering fantasy digital illustration of a samurai astronaut wearing a visored kabuto and armored space suit, carrying a sword on a planet with exotic and dangerous carnivorous plants, awesome and moody, by greg rutkowski and mark keathley, trending on artstation, ",1300666963
"digital illustration of a beautiful window open front view, complete window!, realistic, aesthetic, vintage frame window, ornate, russian style, colorful architectural drawing, a watercolor and matte painting by mark keathley and mandy jurgens and charlie bowater, cgsociety, artdeco, utopia art, bold colors, sci - fi, artstation hq ",255913783
"madison beer as edm librarian woman | jewelry | glamorous oily soft polished rich alluring ornate modern | weta disney pixar movie still photo | hi - fructose, sci fi fantasy, golden ratio, smooth, octane render, sharp focus, artstation, concept art | beeple, rhads, rutkowski, artgerm, mucha, wlop, loish | ",2822059657
"anime mage vogue, intricate oil painting by john singer sargent, trending on artstation, side profile ",2061800698
illustration of disc golf in space,1389090047
"military mining four legged mecha, mining drill, futuristic, apocalyptic, by jon aaron kambeitz, katsuhiro otomo, heng z, concept art, insanely detailed, raytracing, octane, unreal engine, trending on artstation ",633075981
"lena headey as a demoness, detailed full body portrait by james gurney and artgerm and Mucha and rutkowski, amazing detail, intricate, stunning inking lines, 4K, character design, fantasy, trending on artstation",1005946346
"a baby sloth parade with grand stands, confetti and onlookers, highly detailed photograph",3957424639
cute burger in the shape of a cat,2625557503
"A outside view of abandoned magnetic rose space station in shape of rose in the deep space, Trending on artstation.",2566012159
"cyberpunk robot, head, extremely detailed, pixel art, soft light, fantasy, digital painting, art station, fine details, by minecraft style ",3722791702
"organic zen mage cyborg made of leaves, holographic white plastic and driftwood, fantasy, intricate, elegant, highly detailed, lifelike, haunting, ornate, photorealistic, digital painting, artstation, illustration, smooth, sharp focus, art by scott davidson, albert aublet, krenz cushart, artem demura, mucha ",3110276627
"Giant horned minotaur warrior with two handed axe, leather armor, full body, muscular, dungeons and dragons, hyperrealism, high details, digital painting, dark fantasy",3897403647
"portrait of tetsuo with red cape from akira, close up of a tank exploding with tetsuo nearby there is fire and smoke everywhere, vibrant colors and hard shadows and strong rim light, comic cover art, plain background, trending on artstation, in the style of atey ghailan and charlie bowater and mike mignola and artgerm ",2412178134
"a south american fur seal, oil barrel, tiles interior room!!!!!!!!!!!!!!, plants, diorama!!!!!!!!!!, ultra wide, volumetric lighting, panavision millennium dxl 2, insanely detailed ",3696691255
"Hank Hill fighting Darth Vader, high tech, cyberpunk, dystopian, , butterfly squid, burning halo, intricate artwork by Tooth Wu and , cinematic, hyper realism, high detail, octane render, unreal engine, 8k, Vibrant colors, Smooth gradients, High contrast, depth of field, aperture f1.2",2722657656
"vogue portrait octane render portrait by wayne barlow and carlo crivelli and glenn fabry, a giant huge tall man wearing a shiny black latex punk rock hazmat suit covered in band decals and metal spikes, standing in a huge massive crowd of men in hazmat suits, dramatic lighting, fog and mist, cinema 4 d, ray traced lighting, very short depth of field, bokeh ",2358774787
dogecoin. renaissance style,3307821550
Steve vai as a funko pop doll,2935332615
a hyperrealistic painting of Johnny Depp playing a guitar by Jason Edmiston.,3593744127
"Detailed maximalist stunning portrait of gorgeous dark elf with beautiful blue piercing eyes dressed in a jester’s hat with a monocle, HD mixed media, 3D collage, highly detailed and intricate, masterpiece, award-winning, surreal illustration in the style of Caravaggio, dark art, baroque",2105975807
"hot anime boy trending on artstation and pixiv, high quality detailed 4k HD",951727101
"“Ivan the prismatic person, refracted light, caustics, light rays shining through, 4k photo”",67845447
film still of freddy krueger in hell ,935162355
truggster ,2711646862
"majestic citadel, celestia, eden, river, fantasy artwork, award winning, beautiful scenery, artstation, very very very very very very very digital art ",2254774283
"photo of life on mars, thriving ecosystem, bright fauna, volumetric light, ponds, mountains, high detail, mountains, geoformations, sunlight ",2427080944
"portrait of a fashion model walking down a catwalk, simple dress by alexander mcqueen, clear detailed face, beautiful feminine face, art by julia hetta and giampaolo sgura and pamela hanson and david roemer and mario testino and lara jade and tim walker and cole sprouse ",1120976965
"mount epic mechanical dragons steamscale incinerator screenshot world of warcraft mounts worldboss 3 d alejandro alvarez alena aenami artworks in 4 k beeple, by thomas kinkade hearstone league of legends dofus overwatch ",2260120496
a screenshot of the video game Sea of Thieves,1911214884
"a beautiful landscape, majestic skies, oil painting, by greg rutkowski ",795760832
"a sculpture portrait made of candys and lollipops and chocolate and plants, painting part by wojciech siudmak, part by ilya repin, part by max ernst, part by norman rockwell, artstation ",140311813
"museum painting, wide - shot, young man with short curly red hair, priest robe, with a book, sharp focus, highly detailed, digital art, oil painting, masterpiece, artgerm, rutkowski, mucha, leyendecker, kinkade ",1073242545
cat in black and gold iron man suit ,3816120440
super Mario cold war era propaganda poster,2931298620
a purple tiefling bard with long white horns wearing light armor and carrying a guitar as drawn by the sketch goblin and thesketchgoblin ,2722070892
"portrait, anthropomorphic dingo, striped bathrobe, curly hair, electric sunglasses, surrounded by floating autumn dollar bills, fantasy, detailed, intricate, luminescent, elegant, coherent, by mandy jurgens, hannah yata and kay sage, donato giancola, detailed, artstation, cinematic lighting, artdeco, art deco outrun aesthetic ",3592045697
"hyper realistic and highly detailed woman golden armor, greg rutkowski, zabrocki, karlkka, jayison devadas, intricate, trending on artstation, 8 k, unreal engine 5, pincushion lens effect ",3253560381
"heart made out of barbed wire, logo, ink drawing, black and white, design ",547499376
"a man wearing a hazmat suit, in the desert, film still, panavision panaflex",2968103870
"narrow street between houses, fantasy art, concept art, high detail ",2788989714
"fullbody potrait of schitzophrenic woman in street, woman is wearing chains, hyper realistic, intricate, elegant, highly detailed, digital painting, artstation, concept art, matte, sharp focus art by boris vallejo and greg rutkowski, smooth, sharp focus, illustration ",4069632321
"detailed portrait art nouveau painting of Anna Cathcart as the goddess of the sun, with anxious, piercing eyes, by Alphonse Mucha, Michael Whelan, William Adolphe Bouguereau, John Williams Waterhouse, and Donato Giancola",3708044543
chonky john cena. Chonk cena. Chonk. Chonkers. John cena.,1052076524
"Socialist realist painting of Big Chungus by Isaak Izrailevich, Highly detailed, Full body portrait, Masterpiece",3039651554
"A beautiful highly detailed epic painting of Times Square at the bottom of the ocean townscape, warm saturatured colors, clear blue sky by greg rutkowski and thomas kinkade, panorama, Trending on artstation HD.",844727097
awsome looking bicycle,4090521343
"leonardo dicaprio using a flamethrower on the nazis, movie still, cinematic, lens flare, directed by quentin tarantino",2862803455
max payne jc denton buddy cop movie poster ,232529690
"vladimir putin as hitler, realistic portrait, symmetrical, highly detailed, digital painting, artstation, concept art, smooth, sharp focus, illustration, cinematic lighting, art by artgerm and greg rutkowski and alphonse mucha ",1573076125
instructions on how to learn to draw ,1449157468
"a painting of a castle in the middle of a snowy mountain, a detailed matte painting by andreas rocha and greg rutkowski, featured on artstation, fantasy art, matte drawing, matte painting, artstation hq ",3446345335
trumpet guy Douglas Levison entertaining Japanese businessmen at a Shinjuku night club,3689277035
"artstation concept of a beautiful girl holding a bow and arrow,  sweaty skin, symmetrical face, casual white garment, white desert background, shiny colorful, hyperdetailed, artstation trending, world renowned artists, worth1000.com, cgsociety, by greg rutkowski, by Gustave Doré, Deviantart",451004394
"ice dust around a frozen girl with white hair and blue eyes on the seashore, In detail",3603573587
"thor, marvel, artwork by nicholas roerich ",1506535829
"real life pickle rick with white labcoat and blue spiky hair, zeiss lens, photography ",2904953199
"sakura haruno in a wedding dress, cg animation, riot entertainment, arcane, realistic, character select portrait, by artgerm, greg rutkowski, alphonse mucha, 3 d ",977679575
"Alice fails to get to the special garden, dramatic, art style Megan Duncanson and Benjamin Lacombe, super details, dark dull colors, ornate background, mysterious, eerie, sinister",2425262847
a new comic book by artist sergio aragones - n 4 ,3383410642
"digital art of an african american teenage girl with gold and black fractures and cracks on her face by laura zalenga, underwater ink clouds billowing in glossy iridescent hues by alberto seveso, 8 k dop dof hdr ",3425437141
"Death is swallowed up in victory, artwork by artgerm, Long Bow and arrows, perched in a tree, full body shot, DD, fantasy, highly detailed, digital painting, artstation, smooth, sharp focus, art by thomas kinkade and Ruth Asawa and Thomas Cole",4191686423
"professional photograph of a few blocks of lego candy sitting on a wooden table, depth of field, 8 k, 8 5 mm f 1. 8 ",3755995026
"Kate Upton as a pop star, performing her hit song",427288255
a dog watermelon hybrid by gearbox software,2760414775
"a frog dunking a basketball into a basketball hoop highly detailed, sharp focus, matte painting, by isaac levitan and asher brown durand, ",1108249580
"space, gods, aliens, planet, voodoo, ghost, weapons, cosmic, india, masterpiece. rendered in blender, ultra realistic, smooth shading, ultra detailed, high resolution, cinematic, unreal 6, perfect face, cyberpunk, fine details, studio lighting, subtle shadows, art by katsuya terada, photorealism, hyper realism, octane render, hyper detailed, canon eos r 3, f / 1. 4, iso 2 0 0, 1 / 1 6 0 s, medium shot, 8 k, raw, unedited, in - frame,, - h 5 7 6 ",93939475
"a winter landscape with shrubs and trees on a clear day, landscape painting ",3342579690
"hyperrealistic image of bullfrog, by thomas eakes & greg rutkowski & xiang duan & mike judge, perfect symmetry, dim volumetric lighting, photorealistic, 8 k octane beautifully detailed render, post - processing, extremely hyper - detailed, intricate, epic composition, lifelike attributes, cinematic lighting, masterpiece, trending on artstation, very very detailed, stunning, ",978306827
"cats dressed in yellow raincoats. A banner that reads 'Wiz Biz only, Fools' adorns the back wall. Hypermaximalistic, hyper detailed 4k resolution photo realistic",1941171913
"scifi background, machinery, pipes, dimly lit, glowing buttons and neon lights ",4234667948
"a surreal, beautiful alternate dimension | | digital painting by james gurney, trending on artstation ",2611497016
"a pixar cars vehicle, with the appearance of hatsume miku, digital art, detailed ",2153590887
highly detailed sharp focus extremely realistic horrifying scared 3 / 4 portrait oilpainting of minotaur lady in style of michael hussar 8 k ,419716410
"a hellish landscape of intricate design made solely of gory meat and decaying intestines, with blood rivers and waterfalls, teeth protruding from the cliffs, with numerous meaty tendrils writhing and whipping through the moist air, high quality, digital art, realistic",4087595263
"a painting of a castle in the middle of a snowy mountain, a detailed matte painting by andreas rocha and greg rutkowski, featured on artstation, fantasy art, matte drawing, matte painting, artstation hq ",3446345335
"[Jeff Koons] [oil painting] of a [tree] in the style of [rembrant], [sculpture] and [hyperrealism]",98463404
"three views game character design by illustrator of riot games, donato giancola and greg rutkowski. just one lonely black tape project show attctive showgirl!! full body!! future head set. contour light effect!! 8 k. stage light. octane render. sharp edge. ultra clear detailed ",3790681961
"elegant interior of a split level villa, iteratively stacked and recursively jointed glulam blocks in the style of japanese joinery, fusion of frank lloyd wright and shigeru ban, lots of plants and ivy, people sitting on contemporary furniture ",3175786001
"beautiful angel on outdoor festival in 1 9 6 9, photo realistic, light skin asymmetrical face, ethereal volumetric light sharp focus ",1218782310
"psychedelic mushrooms dream, no fears, okay one fear, by dave gibbons ",3493009455
"full body portrait of teen girl, pink hair, gorgeous, amazing, elegant, intricate, highly detailed, digital painting, artstation, concept art, sharp focus, illustration, art by Ross tran",2427774649
sculpture of the earth with big cracks and duct tape ,4021291733
"Ottoman Emperor George Washington, diffuse lighting, fantasy, intricate, elegant, highly detailed, lifelike, photorealistic, digital painting, Ottoman armor, artstation, illustration, concept art, smooth, sharp focus, art by John Collier and Albert Aublet and Krenz Cushart and Artem Demura and Alphonse Mucha",3734456886
"duolingo bird in a trail cam, 4 k, hyper realistic, dslr, high resolution, landscape, scary, night vision ",512890349
"digital painting, street, night, utopian architecture buildings with cinematic lighting, cinematic, holy place, paradise, scifi, futurism, atmospheric, concept art, artstation, trending on artstation, zaha hadid ",3040463545
a flying cat in the sky ,586092970
"a laboratory, ( ( ( ( ( katniss everdeen ) ) ) ) ) as a student, wearing a school uniform, is holding a tiny man, digital art, greg rutkowski, artstation ",3067761814
"the predator from the movie in rain forest, in style of concept art, trending on artstation ",4026409380
"ceaseless watcher, turn your gaze upon this wretched thing, horror, photograph ",3883867342
concept art of a giant 1 0 meters high snail on the streets of a city ,139272685
"a low quality image, glitchcore, clastrophobic emptyness in the eternal void, surreal, liminal, creative, rule of thirds, artstation, pinterest, behance ",2020699441
"zelda fantasy art giant golem troll wood rock greeble gemstone, global illumination ray tracing hdr fanart arstation by sung choi and eric pfeiffer and gabriel garza and casper konefal ",51042069
"Beautiful and playful ethereal singer portrait, art deco, fantasy, intricate art deco golden designs, elegant, highly detailed, sharp focus, art by Artgerm and Greg Rutkowski and WLOP",2267958279
"a black and white drawing of a road splitting the ocean and leading to a giant eyeball in the distance, the eyeball is looking at clouds, beautiful illustration, screen press, by mc escher ",932894186
a very detailed photo of a lion smoking a cigar outside the mansion by the pool ,1722919016
"rimuru tempest smiling, tensei shitara slime datta ken, highly detailed, professional digital painting, concept art, extreme illustration, unreal engine 5, photorealism, hd quality, 8 k, black hoodie, fur scarf, cinematic, art by andy warhol, yoshitaka amano ",859582574
"highly detailed painting of emma watson wearing a black cat lolita maid dress, stephen bliss, 8 k, by greg rutkowski, artgerm, loish, rhads, global illumination, detailed and intricate environment ",124038762
"cat, octane render ",4068295837
"extremely detailed, intricate photorealistic portrait of beautiful female android, art by steven meisel ",2582887600
gollum with chicken legs ,632859498
"photo of fabio lanzoni with black hair and a five o clock shadow wearing a black black leather vest vest, shirtless, dark cargo pants 9 9 9 9 9 9 ",171741934
"blonde viktor reznov from call of duty : world at war with a coat, a blonde goatee, short hair, fedora, and sunglasses, holding a wooden sniper rifle, establishing shot, art by yoji shinkawa, metal gear concept art ",1977555258
"the ultimate fighting animal, genetically spliced hybrid mix of gorilla and kangaroo, esport logo ",3699730492
"the sun rising just above the horizon over the sea by dan mumford and tim hildebrandt and donato giancola and ted withers and peter driben and greg rutkowski and roberto ferri, green water, synthwave, retrowave, highly detailed, high contrast, intricate details, blended palette, trending on art station, stunning visuals, creative, cinematic ",123456
"the face of a disgruntled man, made of buildings and infrastructure, by beeple and vincent di fate, trending on artstation ",3204445533
a photo of a top sirloin steak on a table,2094519198
"a beautiful landscape photo in northern Norway by a professional landscape photographer, night sky, northern lights, foreground rocks, water,long exposure, wide angle lens, rule of thirds",1054301733
"photo of australopithecus anamensis combined with homo sapien, with black human eyes, grey skin, flat human nose, hiding in grass, looking into camera, close up, telephoto Sigma 85 mm f/1.4",621227835
"self portrait of a robot raven with purple and black body armor, digital art, realistic, ultradetailed, concept art, art by greg rutkowski and thomas kinkade, trending on artstation, devianart, cgsociety",2626172159
"Portrait of a tank top-clad blonde female airship mechanic stretching and yawning in her cramped bunk, steampunk, defined facial features, highly detailed, illustration, Makoto Shinkai and Studio Ghibli animated film still, by Ilya Kuvshinov and Alphonse Mucha",469997753
"face of an armored villain, Ultron, evil, dark, mask, joker smile, iridescent eyes, purple and green highlights, metal, knight, teeth, joker, terminator",3344031743
"Donald Trump as the little mermaid Ariel, sharp focus, fantasy style, octane render, volumetric lighting, 8k high definition, by greg rutkowski, highly detailed, trending on art Station",1293455103
"in a dusty red desert, a team of five swat future soldiers in dark green tactical gear like death stranding hike. They 're afraid.  mid day, heat shimmering, color, 35mm film photography, lawrence of arabia",1401914132
"of a beautiful black haired woman with pale skin and a crown on her head sitted on an intricate metal throne, clean cel shaded vector art. shutterstock. behance hd by lois van baarle, artgerm, helen huang, by makoto shinkai and ilya kuvshinov, rossdraws, illustration, - h 1 0 2 4 ",2466384377
,105309536
"goddess symmetrical centered portrait. butterfly jellyfish phoenix head, nautilus, butterfly, skull, ice and fire, bioluminiscent creatures, intricate artwork by Tooth Wu and wlop and beeple. octane render, trending on artstation, greg rutkowski very coherent symmetrical artwork. cinematic, hyper realism, high detail, octane render, 8k",3842784007
"rocks on transparent background, orthographic, 2 d artwork by dom qwek, front side full, trending on polycount, artstation, 2 d hard surface modeling, hd, vray, 8 k, sharp high quality artwork in style of greg rutkowski, concept art, blizzard warcraft artwork, hearthstone card artwork ",2766333949
"”Japanese anime girl, pink, extremely beautiful, action shot, by Kurahana Chinatsu”",1678930003
"concept art of a modern office life, young attractive business woman in pencil miniskirt and sleeveless turtleneck, pinterest, artstation trending, behance, highly detailed, by rembrandt, by konstantin razumov ",3672663159
"Moody film stills from Oscar-winning movie, shot on ARRIFLEX 535 B Camera, Moviecam Superlight Camera and Cooke Varotal 20-100mm T3.",680905329
"medieval among us crewmates, bayeux tapestry, historical, museum exhibit",1890979946
"1 8 0 0 s r 2 d 2 robot, large metal mustache, muted colors, benevolent, nebula background, glowing eyes, detailed realistic surreal retro robot in full regal attire. face portrait. art nouveau, visionary, baroque, giant fractal details. vertical symmetry by zdzisław beksinski, alphonse mucha. highly detailed, realistic ",856048547
avatar of a white poodle by of pablo picasso ,424541265
"concept art of a massive sea vessel in precarious conditions with a slum on its enormous deck, grimy, gritty, blade runner 2 0 4 9, trending on artstation, award winning painting, cgi, art by john berkey and anton fadeev and john howe and simon stalenhag ",365948743
"painting of hardsurface form practice, big medium small, caravaggio ",2751462046
Enrico Letta obtaining the ultimate power and driving a Metal Gear,460385100
"a portrait of a muscular anthropomorphic cyberpunk chimp in spacesuit armor with ensignia on chest plate by sandra chevrier, by jon foster, detailed render, post - processing, extremely hyperdetailed, intricate, epic composition, cybernetics, 4 k realistic, cryengine, realistic shaded lighting, sharp focus, masterpiece, by enki bilal ",3732304973
hummingbird made out of crystal ,2092669630
"photo of a buff shiba inu holding a baseball bat in its hands. Forrest dof. Highly detailed 8k, fantasy",1906845567
apex legends loot crate,114545897
"lanky young half - orc warrior, leather cuirass, buzzcut, portrait, highly detailed, headshot, digital painting, trending on artstation, sharp focus, illustration, art by greg rutkowski and magali villeneuve ",1529761027
"luna moth extremely psychedelic eclipse, owl mask, glowing, passionate, feather, surreal, detailed, face, intricate, elegant, lithe, highly detailed, digital painting, artstation, concept art, smooth, sharp focus, illustration, art by artgerm and artem demura and alphonse mucha ",2056240574
"face icon stylized minimalist total recall, loftis, cory behance hd by jesper ejsing, by rhads, makoto shinkai and lois van baarle, ilya kuvshinov, rossdraws global illumination ",991945454
amy winehouse patting a kangaroo at the sydney opera house painted by alphonse mucha ,1858274976
"portrait of middle aged woman sitting in a table with a hot cup of tea, small wide smile, mandel eyes, glasses, smooth skin, small plump lips, oval face, wrinkled big cheeks, calming white background of a kitchen with yellow flowers, cheerful colours, oil painting, artstyle of michelangelo ",3886737226
"close - up schoolgirls posing together in thigh boots. by takashi takeuchi, yoshiyuki sadamoto, amagaitaro, makoto shinkai, krenz cushart, asao urata, pixiv ",1980131503
"“ fred flintstone and barney rubble riding horses, cowboys in the desert, hyper realistic, award winning, cinematic. ” ",2233898503
segmented skateboard ,376238362
"electric vehicle plugged into a glowing sci - fi container, a sense of hope and optimism, hyper realistic, high res, 4 k, harsh light, edouard groult, kirill leonov, isaac zuren ",896619460
"a teddybear sitting on a bed, beautiful night sky, 3 d render, hyper - realistic detailed portrait, ruan jia, wlop. scifi, fantasy, magic the gathering, hyper detailed, octane render, concept art, peter mohrbacher ",1029048659
"realistic illustration of a beautiful rusted mechanical faerie queen with glowing eyes, moth wings with geometric patterns, reflective detailed textures, highly detailed dark fantasy science fiction painting by donato giancola and tom bagshaw and diego rivera and jean delville, silver and cool colors, artstation, octane render ",1444494508
"beautiful cat!!! wearing hijab!!!, brown eyes, beautiful, portrait, focused ",3485794654
"manacing dimensions, hyperdimensional, award winning, 3 d ",4266412392
"detailed realistic full body cyberpunk police detective wearing trench coat female character concepts by senior concept artist, in the anime film ergo proxy, featured on artstation, anime aesthetic ",3533267149
"epic view of a secret cave with a blue lake far at the bottom, dark light, volumetric light, penumbra, shadow effect, surrealism, beautiful, hipa award winner, sony awards winner, photography, best photography, full of details 8 k, high quality, wide view ",546909859
"walking around obi castle!! town!, miyazaki, japan. volumetric lighting, autumn, late afternoon, ( cherry blossom trees ), nice slightly overcast weather, realistic illustration, perfectly shaded, soft painting, art by krenz cushart and wenjun lin ",1108875980
"girl covered with tattoos wearing tactical gear, intricate lights, bio luminescent, plasma, by ruan jia and artgerm and range murata and wlop and ross tran and william - adolphe bouguereau and beeple. key art. fantasy illustration. award winning, artstation, intricate details, realistic, hyperdetailed, 8 k resolution. ",3403033381
"a boy surrounded by lovecraftian horrors, highly detailed, gloomy, digital painting, trending on artstation, concept art, sharp focus, illustration, art by alphonse mucha and kaethe butcher and krenz cushart, black and blue and green color scheme ",2740380939
"portrait of Lara Croft, Tomb Raider, brown eyes, face, fantasy, intricate, elegant, in purple swamp, green mist, highly detailed, digital painting, trending on artstation, concept art, smooth, sharp focus, illustration, art by artgerm and greg rutkowski and alphonse mucha, unreal engine, 4k, 8k",2815822681
bazelgeuse boss of monster hunter world iceborn worldboss guild raid digital painting bioluminance alena aenami artworks in 4 k design by lois van baarle by sung choi by john kirby and artgerm style pascal blanche and magali villeneuve ,2133664383
"character design, spiderman x warcraft, digital art, epic composition ",4158587632
"nft that people everyone will buy, hyper realistic, artstation trending ",2212641749
"street photography by fred herzog and william eggleston, award winning photo of an ultra detailed intricate dirty ferrari speeding very fast on mud, fast shutter speed, motion blur, tiny gaussian blur, highly detailed, highly intricate, depth of field, trending on top gear ",2800662412
"Digital art, a teenage witch frees trapped souls from a glass orb, trending on ArtStation",4017497343
"oculus ad from the 8 0's, synthwave, high detail ",1157592946
"All Hail the mighty Cyberfrog ! In its natural environment, Close up. Macro. Hyper realistic, translucent, glowing. Synth wave",4100594152
"humanoid animal, concept art oil painting, portrait ethereal by jama jurabaev, extremely detailed, brush hard, artstation ",4043986133
"beautiful woman seen in profile, haloed by an explosion of microsoft excel chart lines and graphs by sandra chevrier, rik oostenbroek, white background ",1083579717
2 0 0 7 john lasseter wearing a black suit and black necktie holding a light blue lightsaber ,401541366
"A masterpiece portrait of a Incredibly beautiful futuristic high fashion queer model girl with A large luxurious Victorian amber skull necklace. Rococo silk and lace dress. trending on artstation, digital art, by Stanley Artgerm Lau, WLOP, Rossdraws, James Jean, Andrei Riabovitchev, Marc Simonetti, Yoshitaka Amano",3410266879
" Jesus Christ as Rambo holding a Bow and Flaming Arrow, full body, photography, 4K",4242804432
"an anthromorphic lion man meditating in an african zen garden, by amanda clark in a psychedelic style, oil on canvas",1621915007
"Realistic Concept Art Invisible man in blue hat and Inuit glass. By Hiromasa Ogura in Gost in the Shell style, Cyan Gold blank light, UNREAL ENGINE 5,  8K, Golden Ratio",3909511423
ss enterprise approaches the death start  a beautiful matte painting trending on artstation by moebius and beeple,1501714815
"tall, beautiful, muscular barbarian woman with tan skin, piercing golden eyes, and long dark braided hair. red ochre face paint, wearing leather and a fur cloak, symmetrical face, delicate face, digital painting, smooth, sharp focus, in the style of brothers hildebrandt and ivan bilibin, ",3577307088
"portrait of a beautiful young woman with bright purple eyes, flowing pink hair, celestial background, detailed face, fantasy, highly detailed, cinematic lighting, digital art painting by artgem, trending on artstation, very very beautiful, very attractive, high fantasy ",193088952
"Kodak Portra 400, 8K, soft light, volumetric lighting, highly detailed, britt marling style 3/4, extreme Close-up portrait photography of a beautiful woman how pre-Raphaelites with half face immersed in water, the hair floats on the water, a beautiful lace dress and hair are intricate with highly detailed realistic beautiful flowers , Realistic, Refined, Highly Detailed, natural outdoor soft pastel lighting colors scheme, outdoor fine art photography, Hyper realistic, photo realistic",3406424313
"pokemon shiny karrablast as a funko pop doll, cinematic shot, dramatic lighting, ultra detailed ",1206087444
balrog emerging from the depths of moria. painting by georges de la tour ,853862323
"transparent demon who wears clothes, chasing me around the dinner table in slow motion, dark, gloomy, terrifying",3527931230
"corgi devil, realistic photography, high detailed ",2496770121
"romance book cover, woman and man embraced tightly, red black palette, tristan eaton, victo ngai, artgerm, rhads, ross draws ",760777942
"a cute little grass type pokemon, green fire bursting out of his hair, highly detailed digital art, 3 d perspective, award - winning illustration, aesthetic, pokemon style, made by yuka morii ",3918310557
"space, dark, void of space, stars, crisp focus, NASA photography, octane render,",3649357665
"giant cherry tree floating overhead, girl walking in a canyon, surreal photography, sunrise, dramatic light, impressionist painting, colorful clouds, digital painting, artstation, simon stalenhag ",178490966
"Henry Cavil as Bob Belcher, Bob's burgers, cartoon",623291709
"analog vintage photography portrait polaroid of a city street seen from above, neon signs, clubs, drone footage, night, window lights, lensflare, red color bleed, heavy film grain, bloom, glow ",458381068
"cute and funny, squirrel wearing a helmet riding in a hot rod with oversized engine, ratfink style by ed roth, centered award winning watercolor pen illustration, isometric illustration by chihiro iwasaki, edited by range murata, tiny details by artgerm and watercolor girl, symmetrically isometrically centered, sharply focused ",1136482391
"a futuristic skull with glowing eyes and a wormhole tunnel cyberpunk art by android jones darksynth, synthwave ",2080285532
movie still of squidward in midsommar ,3312410244
intolerant artificial intelligence,2748021012
"midnight sakura, oil painting, trending on artstation, masterpiece, gorgeous composition, fine art, high quality ",4224354331
"close up of face of female fashion model, baroque style, beige colors, official vogue editorial, highly detailed ",3085266571
mountain lion in morrowind,3192770250
"a huge old weathered dark wooden door made with bright metallic rush plant ornaments, ornate, fantasy, photorealistic, octane render, volumetric light, high definition, ultra detailed, trandind on artstation, midjourney ",3935452848
"digital walls, displacement distortion RGB gamma shift, pixels",4124641166
"portrait of a mix of beautiful young maria shriver, mariel hemmingway, brooke shields and elle macpherson as wonderwoman, thin lips, hair tied up in a pony tail, colorful artstation, cgsociety ",2667837930
fat ttc bus driver,3394283779
"a ultradetailed beautiful painting of a stylish viking woman, modern apartment building in the background, bright sunny day, by conrad roset, by greg rutkowski and by makoto shinkai trending on artstation ",4091891760
"a man standing on top of a bridge over a city, cyberpunk art by Vincent Lefevre, behance contest winner, altermodern, cityscape, synthwave, matte painting",1426300798
"kitchen of the 50's in the style of hajime sorayama, volumetric lighting, back lighting, rimlight, dramatic lighting, digital painting, highly detailed, artstation, sharp focus, illustration, Artgerm, Jean-Léon Gérôme , ruan jia",849702576
"punk-punk naval battle, shots fired, clouds of smoke, cinematic wide shot, aerial view, high res, 120 film black and white photograph",610838543
"small tattoo design, black ink, ghost theme, detailed design, simple, on white background paper, drawing ",573095471
"machinarium, steampunk art, fantasy style, super high detail, super high quality, talented artist, trending on artstation ",4255469000
"emma stone, fused with a mango fruit, full shot photo, photoshopped, ripe fruit ",4279566539
"grunge cartoon painting of kanye with a wide smile and a red balloon by chris leib, loony toons style, pennywise style, corpse bride style, horror theme, detailed, elegant, intricate",1653159500
"Ruins of an walmart Temple in mesopotanian ancient city, walmart!!!!!!!!!!!!!!!!!!!!!!!!!! temple, walmart!!!!!!!!!!!!!!!!!!! award winning photo",2481789722
a cat standing next to a bottle of medicine. orange cat. animal. digital art. artstation. illustration. wide image. ,3501291359
"an immaculate octane redshift high key lighting headshot rendering of a cybernetic grizzly with embedded LEDs, a cybernetic eye, and an exoskeleton.",2027039615
"made of ice, a realistic detailed photo of a guy who is an attractive humanoid who is half robot and half humanoid, who is a male android, on display, blank stare, showing off his muscles, shiny skin, posing like a statue, by the pool, frozen ice statue, f 1 driver max verstappen, humanoid robot ",1828647167
"a high quality photo of a strange insectoid muppet god with furry fuzzy body and many segmented legs and hypnotic eyes, a muppet temple in the background, absurdist fantasy, sharp focus, vibrant, vivid, symmetry, highly detailed, cinematic, intricate lines, concept art by giger, lisa frank, josan gonzalez ",4144112138
"dragon age character wynne, 5 0 years old woman ash white long hair tied bun, holding long staff red orb, casting blue magic, gritted teeth, background full of war silhouettes, fighting darkspawn, full body, epic, d and d, cinematic, dynamic lighting, concept art, rich color, bioware, by greg rutkowski ",2307336835
"portrait of a girl by yusuke murata and masakazu katsura, artstation, highly - detailed, cgsociety, pencil and ink, city in the background, dark colors, detailed face ",3863053628
"chocolate candy bar packaging, 9 0 s style, very appealing, marketing photo ",1755947070
"dragonfly, by benedick bana and artur bordalo and tom bagshaw and craig davison and guy denning and harumi hironaka, trending on artstation hq, deviantart, pinterest, 4 k uhd image ",2592719401
"flying cars, megacity, the jetsons. Painting by Wyndham Lewis. vaporwave, intricate, hyperrealistic, ultra fine detail, ultra high resolution, fine texture detail, cinematic, 8k, photorealistic, epic photo, trending on artstation",1455208785
sci-fi car: zaha hadid : wall structure : logotype : and car on : the coronation of napoleon : and : digital billboard : in the middle : artwork in style of : Ruan Jia : Sheng Lam :,1308125775
"An astronaut holding a beachball, stranded on an alien island. the ocean is purple, and there are 2 planets in the sky. watercolour painting, oil painting, matte painting, cinematic, concept art, HD, colourful, synthwave, studio ghibli, purple, astral, nightmare, beautiful, otherworldly, intricate, highly detailed, mystical",4187957347
"Jeffrey Epstein shirtless wearing sunglasses fishing standing in a lake, golden hour, Stalker (1979) by Andreï Tarkovski, cinémascope, epic ultrawide shot",72655023
"corporate google isometric art if robot in datacentre, corporate isometric art, raytraced colourful 3 d ",30053895
"a still of edgar savisaar, starring as a drunk man, dystopian, cinematic lighting, nighttime, rain",2123732735
surface tension ,2841132461
wrenga jixton sitting at a table in a bar on tatooine,1645486847
"portrait of my ethereal waifu cute innocent green slimy alien female froggy lady, ana de armas, with adorable uwu eyes painted by greg rutkowski, wlop, 7 0 s scifi ",240265396
"“astronaut swimming in a red water ocean temple, HD national geographic photograph”",583846783
"portrait of a russian woman ( 3 5 ) from chabarovsk, russia in 2 0 2 1, an oil painting by ross tran and thomas kincade ",3987964486
stellar observatory in the style of gaudi,1618580991
florian truck ,1570501748
"hyperdetailed warm green by chantal joffe. a beautiful photograph. every conversation between friends or lovers creates its own easy or awkward rhythms, hidden talk that runs like a subterranean river under even the most banal exchange. ",3385650995
"fortnite's jonesy, portrait painting by arthur rackham edmund dulac, award winning, artstation, sharp focus, extreme detail",3558821829
"ultradetailed beautiful panting of post apocalyptic woman! with motorbike in half - opened leather jacket with helmet in front of burning desert, anatomically correct, pretty face, big breasts!, high detailed face!!!, by aaron jasinski ",798923985
"beautiful syrian slums, concept art, for modern warfare, painted by greg rutkowski, highly detailed, ",731099228
"mount epic armored blue wind rider screenshot world of warcraft 3 d alejandro alvarez alena aenami artworks in 4 k beeple, by thomas kinkade hearstone league of legends dofus overwatch ",4292315066
god-rays!!!!!!!!!!!!!!!!! light!!! gold ((((((treasure)))))) glinting,1002333240
Spider eats brain,3120466687
"After Armageddon all prophecy fulfilled in an new ectropic universe of angelic heaven, high resolution, hyper realistic, hyper detailed",3375215103
"vaporwave!!, vaporwave colors!!, an eccentric gothic king with long wild dreads, straight on, by artgerm, jamie hewlett, tom bagshaw, gerald brom, 4 k, smooth, hd, substance designer render, full body character concept art, ",1234228759
"she chained in neon chains, digital collage, decoupage, assemblage, photomontage, canvas texture, minimalist, contemporary art, punk art, photorealistic, portrait, expressionism, masterpiece, dynamic composition, spectacular quality, intricate oil details, shattered glass texture ",278585184
"planet made out of interconnected colorful rubber bands, photo, portrait, intricate, 8 k highly professionally detailed, hdr, cgsociety ",2703405626
"3 d rendered digital painting of cyan cute spirit axie pet dances under colourful discoball, in a fantasy mmo, ghibli studio ",3025074201
"pitch black gunpla droids kenku rifleman. anthropomorphic black bird beak. torso. destiny exotic helmet, science fiction, portrait by donato giancola and greg rutkowski and wayne barlow. top all time r / imaginarycyberpunk. ",1410658638
"two flows of energy touching each other, in a transparent cube. inside the cube, on its surfaces, a black hole devouring stars and galaxies, wide angle, cube, transparent, electroluminescence, reflective, glassy, mirror, electric, lightning, ray tracing reflections, fxaa, insanely detailed and intricate, hypermaximalist, elegant, ornate, hyper realistic, super detailed ",321252075
elf magical forest cabin with a chimney 8k fantasy Unreal engine,3685173849
"lili reinhart, realistic portrait, symmetrical, highly detailed, digital painting, artstation, concept art, smooth, sharp focus, illustration, cinematic lighting, art by artgerm and greg rutkowski and alphonse mucha ",2774509149
"of an intricate rainforest rocky lake with strange cute goofy creatures with huge eyes, long tongue, square teeth and big nose appearing from the water, in the style of jeff koons, macro lens, shallow depth of field, highly detailed, digital painting, trending artstation, concept art, illustration, cinematic lighting, vibrant colors, photorealism, epic, octane render ",3146424159
"dark scifi illustration 3 / 4, reading necronomicon. intricate, cinematic lighting mad scientist style. golden ratio accidental renaissance. in the style of jean michel basquiat and dave mckean. graffiti art, scifi, fantasy, hyper detailed. octane render. concept art. trending on artstation ",1816574806
"wide angle river, low angle panorama scary unproportionable dead body of octopus on side of the tribal river, heavy vignette, dramatic dark ,1900s picture",2104421518
"( psychic pokemon ) creature creature in a alaska, backlit, warm tones, bioluminescent bioluminescent translucent translucent : : by michal karcz, daniel merriam, victo ngai and guillermo del toro : : ornate, dynamic, particulate, intricate, elegant, highly detailed, centered, artstation, smooth, sharp focus, octane render, 3 d ",3428008492
"a skully portrait the war between mother earth vs human technology, character portrait made of fractals facing each other, ultra realistic, wide angle, intricate details, the fifth element artifacts, highly detailed by peter mohrbacher, hajime sorayama, wayne barlowe, boris vallejo, aaron horkey, gaston bussiere, craig mullins ",1278008686
"a hamster inspired speed boat in the ocean, 4 k, highly - detailed, concept render art ",3820633065
"nba 2 k 2 2, playstation 4, character design, cardale simmons, facial portrait, detailed, reddit contest winner ",2512125219
"a mage gnome shooting lightnings against a lion, white background, elegant, digital painting, concept art, smooth, sharp focus, illustration, from StarCraft by Ruan Jia and Mandy Jurgens and Artgerm and William-Adolphe Bouguerea",3170670854
"high school yearbook photo of katniss everdeen, wearing a white shirt and black trousers, 2 0 0 9 ",1330091532
"portrait of the powerful empress of the solar system in the style of peter mohrbacher and in the style of donato giancola. glowing, ornate and intricate linework, sharp focus, depth of field, stunning, dynamic lighting, ultrafine and hyperdetailed. ",4226863540
a strange over grown garden portrait by christian schloe very surreal ,1241770610
"moon landing, pink floyd, clockwork orange, conspiracy theory, dreamy artwork ",1477514708
"self portrait of a racoon in the style of Leonardo Da Vinci, very detailed, drawing",2090196378
"a very very very very very very beautiful realistic still of a woman holding a newly born cyborg baby in a cyborg factory hospital, rendered by beeple, by makoto shinkai, syd meade, starwars, space art concept, sci - fi, digital art, unreal engine, wlop, trending on artstation, 4 k uhd image, octane render ",4080621903
"naraka buddhist demon michael jackson face, highly detailed, symmetrical long head, smooth marble surfaces, detailed ink illustration, gold gear, cinematic smooth stone, deep aesthetic, concept art, post process, 4 k, carved marble texture and silk cloth, latex skin, highly ornate intricate details, in the style of 8 8 grzes ",3976280112
kpop girls drawn in anime style ,877170654
"close up portrait of mario as minecraft character, blocky video game character, low res textures ",3634485612
"a 2 d concert stage, design, vector art, digital art, portrait, 4 k, 8 k, sharp focus, smooth, illustration, room, concept art ",1777084052
"a wlop 3 d render of very very very very highly detailed beautiful mystic portrait of a phantom ethereal ape mage with mushroom hat and frosty background by anton pieck, intricate, extremely detailed, micro detail, digital painting, artstation, concept art, smooth, sharp focus, illustration, intimidating lighting, incredible art, ",1532757034
"kodak portra 5 0 0, wetplate, flashlight, muted colours, 2 0 0 mm lens, 1 9 3 0 s award winning vivid colour portrait deep insight inside a very surreal alice and crazy rabbit in wonderland garden szene by saul leiter, insanely detailed, insanely intricate, depth of field, motion blur, no people ",2578046327
"dynamic fight scene, between huge giants human skeleton with a great sword and beautiful angels with halo, blurred clouds, environmental light, rim right, sharp focus, highly detailed, high quality, intricate, smooth, 8 k, masterpiece, cosmic horror + fantasy illustration by greg rutkowski and jeremy lipking and quentin mabille ",4168040031
"fat obese keanu reeves medium portrait, trip to legnica, documentary still, bokeh, natural ",2178640178
"luminous cathedral of dreams and nightmares floating on cosmic cloudscape, futurism, dan mumford, victo ngai, josan gonzalez ",2087494605
"[ full - body portrait of a woman made of wires ]! with a disdain facial expression, trending on [ artstation ]!, digital art, cgsociety contest winner, [ symmetrical ]!, golden ratio!, award winning, bioluminescent colors, volumetric lighting, futurism!, cyberpunk atmosphere, front view ",2691340617
"a whirlwind of souls rushing inside the metaverse, hologram, half body, dreads, sunglasses, jewelry, android, cyborg, cyberpunk face, by loish, d & d, fantasy, intricate, elegant, highly detailed, colorful, vivid color, digital painting, artstation, concept art, art by artgerm and greg rutkowski and alphonse mucha ",3396070546
"full view, from a distance, of cowboys with tattoos, style of yoshii chie and hikari shimoda and martine johanna, highly detailed ",1905073433
"slenderman, human subjugation, mind control, dystopian, pj crook, edward hopper, oil on canvas ",858962070
"a garden of basil, shaped into the word'pizza'",411295371
"vector art of welsh dragon and panda mixed, intercrossed, chimera, adobe illustrator ",2807083537
"beautiful extreme closeup portrait photo in style of 1980s frontiers in retrofuturism deep diving helmet fashion magazine wachowski edition, highly detailed, eye contact, soft lighting",1366585343
The successful hunt of the last arctic fox,707724529
"very detailed portrait of lady vin 5 4 3 2 9 from mistborn ascending to sky from behind, wearing black tight clothing, waving the shredded in strips cloak, medieval town landscape, detailed face, trending on artstation by greg rutkowski loish rhads ferdinand knab ",2604906286
baby blue dragons playing in the grass ,3675128258
"mage, vogue magazine, elle magazine, instagram fashion, ilya kuvshinov, john singer sargent, trending on artstation, oil painting, side profile portrait, intricate ",2259431791
"a photorealistic hyperrealistic sci - fi rendering of gigantic tall highly detailed alien biomechanical tripods in a crowded tokyo, shinjuku street crossing at night, beautiful dramatic moody lighting, bladerunner, bright colorful neon signage, wet streets, reflections by greg rutkowski, james paick, wlop, volumetric lighting, cinematic atmosphere, artstation, 8 k ",3964895903
a granite earring. It is decorated with alpaca wool and encircled with bands of birch. This object menaces with with spikes of emu leather.,2105954385
"landscape from xenoblade, fantasy, epic scale, highly detailed, digital painting, artstation, concept art, matte, sharp focus, illustration, hearthstone, art by artgerm and greg rutkowski and alphonse mucha ",3156620496
"epic professional digital art of simple hippo, atmospheric lighting, painted, intricate, detailed, by leesha hannigan, thierry doizon, ignacio fernandez rios, best on artstation, cgsociety, epic, stunning, gorgeous, much detail, much wow, masterpiece ",3296789580
"hyper realistic detailed last supper image of a criminal yakuza reptile family in oriental clothes in an old italian restaurant feasting over alien brain salad and roasted flamingo dishes and drinking neon blue wine by Bel Fullana, Rhys Lee, Storm Thorgerson, and Beeple, neo expressionism, semi naive, rich deep colors, cinematic. Allison Schulnik painting, part by Adrian Ghenie and Gottfried Helnwein. art by Ron Mueck. masterpiece",1662246019
"artistic portrait of a barbarian goddess of war, wearing chainmail lingerie, perfect fit body, long red braided hair, beautiful eyes and lips, art by artgerm, highly detailed, digital painting, trending on artstation, concept art, sharp focus, illustration, masterpiece ",682226440
"wide - angle shot of of hotorget metro station, wong kar wai ",2717856194
"the most beautiful woman in the world, in the style of julia razumova, beautiful, happy expression, cheery, unreal engine, octane rendering, 8 k, closeup headshot, smooth ",2842477063
Danny Devito in Citizen Kane,3378540031
tom and jerry 1940s cartoon pokemon cards,2029730047
"detailed interior of giant underwater marine theme park LeMU, Erste Boden, completely flooded, destroyed, submerged, ruined, wrecked, anime key visual",2177563135
"Great wave off Kanagawa, cyberpunk, neon, dramatic lighting",3218602495
"sexy man eating an ice cream, highly detailed, octane render, slightly off, sharp focus, volumetric lighting",4195921151
namaste egg roll,2457368491
"a beautiful landscape photo of snowy mountains, award winning photo, cinematic masterpiece, 4 k ",3977341439
"close up portrait of a pharaoh, by bruce gilden and trent parke, old film glitch overlay ",3535197811
"hooded wise old man ( long white beard wearing a brown hooded tunic ) sitting on a lions back, majestic, epic digital art, cinematic, trending on artstation, superb detail 8 k, wide - angle, masterpiece ",3904056693
"the great wave off kanagawa, painted by jacques - louis david and josan gonzalez and craig mullins and moebius and greg rutkowski ",4087426740
"photorealistic closeup of mouth and eyes, pale woman by saul leiter, very blurry, translucent white skin, foggy ",1827364671
"an octopus with brad pitt’s face, hyper realistic",3865807871
anime manga skull portrait young woman hair cyborg robo mecha skeleton illustration style by Alphonse Mucha warhol pop art nouveau,4260612863
zombie greta thunberg in forestpunk style ,606723038
"Freddie Mercury in concert singing as a Jedi, light saber microphone, digital art, realistic, detailed studio photography, rim light, sharp",783542207
perfect fried chicken leftovers ,3487492715
Javi de prado portrait,4168016205
a courthouse building in Lubbock Texas,3384495615
"a fullbody portrait of motoko kusanagi riding on top of a tachikoma : : stand alone complex, ghost in the shell, netflix : : by ilya kuvshinov, rossdraws, artgerm, sola digital arts, anti aliasing, raytracing : : ",80094239
"the last of his kind on earth; a body something like the skeleton of a whale and a centaur, with large compound eyes, scuttling through the dirt of a battlefield in world war 1, painting by Rembrandt and Beksinski",3926791167
"Ibn Al Haitham AI lens goggles, futuristic, page, by da vinci",2886450943
"Angry Dwarven Monk, Bald, Red Beard, Jumping, Ivan Aivakovsky, Boris Vallejo, epic fantasy character art, D&D Concept Art, full length, Realistic, Regal, Refined, Detailed Digital Art, Oil Paining, Exquisite detail, post-processing, masterpiece, Cinematic Lighting, Unreal Engine, 8k, HD",330143871
"film still of luke skywalker if he killed darth vader, 4k, cinematic, movie",1434408703
david bowie performing on top of a spaceship in space ,1671357671
infinitely detailed vividly pixiv scenery art oil painting ¥¥¥¥ rk. escher museum - quality! world's medicine was conjugated into an unknown ecstatic reservoir of separated hedonistic monastery poison ice shards. mycopian gem of otherworldly fashion sense. biomechanical 8 k kodak sun rays. oil painting ¥¥¥¥ museum - quality,2267728272
"a cinematic poster of green tennis ball monsters, in space, digital art, fantasy, magic, chalk, chalked, trending on artstation, ultra detailed, detailed, fine details, professional illustration by basil gogos ",1821624257
"an alien standing in front of a soviet apartment block, 1 9 7 0 s photography, camera flash ",1716935087
the gioconda seated in front of a tiny house designed by shigeru ban. - n 4 ,32944103
mark zuckerberg as the hunchback of notre dame ,2333384357
"Solomon Joseph Solomon and Richard Schmid and Jeremy Lipking victorian genre painting full length portrait painting of a young cottagecore walking in an open field of wheat, red background",462298463
group of 9 0's anime characters ,1578073855
"Giant stocky screaming daemon statue. Enchained. Chains. Bloom, volumetric lighting. Dark fantasy, digital painting, HD, 4k, detailed.",1190190134
"portrait of Vincent Cassel, amazing splashscreen artwork, splash art, head slightly tilted, natural light, elegant, intricate, fantasy, atmospheric lighting, cinematic, matte painting, by Greg rutkowski",3453868287
wikihow to get away with crime ,592028184
a painting by Sheldon Cooper,529326053
medical poster showing human skeletal anatomy,2733793772
"epic professional digital art of hungry eyes, ambient golden light, painted, mysterious, cinematic terrifying prairie animals scene, eerie, mythic, detailed, intricate, grand, leesha hannigan, wayne haag, reyna rochin, ignacio fernandez rios, mark ryden, van herpen, artstation, cgsociety, epic, stunning, gorgeous, wow wow detail ",2619432221
"wide shot portrait of a fox by irakli nadar with intricate detailed color smashing fluid oil paint and acrylic, heterochromia, melting wax, mycelia, abstract impressionism, ruan jia, fantasy, hyper detailed, concept art, by gustav klimt, ",1820453738
“David Bowie as video game concept art”,309144700
"an illustration of mage cat on a medieval highlands, photorealism, artgerm, hyper detailed, digital art, trending in artstation, cinematic lighting, studio quality, smooth render, unreal engine 5 rendered, octane rendered, by klimt and nixeu ian sprigger wlop kim jung gi ghibli ",924597627
"pretty young woman with long blond hair, half body shot, path traced, highly detailed, high quality, digital painting, by studio ghibli and alphonse mucha, leesha hannigan, hidari, art nouveau, chiho aoshima, jules bastien - lepage ",1031094220
"portrait of a robot made of smoke, red eyes, embers, by henry asencio, artstation ",3340773454
"mage pharaoh wandering the desert. fantasy, digital painting, hd, detailed. ",2082184173
girl riding a deer in the forest trending on art station,124105647
"Jimi Hendrix acrylic paint pour, marbling, graffiti, very detailed, large white border, 144x144 canvas, hd, high resolution print :1 CMYK :1",2633214403
"how it feels to die, digital art, unreal engine, bokeh, octane render, 8 k hd ",2929054324
"thunders in the sky in a future city, outrun style and black and white, trending on arstation, by nihei tsutomu ",1523896543
"exquisite imaginative fantasy landscape with steampunk towers movie art by : : james gurney lucusfilm weta studio, trending on artstation james jean frank frazetta ",3418811353
wolf shiba ,654157931
photorealistic painting of a snail with sharp teeth outside of Madrid,698696185
"by remedios varos, my neighbor totoro and moomin ",1790228780
"a colorful, computer generated, abstract geometric intriguing render, abstract human figures dancing, blue, purple, green",1239422808
"commercial of 1 9 5 0 s housewife opening an oven to reveal dozens of butterflies flying out, sylvia plath, flying bugs ",2123221253
"anthropomorphic gangster rat with a large cigar in its mouth, wearing a fur coat, wearing sunglasses and a cap, long fur, anthropomorphic rat, detailed, 3 d render, 4 k, pixar ",488165538
"two gay men kissing as rainbows explode their heads, oil painting",1629686450
artwork by David LaChapelle,1003690914
concept art of a dancing cactus witherspoon a guitar ,2994051831
"glamorous tooth fairy, seductive eyes and face, elegant, lascivious pose, very detailed face, studio lighting, photorealism, wearing futuristic armor , portrait by Magali Villeneuve and Steve Argyle,Livia Prima,Mucha,dress,fantasy art,beautiful,artstation,trending on artstation,intricate details,alluring,masterpiece",1743402635
portrait painting of a 3 0 years old rugged masculine muscular male pirate smug smirk long long hair soft hair flowing hair crimson hair upper body only open long coat elegant rugged handsome unreal render cinematic lighting art 1 9 2 0 period drama by bussiere rutkowski andreas rocha ,3115219382
"a man walking on clouds away from the camera above kyoto by takashi murakami, beeple and james jean, aya takano color style, 4 k, super detailed, modern, 4 k, symmetrical ",4025239854
"realistic! photo of a balenciaga puffer jacket, color film photography, 35mm",4098837503
"portrait of a flower rambo pug, art by milka oxana, sticker, colorful, illustration, highly detailed, simple, smooth and clean vector curves, no jagged lines, vector art, smooth ",3323581236
how you view yourself ,811729654
"cinematic scene with muda muda muda muda muda muda muda muda muda muda muda muda muda muda muda muda muda muda millie bobby brown from jojo's bizarre adventure, live action film, stone ocean, dramatic, small details, ",3874162313
simple portrait painting of a bookseller in a bookstore moebius ,2560288033
"a photorealistic dramatic hyperrealistic stylish graphic color poster illustration of ac / dc highway to hell by joe fenton, color concert poster art design, beautiful dynamic dramatic dark moody lighting, shadows, cinematic atmosphere, octane render, 8 k ",197051664
"hyperrealistic portrait of stunningly beautiful silver haired girl, lit by dawn light, deep forest on background, trending on artstation,ultrawide angle, f8 , polarizer , unreal engine",3793736959
" robot ninja helmet mask fantasy art apex fortnite Video game icon, 2d game art gta5 cover , official fanart behance hd artstation by Jesper Ejsing, by RHADS, Makoto Shinkai and Lois van baarle, ilya kuvshinov, rossdraws ",1597230731
"ultra realistic, concept art, assortment of futuristic guns on a glass table in a locker room, sci - fi, intricate details, eerie, highly detailed, octane render, unreal, art by artgerm, straight lines, sharp ",2980684494
best girl ,1179470734
"pencil concepts or sketchs, with multiple proposals, for spaceship model of a jetfighter, scifi, gradius, ikaruga ",3330609446
"plasticine wet shiny angels, crystal, moonlit, mirrors, camera angled dramatically, realistic hyperdetailed design of pepe the frog, ferocious, chinese mythology, victo nga, fumo yoshitoshi, ren jing jeong, feifei ruan, peter mohrbacher, takato yamamoto ",2137865066
hyper detailed fancy cat tattoos ,2647774904
"spooky lisa frank pattern fantasy character portrait of count dracula in a snes arcade game, ultra realistic, wide angle, intricate details, retro nintendo bitmap pixel art, highly detailed by peter mohrbacher, wayne barlowe, hajime sorayama, craig mullins ",3802999115
bekipan bekipan pelipper digital illustration fanart artstation by muhammad aiman ,3726294274
portrait of a man in the style of android jones and zdzislaw beksinski ,3531545057
"beautiful matte painting of river in forest, fantasy, small cabin ",3940131514
Dean Peppy Herbert as Iron Man,2521940223
"android hybrid of human and martian of abstract. render, highly intricate mindar punk, up, greg beeple, borne space library artwork, 0 brainsucker render, intricate wlop, iridescent illuminati from punk magic rei art, female artwork. accents octane zdzisław guadosalam ",3164570342
"gothic princess closeup face portrait. by william - adolphe bouguerea, highly detailed ",2555366371
"full body character concept art illustration of trasluscent james franco as gambit from the xmen comics by artgerm, greg rutkowski and alphonse mucha, specular highlights ",858168792
dressing room by alfred stevens ,2009709348
"pulp fiction, rick and morty ",2664982310
" Wall mural portrait of Mr Bean, urban art, pop art, artgerm, by  Roy Lichtenstein",3019921429
dark matter ultra violet future hyper space schizophrenia ambient sun and steel ocean HD 8K,640284287
"a beautiful photo of a lighthouse from silent hill, realistic, very detailed ",1628251936
"alex jones as a human - fish hybrid inside a water tank in a secret laboratory, ",3542556327
"a beautiful giant woman over a city, blonde, long hair, by greg rutkowski ",3531001839
super moon on cyberpunk cityescape landscape ,4250966463
"a portrait of a dante from devil may cry in a scenic environment by tite kubo, hightly detailed, incredible quality, trending on artstation, oil on canvas, digital art, 4 k ",1053141564
Portrait of Punk Millie Bobby Brown by Yoji Shinkawa,2894698973
"photography, 3 d render, monster, open door, window ",3253078341
a portrait of a beautiful ancient alien woman goddess bella hadid venus standing in iris van herpen dress jewelery and fractals in style of alphonse mucha art nuvo dmt trending on artstation made in unreal engine 4 ,3387871648
"a stunning HDR photograph of the interior of an abandoned cathedral with sunrays shining through stained glass windows, low angle, award winning photograph, ultra sharp and detailed",1232127359
"tokyo, victorian architecture, temples, high quality photography, 4 k ",132371116
"beautiful blonde model, 2 arms, steampunk clothes, full body and face and head, photorealistic, extreme detail, octane render, artstation, unreal engine",4038510591
"space, buddhism, futurism, painting by greg rutkowski, j. c. leyendecker, artgerm ",1426798191
zoological portrait of orange cthulhu by jim fitzpatrick and mandy jurgens ,4239035204
Pillsbury doughboy 1960s street performers,3864647902
square root of 0,1408419925
" 13 sentinel Vanillaware design Video game icon, 2d game artbehance hd by Jesper Ejsing, by RHADS, Makoto Shinkai and Lois van baarle, ilya kuvshinov, rossdraws global illumination ",579311292
wendys eating a burger in the art style of saturn devouring his son by francisco goya ,2460388405
"an overhead, national geographic, award winning photo of a lone kayaker being circled by a group of 5 great white sharks swimming just under the surface of the icey Antarctic waters. 85MM lens, f1.8",2418361855
"enormous flying fortress in a faberge egg, sky, steampunk, fantasy art, masterpiece, unreal engine ",2044235525
"a beautiful, unique, strange, mysterious woman, [[[[eyes opened]]]], eyes wide opened, amazing, stunning artwork, featured on artstation, cgosciety, behance",232985207
"a ship sinking in a raging storm, dark mood, amazing lighting, highly detailed ",1467100283
"promotional art, very cute disney pixar chinchilla, detailed fur, concept artwork, 3 d render official art, zootopia, cartoony, adorable design, disney disney, large eyes, whiskers hq, artstationhd, artstation, charlie bowater, artgerm, pixar, luca, disney pixar promotional art, by ilya kuvshinov katsuhiro villeneuve, jeremy lipkin and michael garmash and rob rey official ",2242477670
"fat french bulldog chef, unreal engine, beeple art ",2729533840
"a 3 d render of a glass sculpture of tommy wiseau set to the windows 9 5 background, vaporwave, pink background, hazy, dreamy, rendered in unreal engine ",4150739947
"An epic digital painting art of a portrait of a samurai with cape in the style of Cushart Krenz, trending on ArtStation",2897599010
"Facial portrait handsome goblin, looking at the camera, slight awkward smile, lips slightly parted, no hands visible, blushing, intricate, extremely detailed painting by Greg Rutkowski and by Henry Justice Ford and by Steve Henderson",2996310741
"very beautiful cottagecore selena gomez!!, intricate, stunning, highly detailed, digital painting, artstation, concept art, smooth, sharp, focus, illustration, art by artgerm and greg rutkowski and alphonse mucha",833114271
"Funny Soul, Realistic, Regal, Refined, Detailed Digital Art, Michael Cheval, Walt Disney (1937), François Boucher, Oil Painting, Steampunk, Highly Detailed, Cinematic Lighting, Unreal Engine, 8k",2740778751
"environment art, ukiyo - e ",3602637471
"digital painting of mental slug trending on Artstation, psychedelic, surrealism, neon, 4K, UHD, vibrant colors",2003465599
"portrait of russian iranian model girl jodhpurs winter traveler greg manchess painting by sargent and leyendecker, studio ghibli, fantasy, medium shot, asymmetrical, intricate, elegant, matte painting, illustration, hearthstone, by greg rutkowski, by greg tocchini, by james gilleard, by joe fenton ",819606726
"darth vader, by david lachapelle ",2333972493
a photo of an astronaut dog,2327473714
"upper body portrait of Donald Trump wearing Reichsstaffelführer outfit yelling angrily, standing alongside Schutzstaffel, inside a busy stadium designed by Marcello Piacentini, off-camera flash, canon 24mm f4 aperture, Ektachrome color photograph",2035185882
"a cow in the middle of a desert on Mars, wide landscape digital art, award winning art station render",3860673266
"product photo of ipa beer can, label by mucha, product photo, photograph, advertisement, beer can, ",2027815011
"a penguin with hat, james gilleard ",1867714160
"photo cartoon illustration comics manga painting of townenvironement : 6 fantasy environement, digital painting, unreal engine, 8 k, volumetric lighting, contrast by john kirby by carl warner and jim woodring, trending on artstation ",1700401439
aunt jemima covered in maple syrup horror movie cinematic ,2443959751
"cottage with emma watson standing in front, aesthetic, oil painting, pale colors, high detail, 8 k, wide angle, trending on artstation, ",4286090360
"portrait of the powerful empress of the solar system in the style of charlie bowater and in the style of mark ryden. glowing, ornate and intricate linework, sharp focus, depth of field, stunning, dynamic lighting, ultrafine and hyperdetailed. ",366721930
film still of bart simpson in the simpsons movie ,2348868873
"a giant sculpture made out of of gelatin in a human head shape, on the surface of the ocean, in the style of chad knight, long shot, hyper detailed, hyper realistic, ray tracing, 8 k resolution, sharp focus, realistic water, award winning sculpture ",2139637355
"Danny DeVito kissing Hillary Clinton in Paris, oil painting, romatic, 4k, realistic",1861375917
"portrait of bill murray as steve zissou, painting in the style of Wes Anderson. intricate artwork. by Van Gogh. octane render, trending on artstation, greg rutkowski very coherent symmetrical artwork. cinematic, high detail, octane render, 8k, iridescent accents",653142079
a retro vintage minimalistic fire flaming spicey jalapeno enamel pin ,3923441946
astronaut with a headphone playing keyboard floating in the space ,712423383
"picture spiritual native american man on mars looking to the sky, close up photo, realism, photograph, vibrant colors, red lighting, mist, smoke, ",2463685076
"a pfp of a highly lifelike beautiful divine tribal high priestess water with adornments of crystals wide hdr whole infinite capsule apparent with awe an idea seep's into infinity, face axonometric mechanical fantasy intricate elegant, in void of latent space, volumetric lighting h 2 5 6 ",16016635
"handsome man smiling with a beard wearing sunglasses, Mark Edward Fischbach, intricate, highly detailed, digital painting, artstation, concept art, smooth, sharp focus, illustration, gta v cover art, Unreal Engine 5, 8K, art by artgerm and greg rutkowski and alphonse mucha",1087316093
"a victorian girl with black bob hairstyle wearing a long flowing blue dress dancing in a ball room, at a dance with other dancers. Full shot. Cute button eyes. By Makoto Shinkai, Stanley Artgerm Lau, WLOP, Rossdraws, James Jean, Andrei Riabovitchev, Marc Simonetti, krenz cushart, Sakimichan, trending on ArtStation, digital art.",1201214408
"beautiful painting by jeremy mann, only one head single portrait team fortress 2 scout the girl with the pearl earring as the team fortress 2 scout team fortress 2 scout team fortress 2 scout scout team fortress 2 scout, face details, extremely detailed, intricate, elegant, highly detailed, art by lois van baarle and loish! and rossdraws and sam yang and samdoesarts and artgerm and saruei and disney, digital art, highly detailed, intricate, sharp focus, trending on artstation hq, deviantart, unreal engine 5, 4 k uhd image ",2107691109
a man awakens to find he has been transformed into a huge beetle hyperrealistic cinematic 3 5 mm ,1477546802
"memento mori by amano, augustus pugin, and cameron gray, detailed realistic etching, gothic ornament, necropunk, skulls, bones, art nouveau, neogothic, ornate art nouveau botanicals ",3551010967
"1984 Ethiopian famine and drought as seen in Western TV, moody, dark, movie scene, depth of field, hd, 4k",2913687626
"realistic photoshooting for a new adidas lookbook, color film photography, portrait of a beautiful woman, in style of Tyler Mitchell, 35mm, film photo",1020004351
"art nouveau god of wind and oceans, rococo, humanoid - fine - face, pretty, key visual, realistic shaded perfect face, brown skin, fine details by stanley artgerm lau, wlop, mark ryden, andrei riabovitchev, marc simonetti, and sakimichan, trending on artstation ",1141621936
hyperrealism close-up fashion portrait by Roversi photo from The Holy Mountain by Alejandro Jodorowsky in style of Francisco Goya,572228712
"photography face portrait of a beautiful woman like adriana lima, black and white photography portrait, skin grain detail, high fashion, studio lighting film noir style photography, on a tropical wallpaper leaves patern background by richard avedon, and paolo roversi, nick knight, hellmut newton, ",422072114
"a snowman in the refrigerator drippy, beautiful painting, james gurney, trending on artstationhq ",1096680438
"A selfie of a woman in a dark room, with a spooky filter applied, with a figure in the background, in a Halloween style.",1179795062
"godzilla standing in the sea, dramatic thunderstorm with lots of lightning, moody, unpleasant, dynamic, intricate, highly detailed, octane render, epic digital painting by yuji kaida and alexandre calame and albrecht anker and asher brown durand ",638097074
"Cyberpunk Mr. Bean | Cyborg in Red surrounded by cables | 19th century wood-engraving , whole page illustration , rule of third, art in the style of greg rutkowski and thomas kinkade and Larry Elmore",3742371445
"if x - men cyclops was a bored ape with laser eyes, 4 k, hyperreal, octane render ",2696725033
"a 1 1 th century woman with a 1 1 th century hairstyle, detailed facial features, golden ratio, centered, photorealistic photography, photorealism, cinematic photography, fisheye!!!!! lens, artstation, cgsociety contest winner, vignette ",3971537500
"still of ryan gosling and margot robbie, in once upon a time in america ",3868996986
"a beautiful still from a studio ghibli movie, landscape scenery, puffy white clouds, green grass, tall trees ",3943112739
art by alexandre diboine (zedig),3017174271
"portrait of a combination of Ashley Greene, Katheryn Winnick, Victoria Justice and Adriana Dxim, Grace Kelly, Emma Watson and Lily Collins with blonde hair as Sailor Moon, countryside, calm, fantasy character portrait, dynamic pose, above view, sunny day, thunder clouds in the sky, artwork by Jeremy Lipkin and Giuseppe Dangelico Pino and Michael Garmash and Rob Rey and Greg Manchess and Huang Guangjian, very coherent asymmetrical artwork, sharp edges, perfect face, simple form, 100mm",467904117
"crosseyed giant fish with human legs and arms holding an umbrella while it rains, 4 k ",1638432922
Zootopia outtakes: Nick Wilde smoking weed,930863513
"the portrait of dark soul's creature inside the infinite room without doors and windows | pan's labyrinth movie by ridley scott with cinematogrophy of christopher doyle and art direction by hans giger, anamorphic bokeh and lens flares, 8 k, higly detailed masterpiece, cinematic, fog ",220995405
Disney princess in the style of Salvador dali,3734926335
propaganda of a landscape of mount qomolangma ,2861531088
"candid photo of an old man on a city bus holding a candy cane, in the style of martin schoeller, mark ryden, pixar and hayao miyazaki, harvest fall vibrancy ",2113996344
black man wearing blue shaded sunglasses and a straw hat ,2567517937
vladimir putin celebrating 4 th of july by edouard manet ,1821462857
"mount epic felsteed screenshot world of warcraft mounts worldboss fantasy comics that looks like it is from borderlands by jesper ejsing, by rhads, makoto shinkai alena aenami artworks in 4 k beeple, thomas kinkade heartstone league of legends dofus overwatch ",2963627295
"portrait of a girl with a biomechanic scale armor and neon light by Igor Morski,  dramatic lighting, highly detailed, trending on artstation",3420288425
"photo of gilbert gottfried eating a hotdog, 8 k, 8 5 mm f 5. 6 ",3721951560
“ amongus impostor super sus ” ,427445136
russian orc vs ukrainian uruk hai with flags fighting painted by el greco ,4092286716
"Portrait of a beautiful glitch woman in the jungle, trending on artstation",1510083265
"medieval portrait of millie bobby brown dressed as a knight in black armor, in the style of eugene de blaas ",91854641
"a duck with knitted pants, thick yarn",891352066
"a profile photo of a agent with diving helmet with tattoos on arm and neck, side profile in underwater, highly detailed, digital painting, artstation, sharp focus, illustration by  Sandra Chevrier",3347918591
"ancient ornate carpet, high details, bold line art, by vincent di fate and joe fenton, inking, etching, screen print, masterpiece, trending on artstation, sharp, high contrast, hyper - detailed,, hd, 4 k, 8 k ",1237046247
"aerith gainsborough, intricate, elegant, highly detailed, smooth, sharp focus, award - winning, masterpiece, in the style of tom bagshaw, cedric peyravernay, peter mohrbacher, pinterest ",1062628100
"portrait of a woman by greg rutkowski, slavic, redhead, cute, she is about 2 0 years old, beautiful, wearing starfighter pilot uniform, star wars expanded universe, highly detailed portrait, digital painting, artstation, concept art, smooth, sharp foccus ilustration, artstation hq ",1098066302
"isometric artdeco women by frank lloyd wright, isometric, painted by piet mondrian ",804749525
"a beautiful large eastern indigo snake, iridescent scales, 4 k, trending on artstation, award winning, photorealistic, volumetric lighting, octane render, ",1085020257
"cat minion, in space ",823231555
"post apocalyptic palace interior, human silhouette, luxurious furniture, interior decoration, paintings wall, murals, statues, by thomas kinkade, trending on artstation, photorealistic, hyper detailed, hyper realistic ",3191139050
"nerd donkey listen to some sick beats, extremely detailed, sharp focus, wide view, full body shot, smooth, digital illustration, by james jean, by rossdraws, frank franzzeta, mcbess, sakimichan, brosmin, danton fadeev, steve simpson ",2659381507
"porsche in front of skyscraper in the streets of new york city at night, vanishing point, long exposure, rose pink lighting, atmospheric, award winning photo ",2277588145
"ornate, intricate, young, beautiful, woman, realistic portrait, sadness, crying, ethereal, flowers covering eyes, skulls, art by emil melmoth, gustave dore, craig mullins, yoji shinkawa, art germ, pete morbacher, david lynch, hyper detailed, high detail, artstation, hyperrealistic, unreal engine 5, ravens, branches, ghost, clouds, colors, moths, gold, morbid headpiece, ",1725449955
"Archangel with golden wings, heavy armor, , intricate, headshot, highly detailed, digital painting, artstation, concept art, sharp focus, cinematic lighting, illustration, art by artgerm and greg rutkowski, alphonse mucha, cgsociety",972665855
"Hatsune Miku full body pin up modeling in idol unioform, with a park in the back ground, post war style, detailed face, american postcard art style, by Gil Elvgren",3507640497
oyster sofa ,2689516078
"a unique octopedal invertebrate with a skeletal head and long antennae, two compound sunken light brown eyes, and an indented jaw filled with tendrils. it has two short, large arms. it has a skinny thorax with a thick waist, and elongated a short, stocky abdomen. it has eight short, powerful legs that end in three - toed",1252280036
"hyper detailed ultra sharp of a beautiful apocalipsis scene, a negative character in biblical stories, 4 horsemen in the sky sended by god. behance hd by jesper ejsing, by rhads, makoto shinkai and lois van baarle, ilya kuvshinov, rossdraws radiating a glowing aura global illumination ray tracing hdr, 8 k ",2931695123
"matt leblanc face as a label!!! on a wine bottle body, 3 d, octane render ",2695877383
"12th century Chinese farmer, highly detailed, digital painting, cgsociety, concept art, sharp focus, illustration, art by artgerm and greg rutkowski and alphonse mucha",1678344703
mark zuckerberg on steroids chased on north pole by army of fat women in bikinis,674739135
"Biomechanical Arthurian Knight standing in an abandoned electrical plant, Elden Ring, Dark Souls, rubber undersuit, moody colors, 4k, glowing eyes in helmet, industrial environment, horror movie cinematography, electrical plant location, ultra realistic",3330607710
"portrait of black and psychedelic straight lines poster art by dan mumford, moebius, goblinko, richard corben, wayne barlowe, heavy metal comic cover art, psychedelic triangular skeleton, very intricate, thick outline, full body, symmetrical face, long black crown, in a shapes background, galactic dark colors ",3934041281
"documentary photo set ordinary people wearing white cotton fur costumes, wooden detailed masks of birds with brass sparkling fragments, reportage photography, scientific photography, noise, ultra realistic, ",77073218
"psychedelic, trippy, cowboy, moose, pine forest, planets, milky way, cartoon by rob gonsalves ",1658434160
"astronauts in the dark infinite underwater void - complex and hyperdetailed technical suit poster. reflection and dispersion materials. contour lighting. rays and dispersion of light. volumetric light. 5 0 mm, f / 3 2. noise film photo. flash photography. ultra realistic, wide angle. poster by wayne barlowe, hajime sorayama aaron horkey, craig mullins ",3980047496
"full body digital painting of a cute male anthropomorphic border collie fursona wearing a blue dog collar and standing in the rain, beautiful, model pose, realistic proportions, highly detailed, scenic background, trending on artstation, art by charlie bowater and henry asencio and and ross tran ",4226807674
"a painting of metal gear solid trending on artstation in the style of greg rutkowski, bosnian, watercolor, portrait, beautiful ",1957566080
"قطتان, oil painting",1932487973
"manliest strongman that ever lived, stern look, manly, massive muscles, big ",3542364952
0 0 0 0 0 ,545495027
"beautiful natural Vladimir Putin, intricate, elegant, highly detailed, digital painting, artstation, concept art, smooth, sharp focus, illustration, art by artgerm and greg rutkowski and alphonse mucha and loish and WLOP",268126668
"manuscript page with diagrams of dragons by leonardo da vinci, sketches, scientific studies, anatomy studies, academic art, intricate ",1451055763
toriel as a human ,489856890
chayote and squid dish,1434680796
"portrait, nightmare anomalies, leaves with a dog by miyazaki, violet and pink and white palette, illustration, kenneth blom, mental alchemy, james jean, pablo amaringo, naudline pierre, contemporary art, hyper detailed ",1826023746
solution to equation x + 2 = 5,1473478970
"painted portrait of ruggedly handsome zeus greek god by greg rutkowski gaston bussiere [ long white hair ] focused on face, muscular physique masculine manly mature, robe fantasy intricate elegant detailed digital painting concept art artstation sharp focus illustration gold paint ",1453297239
"anthropomorphic mouse wearing denim short shorts and yellow tank top, highly detailed, artgerm style, artstation, soft light, sharp focus, illustration, character design, concept art ",3345309634
crystethereal lavender atrium manipulation layeredinfusion lilac silver silver fuji pastel lilac sparkle fuji surreal creations serene lilac sparkle grey lilac weeping abstract collage,3584926719
"ice cream illustration by lliam brazier, green and yellow red color scheme, petros afshar, peter mohrbacher, victo ngai ",790376482
artwork by roman makarenko ,260502897
"hyper detailed illustration of a samurai battle by Kev Walker, simon bisley and paolo parente",1108403750
"a highly realistic fayum mummy portrait from Ancient Egypt, male, muted colors",2629902013
"bw 3 d render of a beautiful young kylie jenner female queen - cyborg - vegetal, intricate fractal ornament in the bust with a very long neck, elegant, highly detailed intricate rococo ornament in her silver long hair, realistic, refined, highly detailed, cinematic outdoor lighting, by flora borsi in the style of dora maar, volumetric lighting, hyper realistic photography ",1388151397
"mole - ogre fantasy creature hybrid, standing in the cave entrance, fantasy intricate elegant extremely detailed digital painting trending artstation concept art sharp focus illustration art by gustave courbet greg rutkowski craig mullins ",3518824105
"an ancient creature, by asaf hanuka, by caspar david friedrich, by wangechi mutu, indian art, soviet art, dichromatism, on path to enlightenment ",1828407858
"human amoeba by greg rutkowski and norman rockwell and gil elvgren, opaque yellow liquid, tendrils, ooze ",726650676
"a 3 d render of a crowd of anthropomorphic figures, made of an honeycomb organic pattern of transparent crystal, surrounded by fog, on a dark background, depth of field, dramatic, gritty, by etienne - louis boullee and frank gehry, hyper realistic, 4 k, unreal engine, ray tracing, trending on artstation ",3608421339
"sunset above blue lake, beautiful landscape, high detail, instagram photo, professional dslr photo, ",2317791179
"mark williamson of detroit, mi ",4070192450
man at the park ( with his dog ) ,2245500475
A 360 panoramic HDRI image of the street,3872767231
"anthropomorphic beaver, medieval holy crusader knight, holding enormous sword, character design, original design by akira toriyama, anime, 8k, trending on artstation",2889258239
"beautiful girl wearing a mouse ears and jumpsuit, by Hajime Sorayama",2966218828
"a giant marble relief sculpture in the style The Ludovisi Battle sarcophagus depicting the Justice league battling the Legion of doom, detailed, intricate Marble sculptures of Green Lantern, the Flash, Superman, Batman, Wonder Woman, Aquaman and Martian Manhunter battling Lex Luther, Gorilla Grodd, The Scarecrow, Braniac, Solomon Grundy, Cheetah and Sinestro, all carved out of one giant Block of Marble",585635613
"portrait of young female sorceress of the endtimes, beautiful! coherent! dungeons and dragons character, by brian froud, strong line, cool night color, high contrast ",986077134
Mario's head deep dream spaghetti,948866668
"michelin star restaurant interior, kitchen pass an underwater view of pristine scottish seas with trawl net, golden hour ",920148827
"human man that resembles a wasp morh in surreal sketch style, blue and yellow gradient, noise, ultrafine detail, hd 8k, logo illustration",3190544383
"a photorealistic detailed cinematic image of a beautiful vibrant iridescent future for human evolution, spiritual science, divinity, utopian, cumulus clouds, ground view, majestic magic ornate castle, farm and village in the distance, by david a. hardy, kinkade, lisa frank, wpa, public works mural, socialist ",1918960081
"a skeleton dancing without a care, artistic photography, f stop, iso, gray dungeon background, very realistic ",355049913
"a wholesome animation key shot of a pilgrim witch standing in court and defiantly pleading her innocence, medium shot, action shot, studio ghibli, pixar and disney animation, sharp, rendered in unreal engine 5, anime key art by greg rutkowski, bloom, dramatic lighting ",1915630147
"an anthropomorphic beautiful ultradetailed futuristic civilisation in a desert, gold, mist, fog,, dungeon temple, fine art, award winning, intricate, elegant, sharp focus, octane render, hyperrealistic, cinematic lighting, highly detailed, digital painting, 8 k concept art, art by jamie hewlett and z. w. gu, masterpiece, trending on artstation, 8 k ",1326213058
"giant flower as head, woman walking between hills, surreal, flat light, painting, digital painting, artstation, georgia o'keeffe ",3564488648
"divine chaos engine by karol bak and ruan jia and vincent van gogh, desaturated moody neutral pastel colors, iris van herpen visionary dreamscape, symbolist, james jean spiraling clouds, imagination, daydreams and nightmares ",2337982675
astronaut and horse swaps places ,1055908892
"unfinished building by jean - baptiste - camille corot, poppy sea otherworldly atlantis made of glass futuristic tundra assassin's creed crystal lightpaint studio ghibli fantasy meadow dramatic lighting retrowave elysian retro alien water liberty city nature landscape sci - fi anime uv light, archdaily, wallpaper, highly detailed, trending on artstation. ",3749382805
"a man in his late twenties with long light brown hair tied back, a widows peak and a round face with high cheekbones, wearing a hoody, attack on titan, anime art ",1784474598
"futuristic robot repair workshop, total recall tech, marble block operating table in the center, ",103661777
"translucent green quartz crystal skulls in league of legends, glossy, god rays, tilt shift, perspective, dof, high detail, hyper detailed, masterful, very detailed, extremely detailed, snes game box art, electric color, hdr, photorealistic, 1 6 k 8 k hd ",2024315436
"an old wise man wearing a cloak and his daughter sitting on a rock at the beach, magical atmosphere, magical atmosphere, trending on artstation, 30mm, by Noah Bradley trending on ArtStation, deviantart, high detail, stylized portrait",2168906239
"doctor strange as thanos, ultra realistic 4 k unreal engine very cinematic render with ray tracing slight bloom strong ambient occlusion strong reflections depth of field fog ",3306036033
"full body 3 d render of bear as bodybuilder as a funko pop!, studio lighting, grey background, no shadow, blender, trending on artstation, 8 k, highly detailed ",3995482846
"concept art of comiket cosplay, pinterest, artstation trending, behance, watercolor, by coby whitmore, silver, laser light, ",1996151934
"the antropomorphic hyena holding a human by a chain, photography by pieter hugo ",2252977435
photorealistic wide angle cinematography of the front of a photorealistic Scientifically accurate Delorean racing down the road at 88mph,1438624169
"painting of a scifi ancient civilzation victorian empty room with books, andreas achenbach ",1737634826
"portrait of a saul goodman, beautiful digital art, artstation cgsociety highly - detailed masterpiece ",1371199697
"still from the movie joker played by mads mikkelsen, directed by martin Scorcese, award-winning cinematography, bokeh,",4172057855
"acedia the seven sin ultra detailed fantasy, elden ring, realistic, dnd character portrait, full body, dnd, rpg, lotr game design fanart by concept art, behance hd, artstation, deviantart, global illumination radiating a glowing aura global illumination ray tracing hdr render in unreal engine 5 ",3197747533
"stunning editorial fashion photography of abraham lincoln, top hat, creative studio photography by patrick demarchelier ",478891374
"portrait of teenage jughead jones wearing a light grey crown, photorealistic, crown, eyes closed, crown, black hair, intricate, elegant, glowing lights, highly detailed, digital painting, artstation, concept art, smooth, sharp focus, illustration, art by wlop, mars ravelo and greg rutkowski ",1785041711
"made of toast, made of toast, made of toast, made of toast, made of toast, the mona lisa made of toast ",1815357116
"donald trump and joe biden take a road trip to las vegas in a convertible, color comic by r crumb, hyperrealism ",2399285727
"hyperrealistic film still of benedict cumberbatch disguised as a shrimp, tall shrimp body, stunning 3 d render, inspired by istvan sandorfi & greg rutkowski & unreal engine, perfect symmetry, dim volumetric cinematic lighting, 8 k octane comprehensive render, extremely hyper - detailed, incredibly lifelike attributes, intricate, real flesh texture, masterpiece, artstation, stunning, ",2450909732
New York CIty Skyline by Zdzisław Beksiński,3554081078
"a baked potato running for president, wearing a presidential suit and tie, at the white house ",2925684880
"a night landscape background, rob gonsavles, eyvind earle, heade martin johnson ",3529676427
"steampunk boat floats in the sea, Cinema 4D hyperrealism",2974487045
"loose, dynamic by matti suuronen. a conceptual art of a woman with wings made of stars, surrounded by a blue & white night sky. the woman is holding a staff in one hand, & a star in the other. she is wearing a billowing dress, & her hair is blowing in the wind. ",1535562771
mary poppins oil painting by lisa frank ,1246228983
"a grand library, arches, fantasy sketch, concept art, bookshelves, ladders, architecture, highly detailed ",2405254349
"tree of life in aurora borealis, beautiful colours, artstation, digital art cosmic art, stars, galaxy ",506504300
elon musk as a rhinosaurus,1324484
"the horrors of war, painted by dariusz zawadzki and zdzisław beksinski, intrincate, surreal, highly detailed, dark, disturbing, creepy, 4 k, high quality ",1983407844
gurgel br - 8 0 0 ,950610649
"a portrait of anthropomorphic vladimir putin similar monkey putin face, vladimir putin monkey anthropomorphic hybrid, macabre, horror, by donato giancola and greg rutkowski and wayne barlow and zdzisław beksinski, realistic face, visible face, digital art, artstation, symmetry ",208412953
"A full body shot of Emma Stone wearing a golden Arabian crown , royality, high quality, fully detailed, 4k",2718244670
"burning phoenix ， apollo ， sun goddess ， solarpunk ， cinematic ， symmetrical portrait ， clear facial features ， rembrandt lighting ， mood lighting ，, glitch, upper body, holographic, futuristic, presented nicely, rendered in octane, realistic, film grain, 3 5 mm, 1 6 0 0 iso, sony",2133906155
"metabots medabots medarotto medarot robot minimalist comics helmet mask neon cybereye, behance hd by jesper ejsing, by rhads, makoto shinkai and lois van baarle, ilya kuvshinov, rossdraws global illumination ray tracing hdr radiating a glowing aura ",2003277842
"wide shot paintings on a cave wall that feature spaghetti, archaic, fine detail ",393115940
"photo of a frenchman from france seated in a restaurant ( ( ( in the year 1 9 2 0 ) ) ). 5 0 mm, studio lighting ",868457713
"tower bridge sunny day, modern photography, 4k,",1736262532
"raining tennis balls, text o'ace, digital art, fantasy, magic, trending on artstation, ultra detailed, professional illustration by Basil Gogos",956334335
"a haggard detective in a trenchcoat scanning a crimescene, sketchy artstyle, digital art, dramatic, thick lines, rough lines, line art, cinematic, trending on artstation ",2936025662
"starship in front of a nebula made of collapsing gas clouds and frozen young stars by eddie jones, eric barone in the style of pixelart, ultra realistic, smooth shadows, ultra detail, high resolution, cinematic, unreal 6, 8 k 3 d ",1178886339
"medieval fantasy oil painting, a european dragon is breathing fire upon a castle brick tower ",2165906159
chris hemsworth is a giant pineapple. ,2509452466
"giant robot in a rainy cyberpunk city, by beeple ",439894819
"film still of Clint Eastwood in the TV show friends, vibrant high contrast, octane, arney freytag, cinematic, glamorous, backlit, rim lighting, 8k",2950037145
"portrait cookie monster venom hybrid comic book style, highly detailed, shaded, tongue ",3937649899
Marilyn Monroe recycling her lacroix,2883659405
"Artificial Intelligence Princess, fantasy, intricate, elegant, dramatic lighting, emotionally evoking symbolic metaphor, highly detailed, lifelike, photorealistic, digital painting, artstation, concept art, smooth, sharp focus, illustration, art by John Collier and Albert Aublet and Krenz Cushart and Artem Demura and Alphonse Mucha, character design by Fallout 4",3956345
"full body blued-steel titan colossus in pacing through hills, crossing the river, mountain valley to fortress, with armour, artillery, fine art, cinematic, artstation, matte painting, masterpiece by vasnetsov and surikov, JEAN-VICTOR BERTIN",106435349
A dinossaur with blue eyes swimming backwards,1425051775
"an alien with green background with space and stars, poster art by tadanori yokoo, cg society, retrofuturism, poster art, concert poster, skeuomorphic ",1318397698
"a detailed simple single gift 3 d product render, chique, professional, wrapped box of wine, close up, abstract, commercial product photography, dramatic lighting, octane render, victorian ornaments, 3 d render, digital art, based on birthday gifts, corporate commercial, trending on dribbble ",2471798406
nicki minaj working at mcdonalds,3318099711
"to the extreme, i rock a mic like a vandal, light up the stage and wax a chump like a candle ",2956303603
"movie still of a man on a barque on a river with ancient skyscraper high rise backround, cinestill 8 0 0 t 3 5 mm, high quality, high detail, panoramic, cinematic, dramatic light, foggy ",3428992393
"a homoerotic painting by gaston bussiere, craig mullins, alphonse mucha tom of finland | two attractive hairy cowboy gunslingers in love standing back to back | bandoliers, shirtless, leather clothing | natural lighting, path traced, highly detailed, high quality, digital painting, trending on artstation ",1025542460
"a professional portrait photo of a sri lankan jungle girl, submerged in water, black hair, hunter, with bow and arrow, extremely high fidelity, natural lighting. ",199989587
"an epic fantasy comic book style portrait painting of an extremely cute and adorable very beautiful cyberpunk lain ( serial experiments lain ) wearing a teddy bear hoodie in the rain, neon reflections, character design by mark ryden and pixar and hayao miyazaki, unreal 5, daz, hyperrealistic, octane render, cosplay, rpg portrait, dynamic lighting, intricate detail, cinematic ",199540924
"side profile, maya ali, wind sorceressesl, gloomhaven, luminescent, colorful swirly magic ripples gradient lit background, by greg manchess, huang guangjian, gil elvgren, sachin teng, greg rutkowski, jesper ejsing, ilya kuvshinov ",1508164634
"Garfield the cat in a suit smoking a cigar, pointing a gun at Odie",1509931849
a photo of a mackerel cat dressed as a wizard. Highly detailed photorealistic,1699990527
"epic scale cinematic full view chromaticity dmt goddess alex grey character concept of a beautiful colorful crystals powder liquids, glowing fluorescent velvet neon blacklight hues and saturation, sacred dmt color deity visionary fantasy art by greg rutkowski android jones artgerm alphonse max chroma mucha rule of thirds golden ratio sacred geometry ai generated art centered symmetrical threefold symmetry ",895680869
"portrait of oda nobunaga, anime fantasy illustration by tomoyuki yamasaki, kyoto studio, madhouse, ufotable, square enix, cinematic lighting, trending on artstation | portrait of walter white, anime fantasy illustration by tomoyuki yamasaki, kyoto studio, madhouse, ufotable, square enix, cinematic lighting, trending on artstation ",3617012746
"lion hunting national geographic animal photography, action shot, 4 k, award winning, photo of the year ",3777605064
"byzantine gothic camazotz goddess, highly detailed, digital painting, trending on artstation, concept art, sharp focus, illustration, art by artgerm and greg rutkowski and magali villeneuve ",158365296
a blackhole on the sky above a landscape -n9,3939493262
"a chrome woman's face in flowing sheets of cobalt blue gold chrome tpu silver satin, by moebius syd mead roger dean wojciech siudmak donato giancola yoshitaka amano ivan aivazovsky jan de heem pieter claesz paul delaroche alma tadema aelbert cuyp, hyperrealistic volumetric light render ",3501309488
"face icon stylized minimalist earthworm jim, loftis, cory behance hd by jesper ejsing, by rhads, makoto shinkai and lois van baarle, ilya kuvshinov, rossdraws global illumination ",3363016048
"black and white dreamy foggy smoky profile face portrait, single skeletal biomechanical beautiful young female cyborg robot bust, body ribs meshes,, volumetric light, rim light, by dora maar and cecile beaton, big gothic fashion pearl embroidered collar, 8 k ",3427853095
"plasticine wet shiny angles, crystal, moonlit, mirrors, camera angled dramatically, realistic hyperdetailed design of pepe the frog meme, ferocious, chinese mythology, victo nga, fumo yoshitoshi, ren jing jeong, feifei ruan, peter mohrbacher, takato yamamoto ",459989980
"Beatiful Fuzzy Photograph of an infinite  parking lot, Long shot, full shot, wide shot, low angle,wide angle lens",3011662919
"timothee chalamet and lady gaga holding hands on the red carpet, beautiful detailed faces, canon eos ",2889805345
"repeating fabric pattern, minimalistic, fussy cut, miniature tiny orange and peach color flowers, brown vines and leaves",1139117549
"centered artwork by shepard fairey, cinematic lighting, trending on artstation ",2502011472
"portrait oil painting, a beautiful young dark woman, floral headdress, dark forest, flowers, holding a bouquet of flowers, long flowing hair, ornate robe, ultra realistic, wide angle, intricate details, artifacts, luminous skies, highly detailed, michael cheval, peter mohrbacher, boris vallejo, jessica rossier, oil painting, highly detailed, cinematic lighting ",3379531488
"low angle shot face portrait painting of a male samurai warrior magus by yoshitaka amano, victo ngai, terese nielsen, samurai armour by h. r. giger, in the style of dark - fantasy, intricate detail, skull motifs, red, bronze, artgerm ",430743350
"twin peaks poster art, from scene from twin peaks, by michael whelan, rossetti bouguereau, artgerm, retro, nostalgic, old fashioned, portrait of jennifer connelly standing in a mysterious pond, the supernatural entities may come ",217031486
"beautiful boyish natalie portman 3 / 4 nose sketches game assets overlay gapmoe yandere grimdark, trending on pixiv fanbox, painted by greg rutkowski makoto shinkai takashi takeuchi studio ghibli, akihiko yoshida ",1537228393
the best thing,188277176
"A cinematic shot from behind, military super soldier with angel wings with a blue and yellow flag behind him is standing on a pile of skulls in triumph, concept art, сinematic lighting, insanely detailed, smooth, sharp focus, Artstation, 8k, unreal engine,  hyper realistic, steampunk style, bright background, moonlight, volumetric lighting, wallpaper, digital illustration by Ruan Jia and Mandy Jurgens and Artgerm and Wayne Barlowe and Greg Rutkowski and Zdislav Beksinski",2019035135
a gourd shaped to look like the face of amber heard intercross hybrid mix intercross hybrid mix ,1424328653
An adventurer from the land of Skyrim takes an arrow to the knee,3828550009
"cute little anthropomorphic aubrey hepburn cute and adorable, pretty, beautiful, dnd character art portrait, matte fantasy painting, deviantart artstation, by jason felix by steve argyle by tyler jacobson by peter mohrbacher, cinema ",606978200
"a dramatic photograph of soldier from india, indian flag painted on his face, cinematic lighting ",493553898
"simple cubism graphic illustration, newsletter from the future, basic shapes, orange white and black, clean edges ",325331615
"orientalist portrait of a woman wearing an ornate mesopotamian headdress standing in front of tapestry carpet intricate artwork by john william waterhouse and Edwin Longsden Long and Theodore Ralli and Henryk Siemiradzki. trending on artstation, very coherent symmetrical artwork high detail 8k",2180161279
"people unable to scape a nightmare, highly detailed interior, hyperrealistic, Lumion render, 8k UHD",1343243380
"lobster, bowl",2117696794
"beautiful shimmering liquid creatures, in a shimmering cave, silver details, bioluminescent, translucent, extreme close - up, macro, concept art, intricate, detailed, award - winning, cinematic, octane render, 8 k, photorealistic, by emil melmoth, by wayne barlowe, by francis bacon, by jean - michel basquiat, by gustave moreau,",1447498915
"psychedelic acid dmt cinematic dramatic lighting, vortex hyper realistic detailed intricate render hypermaximalist ornate epic composition 4 k 8 k cryengine octane sharp focus masterpiece ultra clear portrait of cult ritual witch, single face, energy waves through time by sandra chevrier laurie greasley gustave dore, jason a engle, organic ",804539690
"Worlds intertwined, space, energy, science, stars, planets, award winning digital art, 4k",2067671478
"low angle shot of a guts from berserk by kentaro miura, intricate, elegant, highly detailed, centered, digital painting, artstation, concept art, smooth, sharp focus, illustration, WLOP, kentaro miura style,",956561215
archeological discovery of preserved remains of a king still sitting on his throne ,2072291854
"photograph of a squirrel dressed as Robin Hood, wielding a crossbow",2072166655
"Man embracing horse. Painting by Alex Colville, Piero della Francesca.",1702928288
halloween themed mobile game UI icon sprite sheet,3926524671
"a man sitting on his computer with a backwards hat staring at several computer monitors showing crypto trades, illustration, colourful, chill, anime asthetic, neon glow, gamer, synthwave ",407804308
a hyperspeed katana traveling through a cyberpunk space with people attacking each other also flying in space with fireballs in jetpacks in a very cinematic but also unreal environment,564721437
"happy elven flower seller in the city, fhdasije, thin silver glasses, intricate braided hair, plump body, manga panel by kosuke kurose, soft lighting, highly detailed face, cozy atmosphere, sharp focus, artstation, secret of mana, sophie anderson, arnold armitage, loish ",1203287011
old brick wall with moss and graffiti ,2458747399
"a d & d portrait of beautiful blonde paladin, heavy metal armor, rpg character, organic painting, bold shapes, hard edges, gloomy colors, by greg manchess ",3934515998
"he held the moon in his teacup, Teal black and off-white, portrait by Christoph Niemann, flat colors, ink",1559977718
"unique non conventional beauty, surreal, fantasy, intricate, elegant, dramatic lighting, emotionally evoking symbolic metaphor, highly detailed, lifelike, photorealistic, digital painting, artstation, concept art, smooth, sharp focus, illustration, art by John Collier and Krenz Cushart and Artem Demura and Alphonse Mucha and Albert Aublet and Greg Rutkowski,",2459505151
Pajama Dan,1858898431
"extremely detailed cinematic movie still 3 0 7 7 portrait shot of phoenix princess 1 8 years old white woman hyperreal skin face at the mountain top by denis villeneuve, wayne barlowe, simon birch, marc simonetti, philippe druillet, beeple, bright volumetric sunlight from remote star, rich moody colors, closeup, bokeh ",1855962826
"painting of a beautiful woman with her translucent dress blowing in the wind while she dances in the ocean, wide hips, highly detailed, by nicolas delort, surreal, dramatic lighting ",2448818625
"a greek sculpture bust of president volodymyr zelenskyy in a ancient art museum, epic lighting, art photography ",3988671515
"an anthropomorphic jackal anubis wearing sunglasses and a leather jacket, by kawacy, trending on pixiv, anime, furry art, trending on furaffinity ",2500930650
a 3 / 4 view watercolor ink painting of a humanoid anthropomorphic dragon in a dress in the style of jean giraud in the style of moebius trending on artstation deviantart pinterest detailed realistic hd 8 k high resolution ,519728814
"overwatch noir building, air vent, hard surface, panel, cables and pipes, stylized, exterior, architecture, in watercolor gouache detailed paintings, arcane, insanely detail, artstation, 8 k, futuristic, big medium small, props, furniture and decor, empty, no character ",1959933739
"robotic cyberpunk animal, ferret - shaped, mechanical pet, octane, 8 k, unreal engine, houdini ",3460616118
"Toilet Paper Meteorite  , realistic 4k octane beautifully detailed render, 4k post-processing, highly detailed, intricate complexity, epic composition, magical atmosphere, cinematic lighting, masterpiece, ultra hd",1777778127
[ a horse with [ front quarters of an eagle ]!! ]! and hind quarters of a ( ( ( ( ( horse ) ) ) ) ) trending on unsplash contest winner award winning 4 k intricate 8 k resolution balmy tender energetic photorealistic fullbody artstation hybrid cgsociety hybrid artstation crossbreed cgsociety crossbreed ,3157130477
"megadeth album cover, band name,",3576075503
"hyperdetailed full body military spaceship, fancy wings, cool looking front, amazing structure, hd, sharp focus, illustration, studio light, trending on artstation ",19530647
"A still of Ben Affleck's Batman at Walmart, 4k, photograph, ultra realistic, highly detailed, studio lighting",2462984331
"an awkwardly tall scientist with 3 eyes and a tangled beard and unruly red hair atop his balding head wearing a labcoat and welding goggles and holding a beaker, high resolution film still, movie by Ivan Reitman",1666714721
"1989 Magazine Cover, Anime Neo-tokyo bank robbers fleeing the scene with bags of money, Police Shootout, Highly Detailed, 8k :4 by Katsuhiro Otomo : 8 ",3265519884
"keanu reeves surfing, sun lights, painting by daniel gerhartz, alphonse murac, detailed art, artstation ",3125297451
paradise ,2874627129
"close up of a happy beautiful preteen with tons of glowing freckles and curly glowing hair by disney concept artists, backlit, moody, intense, intricate, indie studio, fantasy, moody, rim lighting, godly light, vibrant pastel colors, emotional, sketch, fantastical, whimsical, noise, dappled light, stippling!!! ",835085269
"medium shot ultra high resolution photo of a shy young girl facing the camera with a quizzical expression holding dozens of red balloons, todd solondz, rebecca guay, artstation, artgerm, octane render ",203877360
"hyper realistic white fruit bat, flying against a dark black night sky, mountain in the background, moonlight, denoised, very detailed, painted by, norman rockwell, tom bagshaw ",3785845364
a highly detailed metahuman 4 k close up render of an alien goddess bella hadid monument renaissance in iris van herpen dress schiaparelli in diamonds crystals swarovski and jewelry iridescent in style of alphonse mucha gustav klimt trending on artstation made in unreal engine 4 ,3046656649
"a spaceship fleeing an exploding planet, digital art",2173245315
"weta disney pixar movie still macro close photo of smiling anonymous holding pork stirfry to face : : by weta, greg rutkowski, wlop, ilya kuvshinov, rossdraws, artgerm, octane render, iridescent, bright morning, anime, liosh, mucha : : ",1259559049
"ar - pharazon and his armies getting buried by crumbling mountains around them, artstation ",65127968
Fantasy art of a good walking house with chicken leg stilts.,3970610175
"highly detailed painting of long - haired romantic feminine goth brunette woman wearing long dress played by jennifer connelly, portraying the black swan maiden odile, floating in zero gravity, space station, feathers growing out of face and arms, black clawed hands, black dress, feathers growing out of skin, black feathers instead of hair, moulting, losing feathers, falling apart, crying, blooming garden at night, comic book, mike mignogna, david mack, colorful, illustration, comic book cover, - ar 9 : 1 6 ",389665048
beautiful detailed navajo art of a crow ,3534203565
"high quality high detail painting by lucian freud and jenny saville, hd, golden eal, turquoise ",2477109962
"photo of kittens running nasa, 8 k 8 5 mm f 1. 8 ",3463384983
A man with fire superpowers in the genshin impact style,621551363
"wide - angle tin toy victorian greyhounds dressed as gentlemen at a casino, nicoletta ceccoli, mark ryden, lostfish, max fleischer, depth of field, detailed and intricate victorian environment, 8 k resolution, hyperrealistic, octane render ",1352900723
"anubis as a boxer ready to take on the world champ, 4 k, trending on artstation, by gaston bussiere, craig mullins, artgerm, greg rutkowski, alphonse mucha ",558619219
indie photo,152928751
Elon Musk funko pop,67693033
"the high priestess, by timothy von rueben, black and white graphite drawing, smooth render, 3 / 4 view ",540915744
"a brunette girl, in her twenties, very long hair, dressed casually, walking from behind in the streets of new york, city lights, smoke, cinematic ",3896954627
"Berlin TV tower, gothic architecture, landscape painting by Karl Friedrich Schinkel",3039011839
"wooden sculpture of a white cockapoo wearing headphones, polished maple, thoughtful, elegant, real ",3568752468
"hexblade warlock aasimar, teal electricity, male, silver shaggy hair, short scruffy beard, cloak, white eyes, fantasy, extremely detailed, digital painting, artstation, concept art, smooth, sharp focus, illustration, stunning lighting, art by artgerm and greg rutkowski and alphonse mucha and simon stalenhag, realistic character concept, high fantasy, light atmosphere, golden ratio, cinematic lighting, hyperdetailed, high resolution, insanely detailed and intricate, artstation, Marc Simonetti, Greg Rutkowski, 8k, HD, unreal engine",3678292579
photo of emma watson as pikachu ,3674087553
"robot city, steampunk art, fantasy style, super high detail, super high quality, talented artist, trending on artstation, machinarium ",4213894374
"a towel, the number 4 2 ",4178435684
"beautiful woman with long hair, ultra detailed, beautiful, by greg hildebrandt fancy rococo baroque oil painting high quality clothed in pin up style ",2262590913
"twin peaks poster artwork by michael whelan and tomer hanuka, karol bak, of low angle looking up at woman looking down at camera, was thomasin a martyr, transformed into the evil presence that everyone accused her of being or was she merely an untapped catalyst, given the final chance to live free in the haze where she belongs, scene from twin peaks, clean, full of details, by makoto shinkai and thomas kinkade, matte painting, trending on artstation and unreal engine ",3967406626
"3D render, houdini 3D, octane 3D, glass figure of a dolphin",2570432767
"greg manchess portrait painting of armored wedge antilles as overwatch character, medium shot, asymmetrical, profile picture, organic painting, sunny day, matte painting, bold shapes, hard edges, street art, trending on artstation, by huang guangjian and gil elvgren and sachin teng ",1177920876
"god superman, character sheet, concept design, contrast, kim jung gi, greg rutkowski, zabrocki, karlkka, jayison devadas, trending on artstation, 8 k, ultra wide angle, pincushion lens effect ",4261332261
"full character of a handsome strong ancient winnie the pooh meditating in the lotus position in front of the yin yang symbol, character design, painting by gaston bussiere, katsuya terada, nc wyeth, greg rutkowski, craig mullins, vermeer, frank frazetta, mucha, tom of finland, trending on artstation, jeffery catherine jones ",1539263467
"in the style of joshua middleton, clay mann, artgerm, marvel comics danny trejo, symmetrical eyes, full body, natural hands, night time, cinematic lighting ",1180536666
"beneath the moonlight glints a tiny fragment of silver, a fraction of a line... ( black robes, falling )... blood spills out in litres, and someone screams a word. artstation, intricate details, hyper details, by gaston bussiere and sandro botticelli ",1197190352
"doc savage, D&D, fantasy, portrait, highly detailed, digital painting, trending on artstation, concept art, sharp focus, illustration, art by artgerm and greg rutkowski and magali villeneuve",1002129888
"gree fox on a rock, professional digital art, 4 k ",2756879041
"an octopus in the shape of a skull surrounded by flowers at midnight, foggy!, cinematic shot, photo still from movie by denis villeneuve, wayne barlowe ",1658094322
"epic 3 d abstract puerto rican pilot crawling out of mecha made of asymmetrical succulents and cati, melting into plum and tealpeanut butter, thick wires, houdini sidefx, pixiv trending, by jamie hewlett and yoshitaka amano ",1033828219
"a room full of old television screens, 8 mm, found footage ",61752358
"concept art for a video game, a futuristic factory in the style of Mirror\'s Edge, automation robots, very clean, white - 4",73497009
"cinematic portrait, jacques the pink shrimp crustacean crossed with incredible hulk, ultra realistic digital artwork, ripped clothing, dramatic lighting, wayne barlowe, max pennington, greg rutkowski 8 k ",2095515140
"a gigantic biomechanical cityscape in a vast dark landscape, cold blue mist, ominous, webs, in the style of artgerm and charlie bowater and atey ghailan and mike mignola, epic lighting, vibrant colors and hard shadows and strong rim light, very coherent, comic cover art, plain background, trending on artstation ",2591621328
"a massively muscled anthro horse wearing tactical kevlar fabric in a research facility, bursting with muscles, highly detailed, furry, furaffinity, digital painting, artstation, sharp focus, smooth, concept art, illustration, art by artgerm, greg rutkowski ",261963572
"kodak portra 4 0 0, wetplate, muted colours, blueberry, 1 9 3 0 s style, award winning portrait of wooden skulptur of hysterically laughing loudly jester by willy verginer in a vernissage, haze, motion blur, in the style of britt marling and by georges melies ",3807257303
"an emotionally intense dramatic portrait closeup photograph by mert alas of morgan le fay, a powerful and ambiguous fae enchantress from the arthurian legends, gazing at the camera with an intelligent and knowing look, hasselblad 4 0 mm f 1. 8 lens ",92067330
A cat in the style of laurie lipton,3190864825
"anthropomorphic raccoon steampunk aviator pilot. Renowned character illustration by greg rutkowski, thomas kindkade, alphonse mucha, loish, norman rockwell. Trending on furaffinity. Digital art.",3910126079
"wax by artstation, deviantart, artfol, artslant artbox, cgsociety, gfxartist, artful, zatista, artpal, instagram, blendernation, frank stella, beeple, giger, kopera, zawadzki, synth - wave, hyperrealism, futurism 4 k, octane render ",3095834095
"a non-euclidean brownie pan, photo realistic, Raytracing, realistic reflections, HD, 4k, 8k",1325556130
analog photograph of beautiful bride from the back wearing a long flowing wedding dress in stunning flower garden at night by mark owen. red lights. bokeh. cinematic. hq. detailed. contrast. cinestill 8 0 0 t ,3027936610
"a portrait of an anime muscular female, naturel, hyper detailed, digital art, trending in artstation, cinematic lighting, studio quality, smooth render, unreal engine 5 rendered, octane rendered, art style by klimt and nixeu and ian sprigger and wlop and krenz cushart ",3479951451
"cute brown woman wearing a translucent corset dress, fantasy, intricate, highly detailed, digital painting, artstation, concept art, wallpaper, smooth, sharp focus, illustration, art by artgerm and greg rutkowski and alphonse mucha ",3940438265
"cool beans waiting in queue for Stable Diffusion, Les Edwards, Zdzislaw Beksinski, Carl Gustav Carus, John Harris, Michal Karcz, Zhang Kechun, Mikko Lagerstedt, Scott Listfield, Steven Outram, Jessica Rossier",4159195019
Sonic the Hedgehog racing against The Flash,2604938495
"Lebron James wearing a suit in GTA V . Los Santos in background, palm trees. in the art style of Stephen Bliss",417845577
"muscular male gladiator, roman baths painting by gaston bussiere, craig mullins, j. c. leyendecker ",1677738391
memento mori riding a surfboard over a wave,1620493567
"animation key shot, sarah kerrigan stares at the camera, blank expression on her face, comic book cover, establishing shot, sharp, film key art, bloom, dramatic lighting ",1289379434
"dune, huge sandworm unleashed out of sand in a desert, worm strikes from air and is going towards, getting closer, with its nasty mouth opened, realistic, detailed, artstation, orientalism",2993490687
"subsurface scattering, green dragon lying at ground, chains and ropes, vibrant colors, octane render, jesper ejsing, james jean, justin gerard, tomasz alen kopera, cgsociety, fenghua zhong, makoto shinkai, highly detailed, rim light, art, cinematic lighting, very coherent, hyper realism, 8 k ",1107554844
las vegas strip ,2746088984
"Stephen Hawking with a gold wheelchair, flashy photography,",1927886077
"portrait of an action hero, suit, tie, smile, by alfred stevens in charcoal ",1707242063
"a frontal drawing of a vertical space rocket centered with a dark blue background and colorful clouds with stars by takashi murakami, beeple and james jean, aya takano color style, trippy, 8 k, super detailed, night sky, digital art, digital painting, clean ",1592895341
"a painting of a desert scene with a giant object in the distance, concept art by john harris and by ash thorp and by edouard groult, cgsociety, space art, concept art, sci - fi, dystopian art ",2990686230
"candid, intimate, film, color photo of a beautiful 2 2 year old girl in brisbane in the year 1 9 9 8 ",3086096653
red ball ,1163665174
"a fluffy cute fox hound eating a delicious vibrant looking steamy bowl of soup in a cleared space in the forest, the trees surrounding and leaves in the background with bokeh blur effect with illuminating full moon casting light over the forest floor. UHD. Shot on IMAX 70mm. Intimate liminal space aeshtetic.",2247946751
"an orchid flower, robotic, made of metal, shiny, LED lights, glowing, unreal engine",2106282981
"tiger in the jungle, art by artgerm and greg rutkowski and magali villeneuve, portrait, highly detailed, digital painting, trending on artstation, concept art, sharp focus, illustration ",2673067689
"mysterious and sensual scene of human transformation // thick detailed smoke, natural soft pale skin, innocence, sophisticated hands // noir, german expressionism, 20 century photography // old 35mm double-exposure photo, award-winning photography, masterpiece, grainy, cinematic, atmospherical, high contrasted // slightly erotic, eerie and atmospheric, sophisticated and unsearchable masterpiece, deep shadows, slightly colorful, strong composition // depth of field, ambient occlusion, motion blur, HD, intricate details, sharp focus, natural textures",3883457791
a pile of colored paper,2661727369
"little girl with butterfly in hair wearing an white dress. art by ilya kuvshinov, profile picture, inspired in hirohiko araki, highly detailed, 8 0 s anime art style, realistic, vogue cover ",4116489227
"portrait of scarlett johansson by johannes vermeer, hd, beautiful, glamorous, award winning, 4 k ",3776301883
art by bob eggleton ,2583221215
"a masterpiece portrait of nezha, legendary, kid wear red chinese armor and holding spear, cinematic, fantasy character portrait, hyper detailed, digital painting, 4 k realistic, trending on artstation, d & d, sharp focus, illustration, dof, by ne zha ( 2 0 1 9 ), fenghua zhong, new gods : nezha reborn ( 2 0 2 1 ), noriyoshi ohrai, i am nezha ( 2 0 1 6 ),, top lighting, ",2635215175
"old male warlock, ghost, dark fantasy, clouds, rain, wind, intricate, highly detailed, artstation, illustration, jurgens, rutkowski, bouguereau",3722608136
"David Bowie on the bridge of a starship, movie still",573791935
"cartoon concept art, clean blue sky, spiral clouds, from lorax movie ",3888409677
"blonde young sorceress with a heavy cloak casting a spell in the forest, fantasy character portrait, ultra realistic, concept art, intricate details, highly detailed by ilya kuvshinov, greg rutkowski, gaston bussiere, craig mullins, simon bisley ",988850832
"portrait of a shiba inu as a birthday cake, fantasy, intricate, elegant, highly detailed, digital painting, artstation, concept art, smooth, sharp focus, illustration, art by artgerm and greg rutkowski and alphonse mucha ",3574696352
"monk who is shirtless male, muscular, chubby, punching a monster DnD character art portrait, matte fantasy painting, DeviantArt Artstation, by Jason Felix by Steve Argyle by Tyler Jacobson by Peter Mohrbacher, cinema",1195799418
"profile view of a beautiful brazilian woman with sunglasses lying on a surfboard, floating in the ocean, iphone hdr, clear blue sky",702825599
"a wide shot of a futuristic city, digital artwork, 8K octane render",2358640831
wide angle photo inside a house made of sheer fabric. Translucent deep orange mesh fabric hangs over glass walls. The wind is blowing. The space glows with natural light. Bright morning light.,3651969282
"a very cute bengal tiger in san francisco. fantasy, neverwinter trending on artstation. pixar level quality. ",149181260
"beautiful vogue geisha by hokusai, hikari shimoda, shinsui ito, classic shoujo, in the style of 6 0 s pop art, fantastic planet, minimalist poster art, screen print texture, pastel colors, gothic, retrofuturism, icon, skull ",3187517753
"a disturbing body horror picture of elon musk with dollar bills and rocket plumes, body horror, scary, dark, creepy,",3520590360
"a smiling women taking a zoomed out selfie, hyper realistic photography, highly detailed, sharp focus, good vibes, realistic, highly detailed attribute, award winning, art by portrait realistic illustrators, not wearing a red scarf, short hair ",1962540468
"high resolution black and white photography with a 3 5 mm f / 2 2. 0 lens of brutalist architectural building blocks in the middle of a russian wasteland in the 1 9 8 0 s in the middle of nowhere, there is fog. fine art photography and very detailed ",3279240220
"they were colleagues at the office, he was short thin balding and weak looking, with rat like features rat faced like nosferatu, she was blond and overweight, with a face as if soul had left her long ago ",3117131370
"a group of gracious fairies playing cards on a table in an atmospheric moonlit forest next to a beautiful pond filled with water lilies, artwork by ida rentoul outhwaite, fairies have wings ",1761543443
"hyperdetailed full body portrait of a demon knight holding a demonic long sword, hyperdetailed demonic fancy armor, hyperdetailed demonic helmet with sharp and demonic horns, warrior pose, hd, sharp focus, illustration, studio light, trending on artstation ",2618942596
"Bloodborne tilt shift, prismatic, amazing, marble, clouds, sun, bioluminescent skin, ultra detailed",281922335
"portait of a 1 9 th century hungarian wizard in a hungarian village. atmoshperical, full moon,, magical, natural lighting, dust, soft focus, fantasy concept art by munkacsi, csok istvan, barabas miklos and hollosy simon, trendgin in artstation ",4075449312
"Gigantic cloudscape of a celestial palace with the aurora borealis in the background, modern acrylic masterpiece by Katherine Dinger, Dan Mumford and Albert Bierstadt, trending on Artstation, intricate, rectilinear",2730871857
"The Last Car, game poster printed on playstation 2 video game box , Artwork by Akihiko Yoshida, cinematic composition",2535510858
"cursed multicolored shooting stars in space, tom whalen, james gilleard, liam brazier, tristan eaton ",3600382350
"kodak portra 1 6 0 3 5 mm photograph of your real friend are ghost, 8 k ultra - detailed, real photography, hightly detailed, hyper realistic, photographic, wide angle lens, focuses on the nuances of the human face and subtle shifts in tonal value, silhouette composition, neutral, cool - toned palette, fluid patterns, powerful composition, opaque paints ",971445595
"beautiful young heroine portrait like twice tzuyu+happy+smoky eyes+front face with light flowing hair smiling, great wave of hokusai, illustration, fantasy, acryllic spill, intricate complexity, Chinese, goddess, holy, divine, rule of thirds, in the style of Kazuki Tanahashi,  ultradetail face by tian zi and WLOP and alphonse mucha, fantasy character concept,  watermark, blurry, 8k",2462830136
"diorama of a small cozy cottage with smoke coming from its chimney, inside a huge redwood forest, detailed pencil art",1984859775
"lara croft, standing, jungle, soft grey and black natural light, intricate, digital painting, artstation, concept art, smooth, sharp focus, illustration, art by william waterhouse and luis rollo and guangjian huang and gil elvgren, symmetry! ",3459796170
"view into an interrogation room, the room has a table with chairs ",1326497601
sci-fi organic zaha hadid car 50% of canvas and wall structure in the coronation of napoleon painting by Jacques-Louis David and in the blade runner 2049 film search pinterest keyshot product render cloudy plastic ceramic material shiny gloss water reflections ultra high detail ultra realism 4k in plastic dark tilt shift,3737130761
"whimsical uncanny creature alchemizes unique canto about'as above so below'being ignited by the spirit of haeckel and robert fludd, breakthrough is iminent, glory be to the magic within, to honor jupiter, surreal collage by ronny khalil ",1713505705
"a film still of a gorgeous girl in cloak designed byyohji yamamoto and rick owens, in vogue and gq editorial fashion photography, medium close - up, cannon ef 6 5 mm f / 2. 8 in dune ",348542459
"medium dinstance shot portrait, the dude from the big lebowski as a young virtuous! cleric, pastel colours, celestial academia, octane render, unreal engine render, matte painting concept art, fanart artstation, by jesper ejsing and artgerm and charlie bowater and rhads and lois van baarle and ilya kuvshinov and rossdraws ",1913847672
"the monumental city of caceres with dragons flying over it, dramatic lighting, cinematic, extremly high detail, photorealistic, cinematic lighting, post processed, concept art, artstation, matte painting, style by greg rutkowsky ",1217487966
"portrait painting of a weasel in a white shirt sat drinking chinese tea by wenjun lin, irakli nadar, bright colors, octopath traveler, wenjun lin, unreal engine 5 highly rendered, global illumination, radiant light, detailed and intricate environment ",1177485063
"portrait of goddess gemma chan symmetric tavern bard, surrealistic, intricate face, crazy expression, sweat, narrow dark streets with exotic dancers, vaporwave aesthetics, 8 k uhd, unreal engine, octane render in the artstyle of finnian macmanus, john park and greg rutkowski ",4029599604
concept art,1729
small chin mona lisa female influencer in gym instagram selfie photo staring at camera with curly hair in gym photo # gym # photography # beauty ,4054383134
eight - foot - tall polish model playing basketball in heels ,877865856
"a tiger character, zootopia ",1303832034
"cat seahorse fursona wearing headphones, autistic bisexual graphic designer, long haired attractive androgynous humanoid, coherent detailed character design, weirdcore voidpunk digital art, furaffinity, cgsociety, trending on deviantart ",2733259527
"portrait of gendo ikari evangelion, male, thin pursed lips, sharp jaw light black hair soft hair swept back short length hair, anime, fantasy, intricate, elegant, highly detailed, digital painting, artstation sharp focus, hunterpedia madonna art by artgerm and ruan jia and ross tran ",367077176
painting of a lush natural scene on an alien planet by roger dean. beautiful landscape. weird vegetation. cliffs and water. ,3659132309
"photograph or a rare technology artifact treasure from another galaxy on a desk, intimate high quality detailed beautiful, glistening, dark intrimate mood, microchips, intricate alien circuits, holograms, technological, rich, moody atmosphere, reflections, specular highlights, quantum processor, intimate realistic, ornate, 3 d ray traced crystals and gems, artgerm, greg rutkowski ",2384176614
"black metal band logo, unreadable text, metal font, looks like a tree silhouette, horizontal ",3077647462
"Tree growing from a large circuit board, twisting sprawling electronic branches, night sky, cozy wallpaper, 4k, high details, volumetric dynamic lighting, motion blur, blur, trending on Artstation, award-winning, art by Studio Ghibli, by Greg Rutkowski",215778224
"elegant quartz raspberry wedding cake dripping fondant, stylized, sparkling, glitter, gilding, ornate, sylvain sarrailh, joongwon jeong ",3223439471
"refined oil painting co - oli - ver - ti - godlessness phalopathy - mescaline dramatic lighting, extremely detailed, sharp focus, cast shadows, vibrant, digital art ",1274465265
"rose pink porsche in shibuya at night, from the back, bokeh ",384329381
The Black Eyed Peas summoning a new world,1107782399
"a glyph design, central composition, very cartoon, shape focus, high detailed, in style of monument valley ",17548970
a rainbow with hearts that are teenage mutant ninja turtles ,3017421928
"5 5 mm photo of two hamsters watching the sunset in awe, in a forest. magical atmosphere. art by greg rutkowski. highly detailed 8 k. intricate. lifelike. soft light. nikon d 8 5 0. ",2433465540
"sninister gnome female warlock with pink two bunchies twintails hairstyle wearing tier - 1 0 by alex horley, symmetrical frame, maximalist, art by ilya kuvshinov, rossdraws, sharp focus, art by wlop and artgerm, extreme detail, high detailed drawing ",4250137013
"her eyes wide by beeple, oil on canvas ",1646419814
"portrait of crazy screaming beautiful singer sia kate isobelle furler, big ribbon, ymmetrical, by yoichi hatakenaka, masamune shirow, josan gonzales and dan mumford, ayami kojima, takato yamamoto, barclay shaw, karol bak, yukito kishiro ",1813072710
"Warhammer Original Artwork depicting a large battlescene at dusk by Geof Darrow and Peter Paul Rubens, Sprawling battlefeild of death with monsters and creatures, Full frame,dappled light,Retro Futurism,Studio Ghibli,Anime",718954570
"Mona lisa eating an apple, Oil on canvas, Digital art, Illustration.",613434748
"a perfectly detailed fluorite crystal bust of a [ skull ], synthwave, light streams, dark negative space, chromatic aberration, data mosh, glitchcore ",3244458764
"futuristic and abandoned landscape of a solarpunk city by francisco javier saenz de oiza, alien brutalism, torres blancas, taras shevchenko, extreme lighting at dusk, sci fi, highly detailed, digital painting, smooth, sharp focus, golden ratio, no humans, flying spaceships, illustration, concept art by wlop stephen hickman james gurney hiromasa ogura, ",1860997387
"a historical portrait photo of young women sharing a pizza margherita, queen margherita of italy wears tiara and pearl necklace, young sophia loren from naples wears ornamented dress, smooth lighting, exquisit detail, masterpiece, timeless, photography by letizia battaglia ",177102848
"19th century wood-engraving of a steam powered bipedal mech, whole page illustration from Jules Verne book, art by Édouard Riou Jules Férat and Henri de Montaut, frontal portrait, high quality, beautiful, highly detailed, removed watermarks",1611489663
"An anime portrait of a beagle puppy in a captain's uniform sleeping, by Stanley Artgerm Lau, WLOP, Rossdraws, James Jean, Andrei Riabovitchev, Marc Simonetti, and Sakimichan, tranding on artstation",2075954559
"cute long hair tuxedo cat wearing a tuxedo, oil painting, hyper realistic, ",4040865888
"beautiful cyberpunk assassin wearing a military vest and military gear. attractive face. Iranian orientalist portrait by john william waterhouse and Edwin Longsden Long and Theodore Ralli and Nasreddine Dinet, oil on canvas. Cinematic, hyper realism, realistic proportions, dramatic lighting, high detail 4k",1307559693
"🌈 👩🏾 gradient background, stylish, phantom, dreary, dramatic, fluid, golden ratio, artstation, oil, moebius + loish, hd, long hair ",370744714
"portrait of a man playing the violin, 8 k, lowbrow, in the style of lilia alvarado and ernst haeckel, ",3339070224
"a cat with very dark background, with an armor and a crown, Rembrandt lighting scheme ,light dark, dark background , epic, very detailed, painted by Caravaggio, Rembrandt.",536228487
"cinema 4D bright light render, POV inside an hourglass looking up into the falling sand, trapped inside an hourglass, sand, time, deserted sand, glass, inside view, humanoid pov, intricate artwork by Tooth Wu and wlop and beeple. octane render, trending on artstation, greg rutkowski very coherent symmetrical artwork, cinematic, hyper realism, high detail, octane render, 8k",633904031
"a mage with a blue cape, stars, sincere, modern maximalist suit, is ( ( holding a cane ) ). light dust, magnificent, hyperdetailed, theatrical, painted by jean honore fragonard and greg rutkowski ",2365726989
Andrus Ansip,243008367
furious angry evil big huge yoda ,3482157478
a _ black _ and _ white _ photography _ of _ an _ exhibition _ space _ with _ objects _ of _ sun _ ra _ indigenous _ artifacts _ and _ marcel _ duchamp _ 6 0 s _ offset _ lithography _ print _ newspaper _ ,1135521350
"bird with arms and hands, epic fantasy art, by Greg Rutkowski",1202283647
puzzle made of slices of meat,130518439
david bowie ( ( ( ( vampire ) ) ) ) ,1966995281
a polar bear in a Jacuzzi,3927104493
"crystal ball on a wood stand with a beautiful dreamscape inside, studio product photography, super highly detailed, professional digital painting, artstation, concept art, smooth, sharp focus, extreme illustration, unreal engine 5, photorealism, beautiful, cinematic, art by artgerm and rutkowski and alphonse mucha and loish and wlop ",3118629707
"aztec stargate, vivid colors, dark shadows, contrast, concept art, sharp focus, digital art, Hyper-realistic, 4K, Unreal Engine, Highly Detailed, Dramatic Lighting, Beautiful, by Brom, bastien lecouffe-deharme",2185417423
transformers verse gi joe. 8 0 s hand painted art advertising ,4053658550
"😈👹, symmetrical, dynamic lighting, darker intense, detailed, by bambang nurdianshyah, garis edelweiss, roby dwi antono and dan mumford, ayami kojima, takato yamamoto, barclay shaw, karol bak, yukito kishiro, norman rockwell ",341946261
chubby face of fat dragon with round cheeks,2762618333
sergey chaly closeup portrait futuristic fractal fightsuit gaston bussiere craig mullins j. c. leyendecker short wet hair richard avedon peter lindbergh monochrome studio lighting ,90873873
chinese canadian girl wearing a red shirt and a black skirt ,2363598017
"beautiful black robot woman in a black cutout dress with white trim, as seen on artgerm, octane render, in the style of alphonse mucha, ultra realistic, highly detailed, 8 k ",1801139038
"game asset of the sims beer craft table, in gouache detailed paintings, props, stylized, 2 d sprites, kitbash, arcane, overwatch, blue and pink color scheme, 8 k, close up ",2126810454
"magic mushrooms growing inside a human head side on made out of glass, 8 k detailed photograph, unreal engine, trending on artstation, emotional surrealist art, very very beautiful ",4100728281
"istanbul, manga cover art, detailed color portrait, artstation trending, 8 k, greg rutkowski ",3192271002
"portrait of a woman by ayami kojima, she is about 2 0 years old, elven like appearance, straight white hair, surreal beauty, very tall and slender, sad look, wearing a futuristic tactical gear colored in white and red, sharp focus, cinematic lighting, artstation hq. ",1055623863
a man named Jack,3534268415
Skyrim with better textures better graphics4K quality super realistic,3185980415
"h. p. lovecraft surrounded by starlight, moon behind him, lovecraftian, fantasy, intricate, elegant, hyper detailed, ultra definition, photoreal, artstation, unreal engine rendered, concept art, smooth, sharp focus, illustration, art by artgerm and greg rutkowski and alphonse mucha and garis edelweiss ",3130529039
"photo of a frenchman from france seated in a restaurant in the year 1 9 8 0. 5 0 mm, studio lighting ",868457713
dinosaur alien hybrid plant digimon ,2720660916
brilliantly colorful lithograph of a fragmented portrait of christina hendrick blending into musical notes in the style of claude monet,2582912273
"red betta fish by james jean and frank frazetta + black paper with intricate and vibrant blue line work + tarot card + mandelbulb fractal + full of golden layers + portrait + trending on artstation + incredible black and red gothic illustration + exquisite detail, minimal ",1288464241
"the transcendent being embodying fundamental fear, photorealistic, detailed photography, divinity, awful, cosmic horror, religious art, blasphemous ",1439572818
futuristic 1950s dystopia of Washington DC hyper-realistic polaroid camera,2978380543
Apophenia is all I see now that I'm blinded by the Divine Universal mind,3581176063
"a small futuristic apartment interior in the style of dune, warm moody lighting, large round window,  wide angle lens, trending on artstation, 8k,",194861941
"he - man, closeup portrait, sci fi, fantasy, intricate, with german iron cross on bare chest, stoic, loin cloth, highly detailed, oill painting, artstation, concept art, matte, sharp focus, painting by earl norem and lev lagorio ",1828722233
"a romantic scene of a young angel girl in love with beautiful long flower hair, flowers, 3 d render, hyper realistic, digital painting, fantasy art, beeple, peter mohrbacher, thomas kinkade ",2062530728
"studio scorpio pole fitness, studio art, purple light, photo realism, artstation. ",1842639658
"portrait of a young girl covered in scars wearing a black hood, the young girl looks angry and seems to look for revenge, extremely detailed painting by gaston bussiere and j. c. leyendecker 8 k ",3876787364
"warhammer style, aerial view, golden hour, at the dawn of time, golden lighting, nightmare, in a symbolic and meaningful style, dark fantasy city, waterfall, octane render, high detailed, high saturation ",3679807510
fantasy paperwork by Peter Mohrbacher,1030389015
"A cat with red eyes, smoking weed, wearing a beanie, digital art",4016514502
"hyperrealist renaissance full body!!! portrait painting of bodybuilder dc comics swampthing thc mj bud pot leaf!!!, full figure!!!, by artgerm and greg rutkowski, in a large tower, walking into the forest, depth perception. ",1385717402
"a cute illustration of mrs Toad sitting and drinking tea. Lovely painting of a toad in a red sweater, by James Gurney",3924014847
SNS logo with dolphin motif,1706688290
"a lemon relaxing on a beach, pixar",2516418076
"realistic detailed image of a pile of bones on a treasure chest full of gold and diamonds, depth perception, depth of field, action horror by lisa frank, ayami, kojima, amano, karol bak, greg hildebrandt, and mark brooks, neo - gothic, gothic, rich deep colors. beksinski painting, part by adrian ghenie and gerhard richter. art by takato yamamoto. masterpiece ",1038898187
"view from the bridge of a spaceship orbiting a planet, artstation, concept art ",2007170188
"a beautiful fashion blond woman, full - body portrait, military bikini, military mini skirt, revealing outfit, symmetrical, maximalist, lily frame, art by ilya kuvshinov, rossdraws, sharp focus, art by wlop and artgerm, extreme detail, detailed drawing, hyper detailed face ",132379956
"witch circe sticks the pigs, the odyssey, art by petrus christus ",4111644854
tetronimos of tetris ,3778535563
sacks of bread ,887106169
"a new animal inspired by horse and shoebill, digital art made by makoto shinkai, lois van baarle, greg rutkowski and jakub rebelka, highly detailed, symmetrical, extremely coherent, smooth, shaped focus, dystopian background ",2160022275
a car driving down the street ,1223847309
"Wooden footpath next to narrow canal between sci-fi buildings in beautiful overgrown futuristic sci-fi city in harmony with nature. Nice colour scheme, soft warm colour. Beautiful detailed watercolor by Lurid. (2022)",3879148136
"oil painting by bob ross, desktop wallpaper, trending  on deviantart, artstation",4232551999
"lady gaga styled by nick knight posing, chromatica album inspired, photohoot, set pieces, intricate set, vogue magazine, canon, highly realistic. high resolution. highly detailed. dramatic. 8 k. 4 k. ",3834374980
"realistic rei ayanami pilot evangelion, high detail, angry face, deviantart, artstation ",2540722496
"incredible screenshot of gravity rush, on PS5, Unreal engine 5, golden hour, white ball shape building cliff-face village, large red banners fabric in the wind, dynamic camera angle, deep 3 point perspective, fish eye, dynamic extreme foreshortening, vertigo, fear of heights, contrasting shadows, huge chasm, 8k, hd, high resolution",1156203984
"close portrait photo of a gorgeous female mermaid with long red hair wearing metal armor in the style of stefan kostic, realistic, half body shot, sharp focus, 8 k high definition, insanely detailed, intricate, elegant, art by stanley lau and artgerm, extreme blur coral reef background ",2522954838
hollowed humanity,2631602117
"The Kaaba (Arabic: ٱلْكَعْبَة, romanized: al-Kaʿbah, lit. 'The Cube', Arabic pronunciation: [kaʕ.bah]), also spelled Ka'bah or Kabah, sometimes referred to as al-Kaʿbah al-Musharrafah (Arabic: ٱلْكَعْبَة ٱلْمُشَرَّفَة, romanized: al-Kaʿbah al-Musharrafah, lit. 'Honored Ka'bah'), is a building at the center of Islam's most important mosque, the Masjid al-Haram in Mecca, Saudi Arabia.[1][2] It is the most sacred site in Islam.[3] It is considered by Muslims to be the Bayt Allah (Arabic: بَيْت ٱللَّٰه, lit. 'House of God') and is the qibla (Arabic: قِبْلَة, direction of prayer) for Muslims around the world when performing salah.",812368735
"highly detailed portrait karl marx reading a book in gta v, stephen bliss, unreal engine, fantasy art by greg rutkowski, loish, rhads, ferdinand knab, makoto shinkai and lois van baarle, ilya kuvshinov, rossdraws, tom bagshaw, global illumination, radiant light, detailed and intricate environment ",2248160146
waifu wars ,3704133869
"Cohen O'Brian. Cyberpunk assassin in tactical gear. blade runner 2049 concept painting. Epic painting by Craig Mullins and Alphonso Mucha. ArtstationHQ. painting with Vivid color. (rb6s, Cyberpunk 2077, matrix)",678985228
"group of people in simple warehouse, looking at hologram of futuristic city on a table, cinematic concept art, godrays, golden hour, natural sunlight, 4 k, clear details, tabletop model buildings, center model buildings, hologram center, crane shot, crane shot, crane shot ",1198490100
the boss is yelling at an anonymous employee in a cyberpunk dystopian office at day in an orange smoke artstation,3334
"a giant fluffy squirrel carrying napoleon bonaparte on its back, by sophie anderson ",3784086913
"caitlyn from league of legends, fantasy art by donato giancola and greg rutkowski, symmetry!! ",2064001557
"3 5 mm photo of metallic red zelda car like hot wheels model with a room as background, epic cinematic, epic lighting ",1000761978
"character sheet of a very beautiful girl, by wlop. concept art, character design. cyberpunk. long hair. trending on artstation, artstation contest winner. ghost in the shell ",4266800883
"you will find a way out ,illustration, chaotic, invasion, thanatos, nano hex armor hull, alien starship, mercury storm on background, disintegration, volumetric lighting, soft lighting, soft details, painting oil on canvas by craig mullins and charlie bowater, octane render, HDR, trending on artstation, 4k, 8k, HD",679257819
"David Bowie underwater, album cover",326207003
a modernist painting of a woman swimming in a pool. sunny day. clean colours.,69583967
"portrait of teenage chuck clayton, black teenage boy, very short curly hair, very short hair, square jaw, slight excited smile, reading archie comic book, intricate, elegant, glowing lights, highly detailed, digital painting, artstation, concept art, smooth, sharp focus, illustration, art by wlop, mars ravelo and greg rutkowski ",2672474701
"an epic chibi comic book style portrait painting of a hugh laurie playing a guitar, character design by mark ryden and pixar and hayao miyazaki, unreal 5, daz, hyperrealistic, octane render, cosplay, dynamic lighting, intricate detail, harvest fall vibrancy, cinematic ",3759270454
"details portrait of anime girl with demon horns holding cheerleader pompom, cheerleader outfit. anime masterpiece by studio ghibli. 8 k, sharp high quality classic anime from 1 9 9 0 in style of hayao miyazaki ",1094858808
a skeleton on the dj decks ,4036192270
"a surreal, hellish, and maddening battlefield filled with robot corpses in the style of zdzisław beksinski in the style of junji ito trending on artstation deviantart pinterest furaffinity detailed realistic hd 8 k high resolution ",40965832
"portrait painting of cyberpunk chuu from loona as a happy mercenary, ultra realistic, concept art, intricate details, eerie, highly detailed, photorealistic, octane render, 8 k, unreal engine. art by artgerm and greg rutkowski and magali villeneuve and alphonse mucha ",1515425612
"combat ninja cyborg wielding katanas designed by jony ive, painted by michael whelan and gilbert williams and evgeny lushpin and artgerm and alena aenami, highly detailed, artstation ",2797172371
"icon gaming hub, many colors, fancy ",4132694400
"alien in suit among people, people didn't notice, alien in xx, classic alien, grey alien, dutch style painting, high definition, fine art photography, street photography, monochrome ",607617917
"a horrible scene in victorian hell, norman rockwell, jack kirby, greg manchess, alex ross, bergey, zdzislaw beksinski, ruan jia, jeremy mann, tom lovell ",2223040391
"big letters big letters sing letters like ladder saing H E L P, clean, shap, simplistic",2619195647
"movie Poster, tropical Island, dinosaur by Frank frazetta, Tyrannosarus Rex, Action, from jurassic World (2015), from pacific rim (2013) from King kong (2005), cgsociety, ArtStation, by drew struzan, by James gurney",4227618919
"a good ol'bloodhound dog fursona ( from the furry fandom ), heavily armed and armored facing down armageddon in a dark and gritty version from the makers of mad max : fury road. witness me. ",4226751568
battlefield vietnam ,3732363299
movie _ scene _ of _ a _ man _ and _ a _ robot _ having _ a _ moment _ of _ jealousy _ movie _ still _ cinematic _ composition _ cinematic _ light _ by _ david _ lynch _ an _ - h _ 5 7 6 _ - w _ 1 0 2 4 _ - n _ 6 _ - i _ - s _ 1 5 0 _ - s _ 1 9 2 7 1 9 3 5 5 7 ,247380693
"the starry night by van gogh, fantasy, hd, volumetric lighting, 4 k, intricate detail, by jesper ejsing, irakli nadar ",186712764
Blue 1999 Subaru WRX driving down dirt road composition twilight glowing red taillights cinematic movie still,2134828351
"an illustration of a group of three female androids in style of masamune shirow, lying on an empty, white floor with their bodies broken scattered rotated in different poses  and cables and wires coming out, by yukito kishiro and  katsuhiro otomo, hyper-detailed, intricate, view from above",1414720388
joe Biden sleeping in a conference,3613769471
"digital matte painting : : of a curvilinear origami future sedan, glass and metal : : peugot onyx, renault ultimo, sci fi, artstation, concept art, industrial design, modern architecture ",2306707442
"a Photorealistic dramatic hyperrealistic,hyper detailed render by Greg Rutkowski,Craig Mullins,Nicolas Bouvier SPARTH, Juan Gimenez,Enki Bilal,ILM of an Epic Sci-Fi, Gigantic Alien xenomorph spaceship inside huge interior hangar,intricate bio mechanical surface details,many tubes and cables hanging from the ceiling,Beautiful dynamic dramatic dark moody lighting,contrast and shadows,Volumetric,Cinematic Atmosphere,Octane Render,Artstation,8k",2297626662
"portrait of megan fox as a sultry nun, catholic, church, bible, christianism, praying, intrigante, headshot, highly detailed, digital painting, artstation, concept art, sharp focus, cinematic lighting, illustration, art by artgerm and greg rutkowski, alphonse mucha, cgsociety ",3463966107
"a beautiful witch choosing a pumpkin by gil elvgren, halloween, cute spooky aesthetic, vintage glamour, highly detailed oil painting, vintage postcard, 1 9 5 0 s art print ",1543634681
"memorable animation key shot, illustration, paper texture, pencil lines, people flee as cell shaded spider tanks firing at a giant citrus golem covered in fishing wire, hooks and barnacles at the beach, shockwave, breaking the sound barrier, by mandy jurgens, by satoshi kon, ilya repin, lena aenami, shinji kimura, daylight pastel color palette, vibrant ",1059345259
"closeup view of a mature voluptuous female jellyfish human hybrid wearing discowear and visor shades, inside of an unlit 1950s luxury treehouse with a soviet computer console and a large portal on the wall displaying NewYork subway station that is underwater, ektachrome photograph, volumetric lighting, 35mm f8 aperture",648308898
"caricature of tilda swinton smoking a cuban cigar by salvador dalí, trending on art station, 4K",575543679
Candid Street Photography. Kodak Ektachrome E100G,601192511
"a children's book illustration of disney princess sophia with rapunzel at a birthday party eating cake. brightly lit scene. this 4 k hd image is trending on artstation, featured on behance, well - rendered, extra crisp, features intricate detail, epic composition and the style of unreal engine. ",1536152447
"Beautiful alchemy seashell. By Konstantin Razumov, highly detailded",1995934289
"obsidian bumblebee squid king edm dyson engine cyborg smoking molten honey bong | elaborate jewelry | glamorous oily soft polished rich vixen ornate modern | weta disney pixar movie still photo | hi - fructose, sci fi fantasy, smooth, octane render, sharp focus, artstation, concept art | beeple, feng zhu, artgerm, mucha, rutkowski | ",3724863025
mad frog drinking coffee ,2016113569
"Yoda in Warhammer 40k, 4k resolution very detailed",347445015
a portrait of president biden as. a pimp with a pink sportscar in the background ,461758475
"a beautiful digital full body painting of a petite young woman, with braided brunette hair, wearing round glasses holding a thick book close to her chest, the hallway extends further in the background, symmetrical face, 8 k. trending on art station, art nouveau, art by rolf armstrong ",3739987599
"a giant pill bug as mountain, full of human shape parasitisms live on the shell, holes, landscape, あかさたなは on twitter, by miyazaki, nausicaa ghibli, high detail, 8 k ",1055554543
league of legends high - fashion character designed by kanye west ,1963072531
"digital art of a surreal dark jungle, astronaut walking, mysterious crazy world, talking creatures, raining, night, fireflies",1923264383
"niagara visual fx texture of fire circle with glowing runes, black background, ue 5, featured on artstation, sharp focus, ray tracing, artstationhq, cgsociety, 8 k texture ",4129474080
"portrait an ugly child, black & white",3237555579
"pigeon. insanely detailed. by wlop, ilya kuvshinov, krenz cushart, greg rutkowski, pixiv. zbrush sculpt, octane, maya, houdini, vfx, in luxury advertisement, sharp focus, volumetric lighting ",2417507583
"a supermarket in hong kong, by dan mumford and peter doig and edward hopper, symmetrical, minimal, black ink, thick lines highly detailed, muted colours, overlaid with chinese adverts, 8 k ",1733792041
"woman and a seal dancing together in the waves, abstract art in the style of cubism and georgia o keefe ",466220353
A Wizard battling a Tiger by R.J. Palmer; by Anato Finnstark,4128954367
"witch woman, red hair obscures face, soft eyes and narrow chin, dainty figure, long hair straight down, torn overalls, short shorts, combat boots, V cut top, wet tshirt, raining, basic white background, side boob, symmetrical, portrait, elegant, intricate, digital painting, artstation, concept art, smooth, sharp focus, illustration, art by artgerm and greg rutkowski and alphonse mucha,",1758883007
"portrait photo of a gorgeous young Deepika Padukone as Bond Girl in James Bond movie poster, with intricate detailed in the style of stefan kostic and greg rutkowski UHD 8k realistic sharp",941970884
"league of legends portrait, au naturel, hyper detailed, digital art, trending in artstation, cinematic lighting, studio quality, smooth render, unreal engine 5 rendered, octane rendered, art style by klimt and nixeu and ian sprigger and wlop and krenz cushart. ",2956390454
"a lone beautiful ethereal spirit floating running quicklly with both legs along the shimmering crystalline shores of eternity, universe and planets and stars in the sky, unusual surreal, gorgeous artwo 6 rk by artgerm, rutkowski, wlop, detailed, dramatic lighting ",2330730474
"vscocam molten fx nebula artwork, vscocam nebula parasite *. pano arterpaintings, brisket venom cavity flame polaroid pixelart interstellar painting, vscocam nebucardiovascular pixelart nebula molten, vscocam nebuinterstellar / / parasite staining flame painting ",1099393437
Victorian painting of Marshmello greeting George Washington,1894165175
"a full body portrait of a female model with a mask, elegant, fancy dess, ornaments, highly detailed, beautiful, cinematic lighting, 2 d animate style, mesmerizing, 8 k hd, artstation, by hideyuki morioka, ito ogure, vofan, greg rutkowski, victo ngai, artgerm ",4219968356
"pipe organ pies and ghosts intricately carved from dark smoke, high detail baroque oil painting, golden ratio, volumetric light, godrays, terrifying geometry, alan lee, caravaggio, michelangelo ",2625346501
"goddess close-up portrait, jellyfish phoenix dragon, butterfly squid, burning halo, intricate artwork by Tooth Wu and wlop and beeple, greg rutkowski, very coherent symmetrical artwork, cinematic, hyper realism, high detail, octane render, unreal engine, 8k, Vibrant colors, Smooth gradients, High contrast, depth of field",3629721855
"“a realistic detailed photo of a guy who is an attractive humanoid who is half robot and half humanoid, who is a male android, News reporter Anthony Conn, shiny skin, posing like a statue, blank stare, reporting the news, on display, sparks coming out of his neck”",3501425004
"1 9 7 0 s andrei tarkovsky movie still of a pyramid building with columns, by piranesi, panoramic, ultra wide lens, cinematic light, anamorphic, marble hole ",3812366892
xenomorph having fun at the fair ,3816596872
"grumpy dark haired women, ice mage, medium shot, by travis charest and ilya kuvshinov, black coat, black makeup, shooting ice, fantasy artwork, fantastic artwork, 4 k, trending on artstation ",3649564841
"two young guys are sitting at a table, playing chess. One is wearing a yellow tanktop and is smiling. The other has a white shirt and looks angry. The sky is blue with a Mediterranean background. Foto. Detailed faces. Detailed hands.",3922755839
"portrait of ciri from the witcher holding a rose in the middle of a lavender field, by rembrandt, realistic oil painting, highly detailed face",689383973
"giant daisy flower head, walking in the mountains, surreal photography, sunrise, dramatic light, impressionist painting, colorful clouds, digital painting, artstation, simon stalenhag ",1632817493
"tonalist landscape of arctic wasteland with broken windmills, cerulean blue, payne's grey, and yellow ochre, contre - jour, backlighting, sharp detail, linework ",2597118331
"cosmic pyramid album cover, d & d, fantasy, portrait, highly detailed, digital painting, trending on artstation, concept art, sharp focus, illustration, art by artgerm and greg rutkowski and magali villeneuve ",4263383664
"insanely psychedelic ocean, intense waves, backlit octopus, sunset, refracted lighting, paisley pattern, elegant, 8 k resolution, intricate and fine details, digital painting, artstation, illustration, psychedelic ocean art, krenz cushart, alphonse mucha ",1757513588
"a creature with a race car motor engine as its head and the body of a cachalot. a transparent rectangular head with a cool motor engine inside, the body of a cachalot whale. photorealistic art, an unreal marine creature, 8 k, cyber - punk ",873659625
ultra realistic render of Nier Automata,1740278271
"epic landscape of an alien planet, scifi, art by ruan jia and albert voidstar ",1075347661
"fantasy magic woman portrait, sci-fi, amber eyes, face, long hair, fantasy, intricate, elegant, highly detailed, digital painting, artstation, concept art, smooth, sharp focus, illustration, art by artgerm and greg rutkowski and alphonse mucha",3657493503
gman from half life video game in real life ,176017320
"universe, zoom!!!!!",846015147
"real life photo of a large glass statue of a dragon in the middle of new york, light shining through it",3018085170
"a frontal portait drawing of a purple pixel art bubble bobble with a cap by inio, beeple and james jean, aya takano color style, trippy, 8 k, super detailed, night sky, digital art, digital painting, clean ",4132291714
"cinematic bust portrait of psychedelic robot from left, head and chest only, exotic alien features, robotic enhancements, desaturated, Tim Hildebrandt, Wayne Barlowe, Bruce Pennington, donato giancola, larry elmore, oil on canvas, masterpiece, trending on artstation, featured on pixiv, cinematic composition, dramatic pose, beautiful lighting, sharp, details, hyper-detailed, HD, HDR, 4K, 8K",904801695
"pearl iris inside digital chaos, bao phan, piotr jablonski, norman rockwell, tim hildebrandt, dariusz zawadzki, bruce pennington, larry elmore, intricate details, hyperrealistic oil painting on canvas, deep depth field, cinematic composition, hyper - detailed, hd, hdr, 4 k, 8 k ",2263536530
a castle made out of sandstone in minecraft,3473393523
"portrait of the hunt goddess by atey ghailan, by greg rutkowski, by simon stalenhag, by greg tocchini, by james gilleard, by joe fenton, by kaethe butcher dynamic lighting, gradient light blue, brown, blonde cream and white color scheme, grunge aesthetic ",1393874892
"surreal, sharp, lowbrow, detailed professional, high quality airbrush art MGMT album cover of a liquid dissolving LSD DMT blue sonic the hedgehog falling through a mirror ocean, purple checkerboard background, 1990s 1992 acid house techno Sega Genesis video game album cover",1260427670
"art nouveau tarot card illustration of a marten dressed as the hierophant, framed square border ",3719709955
"housecarl lydia from skyrim in battle attire, portrait, outdoors, illustration, rim light, top light, perfectly shaded, soft painting, art by ross tran, krenz cushart and wenjun lin ",2114997433
concept art time travelling soldier operative tactical combat future nano tech sleek digital painting highly detailed render 4 k 8 k hd trending on artstation ,1360738930
"an extravagant fish with in the style of nick cave, ",556000905
"annasophia robb bowl haircut, john bauer and waterhouse",1864972159
"a lighter designed by isamu noguchi, white background, studio photograph ",4139505484
no you're an inanimate object ,1475450645
"captain directing a space battle from the bridge of his spaceship, star trek, phasers, digital key art, concept art, artstation,",966133494
"fursona / furry, hyena, male, by stephen gammell ",2259476799
"A fantasy comic book style portrait painting of a Channing Tatum as a elf Sorcerer casting a fire spell, unreal 5, DAZ, hyperrealistic, octane render, RPG portrait, ambient light, dynamic lighting",3713382280
"a fur elemental, whirling energy made of fur ( dramatic, cinematic, by simon bisley ) ",2198149409
"painting of mythical fantasy onsen of japanese inn by greg rutkowski craig mullins mucha ross tran towels cozy hot springs bonsai [ levitating magic lanterns ] holographic lotus and koi, clear focus fantasy d & d cinematic lighting unreal engine lumen trending on artstation ",3488435666
"A peanut with face wearing a white and green striped shirt, lighting studio photo",3806705284
"masterpiece portrait of a beautiful stunning shinny girl with boho accessories, in violet reflective bikini, glossy, dreamlike beach, fantasy character portrait, dynamic pose, above view, top lighting, asian feature, art by artgerm and greg rutkowski and fuji choko and viktoria gavrilenko and hoang lap and charlie bowater,, cryengine, lumion render, 8 k realistic, hyper detailed, digital painting, artstation, concept art, realistic shaded, perfect face ",454366435
pete doherty as rick james ,961208604
"a giant eldritch spider monster crawling across a misty mountainous landscape, dramatic lighting, illustration by francois baranger, greg rutkowski, yoji shinkawa, 4 k, digital art, concept art, trending on artstation ",3589967267
silly hieronymus bosch creature. framed oil painting portrait of a bat in fancy felt robes. muted colour palette ,3849384461
dwayne the rock johnson in the mona lisa,1365182741
intense vivid aurora above space needle centered big sky film long exposure fuji wide angle national geographic ,617468490
More than one verdict of wilful murder has been returned against the ex-Kaiser by coroners' juries—notably by the jury that inquired into the deaths of the Lusitania victims and the victims of air raids in this country,981484415
Minotaur wearing Denim Jeans MTG Card Greg Rutkowski ismail inceoglu craig j. spearing bastien grivet james gilleard barnett newman,2889191036
Emmanuel Macron being slapped in the face by Putin,864777215
"a seductive lee ji - eun in celestial cybernetic suit running in mach 3 super speed on a serene pink ocean, water splash, tsunami behind him, speed blur, visually stunning, majestic, by wlop, james jean, ilya kuvshinov, ruan jia, lightspeed, god speed, lightning fast, quick ",163172135
"portrait of a male tabaxi sorcerer with striped blue fur, half body, fantasy, highly detailed, digital painting, artstation, concept art, character art, art by greg rutkowski and tyler jacobson and alphonse mucha ",3213873560
Ibai in the style of the Red Dead Redemption 2 cover art,2080486271
Anthropomorphic Shih Tzu with Golden Hair,2533639935
"caduceus, meteor shower, epic, miyazaki style, cinematic, indie, highly detailed, featured on artstation, highly detailed, abstract ",2074661041
"realistic detailed image of a little girl in the room with a little monster  hiding!!! and lurking under the bed in the shadows!!!.  by  Ayami Kojima, Amano, Karol Bak, Greg Hildebrandt, and Mark Brooks, Neo-Gothic, gothic, rich deep colors. Beksinski painting, part by Adrian Ghenie and Gerhard Richter. art by Takato Yamamoto. masterpiece",1880554495
"steampunk robot wasp 3 d model, unreal engine realistic render, 8 k, micro detail, intricate, elegant, highly detailed, centered, digital painting, artstation, smooth, sharp focus, illustration, artgerm, tomasz alen kopera, peter mohrbacher, donato giancola, joseph christian leyendecker, wlop, boris vallejo ",3156693487
waluigi stroking his beard,706563583
playstation 5 concept render,550386099
stephanie braganza,1188872610
futuristic beautiful woman in kimono dress made of steel plate,235814655
"vaporwave 1 9 8 0's car, by fiona staples and dustin nguyen, peter elson, alan bean, wangechi mutu, metallic colors, fractals, deepdream, oxidized copper, led light, highly detailed and intricate, psychedelic, sharp focus, ",4246400821
"a woman monstera druid with monstera leaf themed clothing, fully clothed, volumetric lighting,  D&D, fantasy, intricate, cinematic lighting, highly detailed, digital painting, artstation, concept art, smooth, sharp focus, illustration, art by Artgerm and Greg Rutkowski and Alphonse Mucha",3094696703
"big spiral stairways, inhabited on many levels, there are  many doors, flying birds, by beksinski, shining light, strong perspective, clear geometry, architecture, Award winning. Masterpiece, detailed illustration",785287337
浣 鳞 梦 泽 ,648207141
full body photo of kate upton as a steampunk valkyrie warrior,2940585471
"a beautiful fashion blond flight attendant, leather frank outfit, symmetrical, maximalist, lily frame, art by ilya kuvshinov, rossdraws, sharp focus, art by wlop and artgerm, extreme detail, detailed drawing, hyper detailed face ",2192530286
"elizabeth olsen as a heavenly angel, anatomy, highly detailed, digital painting, artstation, concept art, smooth, sharp focus, illustration, unreal engine 5, 8 k, art by art by artgerm and greg rutkowski and edgar maxence and gustave courbet ",2634600166
"portrait of a medieval old king with a crown, behance hd by jesper ejsing, by rhads, makoto shinkai and lois van baarle, ilya kuvshinov, rossdraws global illumination ",615951659
HD Dslr professional photograph of landscape and a sky full of beautiful stars,776887254
"kirsten dunst portrait, dystopia core, apocalyptic, armor, warrior, dramatic, sharp focus, fiction, neon, fantasy, hyper detailed, digital art, trending in artstation, cinematic lighting, studio quality, smooth render, unreal engine 5 rendered, octane rendered, art style and nixeu and wlop and krenz cushart ",2465588556
“photograph of pizza multiplying droid”,669334079
archive footage of sleeper stalker monster hunting in toronto neighbourhood in the 1 9 8 0's h 5 7 6 ,3666533752
fashion dreamy digital reference sheet ball - jointed! plastic! doll!! weird! sci - fi high fashion clothing! beautiful hair! krenz cushart peter mohrbacher norman rockwell michael cheval gerald brom alphonse mucha beautiful detailed face strange unique design futuristic attire white background wtf! fractal jacket ,2335483488
hyperrealist highly detailed neo-baroque portrait of krampus standing in dolomites concept art pascal blanche dramatic studio lighting 8k wide angle shallow depth of field,3369438207
"beauty young spanish woman with long black hair robotic hands, interacting with a holographic interface of alien artifacts, electrical case display, Terminator tech, ultrarealistic, dramatic lighting, electrical details, high details, 4k, 8k, best, accurate, trending on artstation, artstation, photorealism, ultrarealistic, digital painting, style of Peter Mohrbacher, Caravaggio, Hajime Sorayama and Boris Vallejo",2627551461
"soft fuzzy pastel drawing by mary herbert ( fuzzy feeling of dreams and memories ), a beautiful girl in front of an intricately detailed spiraling portal with a spiritual aura by john harris, by malcolm liepke, by steven wiltshire, by edward hopper, cinematic lighting ",1013398862
acrocanthosaurus in jurassic world evolution game,188088127
"a grand intricate futuristic black steam train next to a giant mammoth, post - apocalyptic ice landscape in snowstorm, concept art, artstation, highly detailed, digital art ",3041942171
"isometric concept art of a futuristic chemical lab, pale greens and whites, mirror\'s edge style, anime style, 3d, dirty stains",1198345714
"donald trump in prison, photography, 4k",3330829987
"strange mythical beasts of sitting around a fire under a full moon, surreal dark uncanny painting by ronny khalil ",793995738
"close up of max verstappen wearing black mercedes amg overall, great photography, ambient light, ",62525743
"glorious full head portrait of Richard Nixon as Thor, fantasy, intricate, elegant, digital painting, trending on artstation, concept art, sharp focus, illustration by Greg Rutkowski, Artgerm, 4k.",2805699054
"concept art by craig mullins astronaut in futuristic dark and empty spaceship underwater. infrared complex and hyperdetailed technical suit. mandelbulb fractal. reflection and dispersion materials. rays and dispersion of light. volumetric light. 5 0 mm, f / 3 2. noise film photo. flash photography. interstellar movie art ",2654654715
"arwen, elven princess, magical, forest, evening, yellow mist, lord of the rings, symmetrical face, large eyes, hyper realistic, digital art, octane render, trending on artstation, artstationhd, artstationhq, unreal engine, 4 k, 8 k ",1958496744
A furry turtle,1119783424
"Yellow and black Terran trade authority spaceship, a nebula in the background, ultra detailed, octane render",355289247
"perfectly centered portrait, front view of a biomechanical android anonymous mask guy fawkes robot, flowing hair, intense stare, sarcastic smile, symmetrical, concept art, intricate detail, volumetric shadows and lighting, realistic oil painting by tim hildebrandt and greg rutkowski, ",2712369914
"4 k hd, high detail photograph of a cat with black and white fur, shot with sigma f / 4. 2, 2 5 0 mm sharp lens, consistent, isometric view, volumetric lighting, high level texture render ",3389151668
phonk album cover with japanese drift car,311292892
half life 2 minecraft ,2913484274
"chained in the chains of passion, digital collage, decoupage, assemblage, photomontage, canvas texture, hight contrast, contemporary art, punk art, photorealistic, portrait, expressionism, masterpiece, dynamic composition, spectacular quality, intricate oil details, broken glass ",2534606446
"a girl in an artistic pose covered in silk intricate elegant cloths surrounded by beautiful meadows, highly detailed digital by artgerm, wlop, by alphonse mucha painting _ - h _ 1 0 2 4 ",1133076069
"Angela Merkel dressed as Eminem in the movie 8 mile, movie still",3406456319
"a wlop 3 d render of very very very very highly detailed beautiful mystic portrait of a ghost toxic ape shaman with whirling galaxy around, tattoos by anton pieck, intricate, extremely detailed, digital painting, artstation, concept art, smooth, sharp focus, illustration, intimidating lighting, incredible art, ",2859441234
"portrait of anime maid maid dress with rifle in hands running winter by greg rutkowski, key visual, kyoto animation, makoto shinkai, studio ghibli pixiv, sharp, detailed, high quality, award winning trending on artstation super detailed face sparkling eyes fingers ",3289850950
film grain light leak,3295297791
"close-up color film photography 1970s, sad clown look at himself in public bathroom mirror, soft light, 35mm, film photo, Joel Meyerowitz",1725371135
"high intricate detailed commercial photo of a psr electric guitar covered in colorful flowers and smoke, golden ratio, rule of thirds, flowerpunk, majestic, elegant, by lea leonowicz, by maks trofimov, by jenny brozek, by johannes wessmark ",1911202361
"a dramatic, epic, ethereal painting of a handsome thicc shirtless cowboy with a beer belly wearing a large belt | background is a late night campfire with food and jugs of whisky | homoerotic | tarot card, art deco, art nouveau | by Mark Maggiori | trending on artstation",1119959066
"male bedouin warrior in battle surrounded by nebula, highly detailed, gold filigree, romantic storybook fantasy, soft cinematic lighting, award, disney concept art watercolor illustration by mandy jurgens and alphonse mucha and alena aenami, pastel color palette, featured on artstation ",3623838654
"concept art, cute anime girl sitting on street, braids blue and green, singular, junichi higashi, isamu imakake, intricate, balance, full far frontal portrait, volumetric lighting, cinematic lighting, masterpiece, art by wlop and artgerm, extreme detail, detailed drawing, hyper detailed face ",3853614945
"a intricate ornate psychedelic image of brett novak with a glowing third eye, digital art by artgerm, alex grey, dan mumford, felix kelly, psychedelic art, psychedelic, fractalism, fractals, sacred geometry, trending on artstation, hyper - realism, highly detailed, cgsociety, octane render, raytracing, 3 d ",2020511142
van gogh ,1727530088
"idealistic portrait of a young girl working in a blacksmith's forge, clear eyes, fair skin, beautiful hair, tools in her hands, fantasy art, fire, 8 k digital art, unreal engine, in the style of camille rose garcia and francisco de goya, ",4241478343
"the cybernetic asteroid city, technological phenomenon, by zdzisław beksinski, greg rutkowski, and j. g. quintel, futurecore, 5 mm hyperdetailed digital art by jan urschel and neil blevins and tony diterlizzi, and cyberpunk ",3496486961
"A beautiful body art of a large, dragon-like creature with sharp teeth, talons, and a long tail. The creature is looming over a small group of people who appear to be in distress. 1980s by Chris Ofili, by Charles Addams improvisational",37720751
"a portrait of Stable Diffusion, free interpretation",44455517
"super detailed mythical creatures chinese dragon,  gold,burnt sienna,sennelier orange,ultramarine deep blue and white color scheme,Johfra Bosschart",407947327
"a city at night, studio ghibli ",2313834112
"high quality action photograph of a black and tan chihuahua running along a beach at sunset, boats in the background, golden hour, beautiful light, seaside, seashore, 2 0 0 mm, f 4, canon, nikon, flickr, 5 0 0 px, behance, award winning photograph ",201094672
"killer whale, holographic die cut stickers, 8 0 s science fiction, science fiction, ernst haeckel, artstation, complementary colors, moebius, jodorowsky, victo ngai, ilya kuvshinov, dark vintage sci fi, - - ar 9 : 1 6 ",208886536
man with onion face crying big drops visible tears 3 d render ,3833458434
"Starport, starship on the runway,  hyperrealistic mixed media, stunning 3d render inspired art by P. Craig Russell and Barry Windsor-Smith + perfect facial symmetry + dim volumetric lighting, 8k octane beautifully detailed render, post-processing, extremely hyperdetailed, intricate futuristic mechanic parts, epic composition, grim yet sparkling atmosphere, cinematic lighting + masterpiece, trending on artstation",1309208249
"Illustration of a buff warrior in gold heavy armor. Weaving a huge hammer, hit the ground. Blue flux lighting, yellow flash, bloom. High fantasy, digital painting, HD, 4k, highly detailed.",845094948
a john slattery from mad men bobble head ,3974675349
low poly'' quetzalcoatl'' cover art ,1977049548
"a league of legends concept art of a beautiful young female scientist in a laboratory holding a blazing black hole, style by jordan grimmer and greg rutkowski, side view, ponytail, elegant, sharp focus, morandi color scheme, illustration, high quality, highly detailed, digital art, 4 k wallpaper, hyperrealism ",818257828
signs that the loneliness is beginning to hurt you physically ,3058130218
dramatic! scene from muppet! aliens ,2098245196
"my uncle that look like gigachad if he was fat accidentally taking a selfie, front camera, camera flash is so bright in his face, viral, selfie, viral on twitter, viral on instagram, viral photo ",1457343946
"animals and plants on a black background, wallpaper, Illustration, Anatomical Drawing, Painting",1895578495
"a portrait of a japanese devil animal illustrated by miyazaki by karol bak, james jean, tom bagshaw, rococo, sharp focus, trending on artstation, cinematic lighting, hyper realism, octane render, 8 k, hyper detailed, vivid, ultra detailed, highly detailed ",1823804162
A man with dark magic superpowers in the genshin impact style,687687520
"highly detailed closeup, face profile portrait of a tin toy matt damon as a medieval demon with horns eating cakes in a castle, hyper realistic, artstation, illustration, nicoletta ceccoli, mark ryden, lostfish, dan decarlo, bob clampett, max fleischer, digital paint, matte paint, vivid colors, detailed and intricate environment ",2985889551
A cyberpunk cafe painted by Eugène Grasset and Gustav Doré and Arcimboldo,2667865723
"very detailed portrait 55mm photo of a mechanical head without skin, with crystal bones and optic fiber nerves, gears in his head and cybernetic enhancements in it's transparent skull. Has cameras for eyes. In the forest with bokeh. Ray tracing and tessellation. Very sharp high detailed 8k image",3125241444
"Emma Watson dishevelled photorealistic portrait grimy sweating wet face dirty t-shirt and torn jeans in broken biomechanical fractal armour abandoned sci-fi gas station, dark and dim atmospheric smog trending on artstation 8k matte painting, dramatic lighting, dramatic shadows professional photograph by Cecil Beaton",892277695
a white feathered wolf with a bladed horn and tail ,3371087965
"epic, cat samurai, cat ninja, battle",2408709176
"portrait of a ( ( ( una taza de cafe grande y roja ) ) ), ( ( futuro hermoso joven caliente caribeno macho alegre ) ), lleno de nubes y magia, concept character, by greg rutowski and tezuka and beeple and mucha and bierstadt and remington, trending on artstation ",703155780
"1800s photograph of ben shapiro in baroque clothing, highly detailed, faded, stained, cracked",1302532863
"style artgerm, joshua middleton, hilary clinton as a warrior monk wearing green pelt light amor, blue hair, swirling water cosmos, fantasy, dnd, cinematic lighting ",3144582363
"palette knife artwork of a cybernetic princess, sharp focus, by james jean, by rossdraws, frank franzzeta, sakimichan ",1505616924
"possums dressed like monks at a medieval cemetery in the middle of the forest at night,  highly detailed, photorealistic, isometric, digital art",3846319103
"Rooftop view of east of Scotland seaside town, digital art",2391848191
"Ruins of granite and aluminum, game art matte paiting ",3835405569
"simple craftsman fine woodworker building a wooden table in their well lit clean open workshop, art by anders zorn, wonderful masterpiece by greg rutkowski, beautiful cinematic light, american romanticism thomas lawrence, greg rutkowski ",3251336792
"Oil Painting of Cat, Anthropomorphized, casting evil spell, magic the gathering artwork, horror, D&D, fantasy, cinematic lighting, centered, symmetrical, highly detailed, digital painting, artstation, concept art, smooth, sharp focus, illustration, volumetric lighting, epic Composition, 8k, art by Akihiko Yoshida and Greg Rutkowski and Craig Mullins, oil painting, cgsociety",163160461
two passive guards near the entrance of a big colorful shop in the crowd of a cyberpunk dystopian city at day in an intense orange fog at a distance,3333
"a detailed painting portrait inspired by moebius and beksinski of a vibrant armoured pilot with tech implants and glowing lights, wearing a flight suit in a parched desert. inspired by dieselpunk. science fiction poster. head and chest only. upperbody. cinematic sci - fi scene. accurate anatomy. symmetry. portrait and science fiction theme with lightning, aurora lighting. clouds and stars. smoke. futurism. fantasy. by beksinski carl spitzweg. baroque elements. baroque element. intricate artwork by caravaggio. oil painting. oil on canvas. award winning. dramatic. trending on artstation. 8 k ",768526273
"portrait of professor james moriarty, anime fantasy illustration by tomoyuki yamasaki, kyoto studio, madhouse, ufotable, square enix, cinematic lighting, trending on artstation ",937732058
"full body portrait of a duo of 2 1 years old girl figures, messy hair, oriental tattoos, bespoke tailoring, beautiful, dramatic, cinematic lighting, few fire red highlights, by jeremy mann and greg rutkowski, oil on canvas, artstation, pixiv ",187877870
photograph of a nuclear explosion family. ,2949545749
man in decorated crusader armor and crusader helmet,2145116543
zombie portrait ,2590991560
a portrait of lonely single Alain Delon alone pilot in spacesuit posing in symmetrical spaceship station planet captain bridge outer worlds extraterrestrial hyper contrast well drawn in FANTASTIC PLANET La planète sauvage animation by René Laloux,3060349710
"low poly iridescent transparent diamond, prism ",2000271799
"abstract alien lanscape with epic stone temples and lush jungle, by moebius and geof darrow, intricate lines, cinematic, concept art, 8 k, artstation ",2269135207
a medium shot of a brown woman wearing a stalactite armor. stalagmite hair. layered. textured. fragile. piercing eyes!! steely gaze!! ice caves. glaciers. azure. coherent face!! no makeup!! dramatic lighting. by ray caesar. by louise dahl - wolfe. by andrea kowch. surreal photography ,1526602331
"a painting of a little girl and a bear, a storybook illustration by Jeremiah Ketner, deviantart contest winner, fantasy art, storybook illustration, digital illustration, deviantart hd",144191831
"freddy mercury as ryu street fighter, uppercut, ultra realistic, concept art, intricate details, highly detailed, photorealistic, octane render, 8 k, unreal engine, art by frank frazetta, simon bisley, brom ",555698208
photograph of a superhero girl driving a nascar racing car ,3912504780
"why have you forsaken me?,, photo, ",2304567464
"garfield in morrowind, retro 3 d graphics, video game screenshot, pc game, elder scrolls ",3994283805
markauto ,2357656850
"a realistic top - down photograph of a cider bottle standing next to a glass mug on a wooden table, shot in professional studio ",3498731828
Kaguya-sama wa Kokurasetai,3588729052
"( side profile ) concept art by thomas blackshear, imogen poots as galactic templar, holy light halo, gloomhaven, matte painting, extremely emotional, realistic shaded lighting poster by hsiao ron chen, artgerm, lawren harris, eve ventrue, magali villeneuve, jeremy lipkin, rob rey, christophe vacher ",1710653479
"a shot of a beautiful delicious plate of food, a hand crafted chef artisan meal made of the pokemon electrode, amazing food illustration, chef table, in style of studio ghibli, miyazaki, anime ",54022057
"art in the styles of greg rutkowski and thomas kinkade, Trending on artstation. The aftermath of a bad driving lesson,  intricately detailed ",3630822655
walter white in read dead redemption 2 ,1075193032
"fantasy scifi, painting by john sephens, vibrant contrast ",3073226451
"sketch of a short stocky buff guy in a plain black t - shirt and cargo shorts, wearing a red ski mask over his entire face, black ski goggles, detailed, dramatic lighting, artstation ",3591959942
"nightlife in lisbon, feminist view, lisbon city at night, art in the style of paula rego ",3417960792
"sovereign souls, Apex Legends character digital illustration portrait design, by android jones and greg rutkowski in a cyberpunk voodoo style, retrowave color scheme, detailed, cinematic lighting, wide angle action dynamic portrait",882667407
"a fantasy character portrait, ultra realistic, intricate, elegant, highly detailed, digital painting, artstaion, smooth, sharp, focus, illustration, art by artgerm and greg rutkowski and alphonse mucha ",394085407
"a pig like a superman, vector art ",262447198
"a wholesome animation key shot of a post apocalyptic room with a big cork board, covered by nature hipster vibes by studio ghibli, animation, sharp, rendered in unreal engine 5, focused, anime key art by greg rutkowski, bloom, dramatic lighting ",563465813
"a roman senator with his white toga, close - up portrait, powerfull, intricate, elegant, volumetric lighting, scenery, digital painting, highly detailed, artstation, sharp focus, illustration, concept art, ruan jia, steve mccurry ",2289943121
painting of an angry old man in front of a cabin in the forest,140455460
"A portrait of Morgan Freeman in the style of Mona Lisa, low contrast",3324148300
"ai biomech, ethereal ultralight i robot mechanism, quantum physics, angelic and unsettling, wires, veins, ferrofluid, bismuth, style blend of hideo kojima, shepard fairey, and botticelli, city backdrop is a blend of the vatican, neo - andean architecture and brutalism, 4 k photorealistic, ultra fine inklines ",3191727185
"portrait photograph of a happy, handsome 3 4 year old persian half - hispanic joe penna | wide set eyes | oval long narrow face | round monolid eyes | fit thin | bow lips | medium straight stylish black hair | medium - sized upturned aquiline nose | healthy olive tone skin | trimmed neat eyebrows | very heavy stubble | taken by steve mccurry ",345141637
"ultra detailed photorealistic sepia - toned painting from 1 9 1 7, a british officer in field gear standing at an archaeological dig site at petra, ultra realistic, painted, intricate details, lovecraft, atmospheric, dark, horror, brooding, highly detailed, by angus mcbride ",1412758426
"horror movie scene with moody colors of an individual in futuristic space suit walking through a deep space mining space station, the walls are rusted metal, broken pipes come out of the walls like hands, birds eye 3 / 4 angle, dark colors, muted colors, tense atmosphere, mist floats in the air, amazing value control, dead space, moody colors, dramatic lighting, frank frazetta ",1859306738
"photographic portrait of a stunningly beautiful renaissance female in soft dreamy light at sunset, beside the river, soft focus, contemporary fashion shoot, in a denis villeneuve and tim burton movie, by edward robert hughes, annie leibovitz and steve mccurry, david lazar, jimmy nelsson, extremely detailed, breathtaking, hyperrealistic, perfect face, octane render ",711268202
"bloody monster with many arms and legs, flesh, tall, cinematic lighting, cosmic horror, grotesque, octane render, unreal engine, highly detailed, inspired by guillermo del toro, david cronenberg, shabab alizadeh, maximus jacobs ",1253482005
"fluffy tuxedo cat portrait, white cheeks, aesthetic highly detailed soft fur and paws, professionally shot photorealistic 8k photograph, 35mm Canon EOS R3, rendered in octane, by Natalie Große and Jason Allison",179399839
"oil - painting portrait of ancient nubian temple guard, armed with a long curved sword, dressed in leather and robes, standing guard of an old egyptian temple gate, art by craig mullins and anders zorn ",2873406177
"cosplay on Harley Quinn on the moon queen, high detail of the face, high details, high modernization, cinematic, dynamic lighting, ultra mega super hyper realistic, ultra mega super hyper beautiful",3105389229
"dada portrait of a character, dadaism, dadaist ",447089415
"a cat reading a book, in the living room, the studio is illuminated, no distorsion, sharp focus ",2659877302
portrait of chef gordon!! ramsay!! as a ram sheep with horns and wool ,1992088938
"The big bang,  Hasui Kawase.",2233971671
"a very beautiful, sexy girl with dark complexion, long, curly, afro hair, stylistic oval black eyes, half - frame square glasses, grey hoodie opened, white tank top, white gloves, denim jeans, character art, digital art, cel shaded, character art ",233038803
"concept art, dieselpunk airship, massive airship, dieselpunk military, highly detailed",1510556671
"fisheye portrait, digital painting, an evil old killer nun, black habit, realistic, hyperdetailed, spooky, chiaroscuro, rimlight, concept art, art by rembrandt ",2346099400
A painting of space by Studio Ghibli,3656334237
"“a realistic detailed photo of a guy who is an attractive humanoid who is half robot and half humanoid, who is a male android, David Wright, shiny skin, posing like a statue, blank stare”",410296681
flowers by andres serrano ,1792736861
"an extremely psychedelic portrait of batman as the joker, surreal, lsd, face, detailed, intricate, elegant, lithe, highly detailed, digital oth, sharp focus, illustration, ",1393383918
"a 4 k cinematic screenshot still portrait of anna kendrick in bladerunner, deep focus, d & d, fantasy, intricate, elegant, highly detailed, digital painting, artstation, concept art, matte, sharp focus, illustration, dark fantasy style art, hearthstone, art by artgerm and greg rutkowski and alphonse mucha ",1353415008
A Landscape by Beeple and Alena Aenami,875999871
"kodak portra 4 0 0, extreme fisheye, wetplate, muted colours, no people, 1 9 3 0 s award winning colour portrait of a beautiful landscape, farm barns, red dead redemption 2, by saul leiter, sunny weather, insanely detailed, insanely intricate, depth of field, motion blur, blueberry teal creme orange colours, no people ",3079804838
"analog portrait of a beautiful young woman at night, looking at the camera, rain, greyscale, film grain, bokeh, depth of field",1497498111
"a cyberpunk christopher walken with blue and pink hair wearing reflective sunglasses, neon colors, hyper detailed, digital art, cinematic lighting, concept art by artgerm and greg rutkowski and jakub rebelka and ruan jia ",3252649258
"female with blonde eye lashes and brows, inside glass sarcophagus, frost roses on glass, complex hyperdetailed technical suit. white hair flowing, cryo sleep, pale blue tint, sci - fi, futuristic, ultra realistic, wide angle. ",3922719843
"portrait of two people, john oliver is short, adam driver is tall, standing together, stoic, full body, military uniform, fantasy, intricate, elegant, beautiful, highly detailed, charcoal, centered, dark, smokey, digital painting, artstation, concept art, smooth, sharp focus, illustration, art by artgerm and greg rutkowski and alphonse mucha ",2522731071
game of thrones in minecraft ,3510834509
a beautiful blond silver hair young woman standing on top of mount fuji in the style of Studio Ghibli and Makoto Shinkai,3472104294
"extremely detailed mech battle surrounded by air ships and planes firing against a unknown enemy in the fog, stunning volumetric light, sunset, metal, concrete and translucent material, stunning skies, trending on Artstation, 8k, photorealistic, hyper detailed, unreal engine 5, IMAX quality, cinematic, epic lighting, in the style of Greg Rutkowski",331204228
Photograph of a delicious loaf of sourdough bread on a wooden breadboard,3845773947
"a furry tan male fox on a persona 5 : royal ( by atlus ) video game splash screen, a furry male sandy sand - colored beige tan fur fox fursona ( has light brown hair ), persona 5 phantom thief style ",3916545514
"photo of noelle stevenson with simple smile paint detailed digital artstation, portrait hd 4 k, y greg rutkowski and gaston bussiere and craig mullins and j. c. leyendecker, hd ",1634843323
"A fridge eating a human realistic, detailed",62567847
shield fantasy epic legends game icon stylized digital illustration radiating a glowing aura global illumination ray tracing hdr fanart arstation by ian pesty and katarzyna da „ bek - chmiel ,2804378196
"A medieval fantasy village surrounding a towering wizard's castle on a hill, crescent moon, light glowing from windows at night, smoke from chimneys concept art by Greg Rutkowski",1596161794
cartoon occult sculpture toy on display ,2471897556
"Bugs bunny holding a machine gun as rambo, photorealistic, hyperrealistic action shot god rays -9",2526712306
"professional digital art manga anime rendering of a bear dressed as a ninja fighting with a katana. colorful design. higly detailed, intricate, greg rutkowski, anime manga style, trending on art station. ",2859023294
"8 k high definition, 1 9 8 0 marijuana monster snoop dogg kenner style action figure, full body, highly detailed, science fiction, photorealistic ",3339137163
mr. fantastic illustrated by james jean with very long hands and arms and fingers and legs and feet twirling and twisting around the area ,3619000279
"Xenomorph in Rudolph the Red-Nosed Reindeer (1964), Rankin Bass stop motion television special, television still",2738512078
"market research presenter, white skin, red beard, blue eyes, no glasses, white hair, charts, and trends on screen, clever, cartoonish",869503811
"a landscape painting of a beautiful lush green high sided valley with a big industrial city in the midground in summertime, pipelines, cables, smoke from chimneys, a big unmissable city, mega city, buildings, obvious buildings, industrial buildings, machinary, scaffolding, a trickling stream of poisonous water at the bottom of the valley, pollution, toxic slime, toxic air, corona render",496909370
“ a cacao tree matte painting in style of monet ” ,1690555290
"professional digital art of a fiery demonic black wolf made out of fire, holding an arrow in her mouth, crimson flaming aura swirling around her, art by tetsuya nomura, 4 k trending on artstation ",267906648
"The new interior for the TARDIS from Doctor Who, detailed painting, trending on Artstation",600679920
"a portrait of jack sparrow as a vampire lord, jewelry, greek, ruby, intricate, headshot, highly detailed, digital painting, artstation, concept art, sharp focus, cinematic lighting, illustration, art by artgerm and greg rutkowski, alphonse mucha, cgsociety ",2863091256
" Hyperrealistic intensely colored Studio wet collodion Photograph portrait of a deep sea Giant spiked Crab with very long! spindly spiked legs and big claws deep underwater in darkness long exposure, award-winning nature deep sea expressionistic impasto heavy brushstrokes oil painting by Fabian Marcaccio and Norman Rockwell and Audubon vivid colors hyperrealism 8k",2972746778
"colourful abstract geometri art, ultra realistic, concept art, intricate details, highly detailed, photorealistic, octane render, 8 k ",1803572980
"adorable mouse illustration, ismail inceoglu ",3721284634
"3d dark infrared octane render concept art by D. Jun, by Mo Xiang Tong Xiu, by Igarashi Daisuke by wlop, beauty portrait anime schoolgirls under dark pink and blue water. pretty cute face. complex mirror deep room. dramatic light, trending on artstation, noise",1043548019
"extreme long shot of a sacred warrior isolated community living in an oasis in the middle of a large sand desert, digital painting, artstation, matte painting, highly detailed, art by artgerm and greg rutkowski and alphonse mucha, wlop, behance contest winner ",1596208491
An oil painting of a dark knight wielding a flaming sword,1800936063
"bavaria man wearing a cape, flying",3567107780
"Arizona desert, the passage of time, Oil Paint, Beautiful Lighting, by Frank Frazetta",3556452274
"gingerbread candy village, cinematic scene, studio lighting, colorful, fantasy, fairytale, intricate, forest, fireflies, flowers, halloween, christmas, hansel and gretel, background blur, bokeh, medium shot, visually stunning, matte painting, concept art, trending on artstation, artgerm, cgsociety ",3720727736
"yoshitaka amano blurred and dreamy realistic three quarter angle portrait of a young woman with short hair and black eyes wearing office suit with tie, junji ito abstract patterns in the background, shadows on the face, satoshi kon anime, noisy film grain effect, highly detailed, renaissance oil painting, weird portrait angle, blurred lost edges ",2698683483
ai created art realistic fine detail cinematic ultra detailed sharp focus super beautiful ,2243086617
cinematic photo of grimace with epidermodysplasia verruciformis skin condition ,3792574216
"elaborate robotic biomechanical hummingbird gathering nectar from flowers + photorealistic + high detail render, unreal engine 5, cinema4d, octane, 4k, 8k",345392099
"portrait of big bird flying majestically into a jet engine, correct face, bloody jet engine, guts and feathers everywhere, uhd hyperdetailed photo by annie leibowitz 5 0 mm lens ",334276881
perspective cloudy sky vector illustration in anime style ,2353257915
"still image screenshot portrait of luke skywalker facing new episode of the mandalorian disney + hundreds of bounty hunter soldiers in front of a strange building, moody gold planet, anamorphic lens ",845374284
"a dragon walking in a cemetery, Tim Burton style, very dark, tones of gray, procreate digital drawing",1622586267
"Harvey Price as The Punisher, cinematic, photorealistic, movie still, 8k",3583348823
"a highly detailed, beautiful photo of a madison beer in the green hills of austria, full body in view, in a intricate wedding dress, with rainbow coloured hair, symmetrical face, beautiful eyes, realistic, 8 k, award winning photo, natural lighting by kemp, peter ",2575893978
"a stunning gothic healer by tom bagshaw, alphonse mucha, donata giancola, mary jane ansell, wearing an ornate black dress, ankh necklace, black magic, black orchids, dark academia, gothic, atmosphere, realism, octane render, dof, hyperdetailed, 8 k, ",707132006
"call of duty, war, gun fighting, war city h - 1 0 0 0 n - 8 ",923105749
"A badass photo of black elon musk in the movie titanic, award winning photography, sigma 85mm Lens F/1.4, blurred background, perfect faces",561514236
"hellgate by anna podedworna, ayami kojima, greg rutkowski, giger, maxim verehin ",585997669
"a detailed full body angelina jolie as an elf queen with platinum white wavy long hair with white headband with diamonds and war armor in golden and silver colors, pointy ears, detailed, epic masterpiece of cinematographic hyperrealism, realistic shaded lighting poster by craig mallismo, artgerm, jeremy lipkin and michael garmash, unreal engine, radiant light, detailed and intricate environment, digital art",2266726827
real life Legend of Zelda,3835106342
"((((deadpool)))), An anime Nendoroid of (((((deadpool))))), figurine, detailed product photo",2077668377
"attack on titan , hyperdetailed,PFP,lens flare,octan,high quality",2984095926
emma watson stretching southern belle sketch greg rutkowski alphonse mucha david bailey david bailey david bailey david bailey ,3275325398
"Shiba Inu cosmonaut portrait, moon mission,  60s poster, 1968 Soviet Japanese",1662850559
"space utopia where the path ways are filled with fauna, intricate building design, dynamic lighting, photorealistic fantasy concept art, trending on art station, stunning visuals, creative, cinematic, ultra detailed, ray tracing, sun rays ",2983628356
an image that transcends human comprehension ,134477196
chinese ink painting desktop wallpaper ,165574844
POV boxing match against Jesus Christ in a smokey bar,3724411594
"a giant rooster floating in space, galaxy cosmic nebula, epic, volumetric light, hyperrealistic, glitter, mega detailed, beautiful composition, beautiful lighting, unreal render, 4 k, vincent di fate, john berkey, michael whelan ",604047929
"circle of standing stones engraved with ancient geometric patterns, dramatic cinematic lighting, rich colors, by Nicholas Roerich and William Dyce and April Gornik and Caspar David Friedrich and Diego Rivera, featured on artstation",2204972146
"old  vintage full body photo of  ancient viking warrior with full beard on the complex complex steam punk ancient antigravity engine during big viking event, extreme sports photography ,super high speed photography, dynamic photography,symmetrical face, clean face, muscular body, high speed,dirt and grawel in air,  lens flares, dust partiles in the air, dramatic lighting, intricate, highly detailed, centered, smooth, sharp focus,  sports photography, old photo, black and white, sepia, cinematic lighting, cinematic angle,  national geographic",28726
close - up of an epic cruise ship boat flying between the stars in space ,701097324
a beautiful picture of a classy secret agent entering a palace by robert mcginnis and bill sienkiewicz and greg rutkowski trending on artstation ,873214264
"a portrait of a young woman wearing an evening dress, black transparent lace, delicate face, looking away, messy bun hairstyle, medium shot, cinematic, intricate details and textures, soft lighting, epic pose, by artgerm, greg rutkowski, alphonse mucha, 8 k ",1494420655
"the end of the world, from final fantasy ",1923555982
"“ mechanical race horses by h. r. giger, lining up for a race at a race track, octane render, 3 d animated, unreal engine 5, ominous lighting, hdr, 8 k ” ",3968615887
"a giant croissant monster exploding in the middle of a desert, photorealistic, ultra high resolution, ultra detailed ",667533227
a empty hall decorated for birthday ,3982324598
"keanu reeves face as lara croft in tomb raider, game art ",800022893
"wolverine::Spider-man, vinyl toy figurine, 4k, top down lighting, lego hands",3098335999
photo of a 2 2 yo girl with brown hair and blonde highlights proudly showing a minuscule poo ,2577222333
"a seance, retro vector art ",1226766468
"black cloth fabric jodhpurs greg manchess painting by sargent and leyendecker, studio ghibli, fantasy, medium shot, asymmetrical, intricate, elegant, matte painting, illustration, hearthstone, by greg rutkowski, by greg tocchini, by james gilleard, by joe fenton ",3126306890
portrait of a goddess made of bubbles ,37866458
"character portrait of rubenesque woman onoskeleton wearing knightly armor from mortal shell, scorn game, by h r geiger, grim dark vibrant, rembrandt, bouguereau, cg society, tone mapping, global illumination ",1835310040
"beautiful ancient ruins on a abandoned planet by mœbius!!!!!!!!!!!!!!!!!!!!!!!!!!!, overdetailed art, colorful, record jacket ",2359486399
"digital painting of an Ornate vaporwave indoor bath house on Cybertron, glowing water in a large bath, long shot, trending on Artstation, matte painting digital painting, artstation, concept art, soft light, hdri, smooth, sharp focus, illustration, fantasy, intricate, elegant, highly detailed, matte painting, in the style of Greg Rutkowski and Alphonse Mucha and artemisia, 8k, highly detailed, jurgens, rutkowski, bouguereau",649401332
"photo cartoon illustration comics manga painting of abandoned houses : 6 fantasy, digital painting, unreal engine, 8 k, volumetric lighting, contrast ",1294083634
"gigachad luigi as one punch man in a suit with glowing eyes, fantasy character portrait, ultra realistic, full body concept art, intricate details, highly detailed by greg rutkowski, ilya kuvshinov, gaston bussiere, craig mullins, simon bisley ",4033312092
"minimalist boho style art of a wedding ring, illustration, vector art ",572145774
"The drawing depicts a group of well-dressed women and children enjoying a leisurely boat ride on a calm day. The women are chatting and laughing while the children play with a toy boat in the foreground.  by Dustin Nguyen, by William Wray delicate",2806897009
"bird, dynasty robert sonia delaunay escher, sketch ",3197196101
"a medieval bartender woman with polynesian ethnicity and a sassy smile, burgundy color scheme, large mohawk braid, crossfit build, fantasy character portrait by gaston bussiere craig mullins ",2348448638
criterion collection Poster art for the film Robo Hello Kitty Astro boy goes to Space,4116461055
"screenshot of Princess Leia training to use a yellow lightsaber at a new Jedi Temple scene from The Force Awakens, 1970s film by Stanley Kubrick, serene, iconic scene, stunning cinematography, hyper detailed, sharp, anamorphic lenses, kodak color film, 4k",2048046845
"a man with his dog in a beach with palm trees in a cloudy sunset, cinematic, hyper realistic, intricate details, anime style",2067576422
"giant cybernetic duck overlooks dystopian cyberpunk city, cinematic, movie still, photorealistic rendering, octane, volumetric lighting ",2359942
"Dr suess, Dr strange, a portal into the abyss, beautiful atmosphere, masterpiece digital painting by Ivan Aivazovsky, 4k wallpaper",2183431329
"a maciej kuciara art deco style eldrad marvel villian, ink drawing, smooth, sharp focus, vibrant volumetric dark natural light, dark enlightenment, alchemy, albedo. ",2565295830
"event horizon, highly detailed",3149827946
"tom bagshaw, soft painting fractal curiosities carnival, very beautiful mutated human female rabbit in full ornated nightshade gothic dress, accurate features, focus, very intricate ultrafine details, black white purple volumetric clouds, award winning masterpiece, octane render 8 k hd ",2539133751
"A solarpunk farmer cyborg on the street of a solarpunk city art by Josan Gonzalez, sci-fi, highly detailed, digital painting, artstation, smooth, sharp focus, illustration, concept art by Josan Gonzalez and James Gurney and Mœbius",5
"disney treasure planet 2 pirate space ship vessel concept artwork drawing, krenz cushart, gaston bussiere, craig mullins, simon stalenhag ",1978105104
"a detailed painting of two people dancing togheter inspired by yoshitaka amano enveloped in trails of colorful animal ghosts floating around them. clean painting, realistic and auora lighting. dark blue and intense purple color palette, art by kuvshinov ilya, 8 k ",3784191271
uhd photorealisitc candid photo of the kool - aid guy. photo by annie leibowitz and steve mccurry ,11141046
"game cover art of nier replicant, anime fantasy illustration by tomoyuki yamasaki, kyoto studio, madhouse, ufotable, square enix, cinematic lighting, trending on artstation ",2024408656
donald duck high on bad medication by carl barks ,1275804941
"full-body baroque and cyberpunk glass sculpture of  attractive muscular iridescent  Nick Jonas as a humanoid deity wearing a thin see-through plastic hooded cloak sim roupa, posing like a superhero, glowing pink face, crown of white lasers, large diamonds, swirling black silk fabric. futuristic elements. oozing glowing liquid, full-length view. space robots. human skulls. throne made of bones, intricate artwork by caravaggio. Trending on artstation, octane render, cinematic lighting from the right, hyper realism, octane render, 8k, depth of field, 3D",1042627456
"Darth frasier, photorealistic, hyper realism, dramatic ambient lighting, cinematic, high detail, 8k, octane render, depth of field",4109090892
"Jotaro Kujo in Persona 5, in the style of Persona 5, Persona 5, Persona 5 artwork",3796669781
"catapult shooting pigeons over a river, photorealistic",3536704689
"night hawks, painting by shaun tan, detailed, intricate, torn paper decollage, oil on canvas by edward hopper, ( by mattias adolfsson ), by moebius ",711947054
"cinematic lighting, detailed, surreal, floating, !!highly detailed, ",2582051669
"a greek man on the ancient floerence alleyway overlooking at the grand epic destructive nuclear explosion at renaissance italy during daylight in the style vincent di fate, peter mohrbacher, yoann lossel, ethereal, golden hour, beautiful, nuclear mushroom smoke ",104220158
"Portrait of Eleven by Yoji Shinkawa, octane render",2596980676
"picture of an old bulgarian woman, smiling, traditional clothes, cinematic, high quality, cgsociety, artgerm, 4K, UHD, trending on ArtStation",3751591200
"a heroic psychedelic ape, hero character art, scars, by MADHOUSE and greg rutkowski and Salvador Dali a vibrant fantasy lovecraftian style, octane, dramatic lighting, raytracing, 4k, hyperdetailed, hd.",2564123031
"coca cola label, very symmetrical ",137214551
"a distopic espiritual diagram portrait of a Selk'nam with a Capirote, Plastic toy, art toy, by Jim Woodring and lisa frank , Award winning engraving, iridiscense, dramatic lighting, Accurate and detailed, sharp focus, octane render, 8k ,",575834753
"sepia polaroid of a monkey playing banjo on a rooftop in the rain, hyper realistic, dark, gothic, nightcore, 4 k, highly detailed, beautifully rendered ",1560555534
"portrait of a frog in a tuxedo, matte painting, concept art, cgsociety, octane render, trending on artstation, artstationHD, artstationHQ, unreal engine, 4k, 8k",1433469055
portrait of two taiwanese young women steet photography goth fashion iso 2 0 0 olympus e - m 5 ii ,2297651533
society crumbles as the Twittersauraus destroys the last remaining piece of human dignity,39234511
"a gargantuan futuristic nidavelir, neutron star,  space color scheme, planets in orbit, matte painting by Vincent Di Fate and Peter Elson, featured in artstation, octane render, cinematic, elegant, intricate, 8k",1819137151
"Mark Zuckerberg with a glowing red steampunk eye implant by Steohan Martiniere and Moebius, 4k resolution, detailed",2758080810
"dancer of the underworld, d & d, wet, shiny, fantasy, intricate, elegant, higly detailed, ultra definition, digital painting, artstation, unreal engine rendered, concept art, smooth, sharp focus, illustration, art by artgerm and greg rutkowski and alphonse mucha, james jean ",1733955318
"studio photography of a guinea pig, detailed face, 8 k, cinematic lighting ",2751977252
"A person made of water eating a hamburger, anime, cool style",2346994919
"still of muscular sophie turner in xena, six packs abs ",255236944
"only with red, red flowers of different types, red big fat goblins, red castle in background, in the style of beksinski, parts by edward hopper, parts by rodcenko, parts by yue minjun, intricate and epic composition, red by caravaggio, insanely quality, highly detailed, masterpiece, red light, artstation, 4 k ",4129676148
"a monkey dressed as a greek philosopher in a library filled with books and a window with a city in the misty, early morning. oil painting by rembrand van rijn ",2660812087
"realistic extremely detailed portrait painting of a beautiful black woman with a robot, futuristic sci-fi landscape on background by Jean Delville, Amano, Yves Tanguy, Ilya Repin, Alphonse Mucha, Ernst Haeckel, Edward Robert Hughes, Roger Dean, rich moody colours, blue eyes",2200007038
"movie still frame, elizabeth olsen in eternal intricate and baroque armor, flying in a psychedelic nebula in the background, intricate details, beautiful composition, 8 k, cgi, by ridley scott, james cameron, zack snyder and michael bay ",4199467720
"beautiful portrait of gianna michaels, deep space background, by magali villeneuve and greg rutkowski and artgerm, intricate, elegant, highly detailed, photorealistic, trending on artstation, trending on cgsociety, 8 k, sharp focus ",2739305613
3 d render of bismuth astral owel sent from god ,1298810946
"black pink green blue fox - wolf, portrait, blue background, 8 k, 8 5 mm f 1. 8 ",3978735732
"X-23, highly detailed, concept art",532906453
"line drawing of a crashing ocean wave, thin long fine lines, ultra detailed, woodblock print",363630481
"film still of yoshi in the new sci - fi movie, 8 k ",2146530557
"portrait of michael jackson by egon schiele, intense desire, high quality, high detail ",2296698248
glinthawk machine mecanical creature robot of horizon forbidden west horizon zero dawn bioluminiscence global illumination ray tracing hdr fanart arstation by ian pesty and alena aenami artworks in 4 k ,3098091313
"Miyamoto Musashi, 95 years old, wearing a white robe, grey beard, digital art",3956918010
a still from jojo rabbit ( 2 0 1 9 ) ,2932570631
"a blonde angel with long white dress and dramatic light in the middle of a dark blue valley filled with hundreds of demons, romantic painting, 8 k, artstation, wide angle ",1185641852
"the cover illustration of an urban fantasy book written by Brandon Sanderson starring an attractive woman wearing schoolgirl uniform, surrounded by magical lights overlays.",3005343939
"anime fine details portrait of an alien baby. anime masterpiece by Studio Ghibli. 8k, sharp high quality anime illustration in style of Ghibli, artstation",3275893441
"Beautiful reptilian naga princess with a diadem in an ivory tower, very detailed, trending on artstation, 4k",2829704500
roblox for breakfast ,3294278238
"glass cyborg, polished steel exoskeleton, glass helmet, backlit, front facing ganesha, black background, symmetrical, diffuse lighting, fantasy, intricate, elegant, highly detailed, lifelike, photorealistic, digital painting, artstation, concept art, smooth, no cropping, sharp focus, art by andrew bunnag, john collier and albert aublet and krenz cushart and artem demura and alphonse mucha ",625285219
extreme closeup photograph of a husky dog showing its teeth. teeth visible and very detailed. hyperrealistic photo. extreme detail. focus on the dog face. anatomically perfect. wet fur. wagging tail. ,4114995660
"📷 mungojerrie and rumpleteazer, cats musical 1 9 8 1, portait ",3348023393
cat owl hybrid ,2764937606
"detailed painting of clown girl crying, piercing eyes, james jean, miho hirano, hyperrealistic, octane render, ambient light, dynamic lighting ",524101061
"Painting of The Beatles, in the style of Renoir, impressionism, oil on canvas",250079183
"a woman with a side part, painting by Gaston Bussiere, Craig Mullins",2294346222
"a photo of todd howard, in style of fujichrome velvia 5 0 by mamiya rz 6 7 pro sekor z 3 7 mm f / 4. 5 w ",3228218025
"a stunning ultra detailed fantasy fine art portrait photo of a robot from ex machina movie dressed as a graceful indian classical dancer, by artgerm, karol bak and anna dittman, 2 4 mm lens, golden ratio composition, deep depth of field, perfect eyes and face, cyberpunk, soft lighting, artstation, 8 k ",1060794415
"girls fistfighting boys in bloody backyard brawl, 2 0 0 6 youtube video, 2 4 0 p quality ",4137700511
burning man desert ,107767118
"dnd character, long winter clothes, dark figure with axe, wearing a hat obscuring his face ",1540261815
"a portrait of girl cleric in white dress, red magic book, silver magic, fantasy, dungeons and dragons, an ultrafine detailed painting, chibi, detailed painting, boris valejo. octopath traveler decal!!! ",66761617
"stable diffusion v 2, cinematic, matte painting, digital art, octane render ",2066723158
emma watson checking out her peaches in the mirror ,3675907989
"A photo of Emperor Kuzco!!!!!!!!!!!!!!!! in his 13s, peruvian young! looking, with his long black hair, beardless, smiling with confidence, and wearing!!! his emperor clothes. Portrait by Terry Richardson. Golden hour. 8K. UHD. Bokeh.",740005378
donald trump instagram photo shoot ,4198040405
"Ultra realistic illustration, landscape with ruined futuristic city with gigantic destroyed monuments, sci-fi, fantasy, intricate, highly detailed, digital painting, artstation, concept art, smooth, sharp focus, cinematic lighting , art by Maciej Rebisz and ashley wood and Fenghua Zhong",1859899263
"mountain climbing rope on cliff, graffiti, garnets album cover, soft lighting, film, nostalgia ",3055994024
"lego character, pen and ink, intricate line drawings, by craig mullins, ruan jia, kentaro miura, takehiko inoue, greg rutkowski ",3676980157
"man by the river, muscular, detailed face, expressive face, painting by gaston bussiere, craig mullins ",3678466026
"painted realist sci - fi german shepard race robot by ruan jia piotr jabłonski zaha hadid, stainless steel pipes glass mirror and chrome finish, iridescent bismuth surfaces, cyberpunk 2 0 7 7 fantasy intricate elegant detailed digital painting concept art artstation sharp focus illustration ",3347571645
"portrait ultra dimensional entity, accidentally tripping on dmt and salvia, psychedelic experience, overwhelming psychosis of self realization and burning awakening, ultra high definition, unreal engine 5, hyperrealism, masterpiece composition, by david a. hardy, barclay shaw, peter kemp ",2690211891
"hyper detailed 3d render like a Oil painting - aurora demon Eating of the Strangling neural network of yellowcake aerochrome and technoligcal lightning cable and Her delicate Hands hold of gossamer polyp blossoms bring iridescent fungal flowers whose spores black the foolish stars by Jacek Yerka, Mariusz Lewandowski, Houdini algorithmic generative render, Abstract brush strokes, redshift render, Masterpiece, Edward Hopper and James Gilleard, Zdzislaw Beksinski, drawn by Takato Yamamoto and Katsuhiro Otomo, full body character drawing, inspired by Evangeleon, clean ink detailed line drawing, intricate detail, extremely detailed, 8k",2633880754
"architect working in a modern office interior at night overlooking central park in a blizzard, ultra detailed, sketch over watercolor, digital illustration, vibrantly colored, warm interior, fireplace, epic composition, advertising photography ",543202868
"Photo of Zurich, looking down the Limmat and the lake and the alps, wide angle, volumetric light, hyperdetailed, light blue water, artstation, cgsociety, 8k",2636430635
"a bigset of optical instruments on a large table, extremely intricated details, few colors, scientific laboratory experiments, photoreal, high tech new equipment, clean environment, analog nikon photo, dust particles in the air, hazy and shadowy atmosphere ",1148811062
oil painting scene from prison  by kim jung gi,841620206
"aerith gainsborough in red cottagecore dress, portrait, illustration, rim light, top light, overcast cloudy weather, perfectly shaded, soft painting, art by krenz cushart and wenjun lin ",1003070433
"District 9 fighting Demons from Constantine, high detail, 8k, ornate, dark fantasy, masterpiece, complex, haze, film still from the movie directed by Denis Villeneuve with art direction by Pablo Picasso and Greg rutkowski, Alex Gray, wide angle",3714730871
"surreal mythical dreamy dark artistic black and white fine art photo of a beautiful young female - orchid - dragon - cyborg with a luminous brain, rim light, cinematic, studio dramatic light, poetic, octane render, 8 k, photo - realistic, by floria sigismondi ",594208338
"the wolverine portrait picture by yousuf karsh, golden hour, realistic, body shot, sharp focus, 8 k high definition, insanely detailed, intricate, elegant, cherry blossoms ",2182085692
"a detailed painting of a lamb with staff, dressed as a cleric armor, by justin gerard and greg rutkowski, digital art, realistic painting, dnd, character design, trending on artstation ",596257954
"shield, smooth, digital art, icon ",2488574896
furry - wolf - detective - fursona uhd ue 5 visual novel pc game screenshot : mystery of the booped snout ,385843178
"portrait, clothed in cyber armour, body made of glass, hyperrealism, detailed, photorealistic, cyberpunk apocalyptic city, futuristic, ultra realistic, cinematic, intricate, cinematic light, unreal engine 8 k, octane render, unreal engine by charlie bowater, david kostic, stanley lau, artgerm ",2148437546
"shikishi paper | ani art | solo | girl | with wearing cosplaying | as maid apron. cute face by ilya kuvshinov makoto shinkai mika pikazo, dynamic perspective and pose crisp and zsharp cel shade ",1210095369
"a pack of green goblins doing the dance of pain, a fantasy art, hd, trending on artstation, by rhands, makoto shinkai, ilya kuvshinov ",3615852172
"closeup of jet turbine, biomechanical, mechanical by norman rockwell h.r giger, norman rockwell, giger, highly detailed, soft lighting, 8k resolution, oil on canvas",125836119
"a soldier with a glowing orange visor, a half-turn looks into the camera, bodies of the dead are scattered around, an fire in the background, 4k, details, dramatic pose",217415483
"server room in data center, pacing, computers, racks, motherboard, cinematic view, epic sky, detailed, concept art, low angle, high detail, warm lighting, volumetric, godrays, vivid, beautiful, trending on artstation, by jordan grimmer, huge scene, grass, art greg rutkowski ",719506658
"fire monk, wearing a chained rusty hood, ancient greek cyclop armor, gritty, full body concept, by beksinski, weta workshop concept art, ruan jia, edward hooper, oil painting ",1895773166
"a business goblin, front full view, artstation, orthographic, hd, 8 k, sharp high quality artwork in style of greg rutkowski, concept art, blizzard warcraft artwork, hearthstone card artwork ",2216973211
"giant mechanical crab destroying buildings on a city, digital painting, mixed media, trending on artstation and deviantart, epic composition, highly detailed, 8 k ",3698419019
"a monk looking at sunrise on an alien planet, a vast sci - fi dystopian valley landscape, alien planet landscape, alien architecture, cosmic, nebula highly detailed, vivid color, cinematic lighting, perfect composition, 8 k, h. r giger, derek zabrocki, greg rutkowski, sangyeob park, maxfield parrish, octane render ",1467564560
"proud cthulhu portrait in rms lusitania, greg rutkowski, rhads, ferdinand knab, makoto shinkai lois van baarle, ilya kuvshinov, rossdraws, tom bagshaw, global illumination, intricate, detailed, atmospheric lighting, golden hour ",1348105513
"digital art painting of dark alleyway in modern Japan with neon lights, dystopian feel, fog, mist, night time, blue moon, with a black silhouette of a cat standing in a dimly lit passage at the end, cgsociety, trending on artstation",3432126975
Serial Experiments Lain action movie,1099163263
pete davidson holding up a card that says 1 1 1 1 1 1 1 1 1 ,2849109546
"a lot of teddy bears fights in epic battle, background a nuclear toxic multi - colored explosion in big town, psychedelic ",3243157889
"epic pretty female saber fate stay night, portrait in armour by greg rutkowski and craig mullins ",1501919391
"portrait of assassin model, sharp focus, eye glasses, octane render, ( ( brown skin ) ), realistic render, ffxi, rpg, detailed, beautiful, game, unreal engine, symmetrical!!, maybelline, sephora, loreal, artstation, art by artgerm, rossdraws, art by karol bak, makeup, cinematic, concept art, filmic, vsco ",3775412346
Large combat robot,2837450592
"a cat from the movie blade runner. the cat is red and yellow. it has a glittering collar on a wet reflective street atmospheric lighting, neon glow, internal glow, ray tracing, 8 k, ",760041714
a vampire in the forest. drawing. trending. hot. best. hyper detailed. ,2293670319
"piglet, anime, dramatic",2863468865
"vogue portrait octane render portrait by wayne barlow and carlo crivelli and glenn fabry, a young black man with a large afro and vintage sunglasses, wearing a large colorful vintage bright tiedye turtleneck sweater and long clear plastic rainjacket lounging in a colorful rococo palae, dramatic lighting, fog and mist, cinema 4 d, ray traced lighting, very short depth of field, bokeh ",3893696352
"a flowering garden on the moon, impasto paint in the style of martin johnson heade, ",2571275693
"blue themed ice crystal mountain landscape, meteor shower, epic, miyazaki style, cinematic, indie, highly detailed, featured on artstation, highly detailed, abstract ",4196303673
"A surgeon operating on the head of a patient, dramatic lighting, digital art",3340063464
"demonic egyptian queen, oasis in the background, professional photography, natural light, anatomically correct body, many details, super realistic, high quality, 8 k ",1062698647
Boris Johnson painting a watercolour of a passion flower,9621187
"pale cyan skin, moon egyptian god pharaoh, moon headdress, full body shot, night sky background, highly detailed, digital painting, artstation, concept art, sharp focus, illustration, orientalism, art by aleksi briclot and mohrbacher and raphael lacoste and magali villeneuve ",2289397577
"Dale cooper twin peaks in Grand Theft Auto 5 cover art, epic, 4k resolution, extremely detailed, very sharp, artstation, digital art, vibrant,",1849278226
"painting by borremans, artist painting painted model in the barcelona pavilion red green, detailed, stunning ",476552249
"handsome male anthropomorphic silver dragon, beautiful headshot profile commission on furaffinity, large eyes, cute ears",3203189503
"new art nouveau portrait of fantasy succubus megan fox wearing a black gown in the style of anna dittmann, patrick nagle, charlie bowater and loish. long windblown hair, very large, clear, expressive, and intelligent eyes. symmetrical, centered, ultrasharp focus, dramatic lighting, photorealistic digital matte painting, intricate ultra detailed background. ",4210753632
"colorfull barcelona city scape at water by rene magritte, high detail, high resolution ",1695296520
Hitler cyberpunk,2183568127
a 180 degrees photo of central park,3365300991
"a spoon with reese witherspoons face on it, reese witherspoon face, macros shot, hyper realistic ",2742689576
"a beautiful realistic painting of medival woman on top of a castle looking into the distance, intricate, elegant, highly detailed, digital painting, artstation, concept art, by krenzcushart and artem demura and alphonse mucha ",1520661227
a portrait of markiplier painted by shepard fairey ,3729306943
Artwork by Albrecht Dürer,604590109
"jake gyllenhaal!! portrays the joker, still from the dark knight 2 0 0 8, cinematic, promotional image ",2458614798
silver eagle statue with glowing red eyes,1562117247
an antique typewriter sits alone in an abandoned office,1078726306
"minimalist ui art icon for a wandering mind, victo ngai, kilian eng, lois van baarle ",2204296951
"a ham and cheese sandwich on bunny bread, sitting on a thick old book. high definition photograph ",2224247954
"cute cat with stumpy tiny legs, view from floor, cinematic lighting ",2710073103
"steampunk green lantern, medium shot, portrait, realistic shaded lighting poster by greg rutkowski, artgerm, kyoto animation and alphonse mucha ",3255692652
"a himalayan rocksalt lamp owl inside a glass jar, buried in sand, intricate detail, volumetric lighting, epic composition, hyper detailed, ultra realistic, sharp focus, octane render, ray tracing, sense of awe ",3521378685
"a detail of stencil lettering sprayed on wall, pain drips from the letters",1479074175
"a man who hacked the simulation, digital environment, code in the sky, futuristic landscape, glitches, atmosphere, cinematic, artstation, highly detailed, art by dmitry prozorov ",2716532173
"( side profile ) concept art by thomas blackshear, imogen poots as paladin, light halo, gloomhaven, matte painting, extremely emotional, realistic shaded lighting poster by hsiao ron chen, artgerm, lawren harris, eve ventrue, magali villeneuve, jeremy lipkin, rob rey, christophe vacher ",317157585
flying island in space ,1787539211
a red ball on a blue cube ,1643965769
"deco art by artgerm and greg rutkowski and alphonse mucha. clear portrait of a lonely attractive men in uniform!! hyper detailed, character concept, full body!! dynamic pose, glowing lights!! intricate, elegant, highly detailed, digital painting, artstation, concept art, smooth, sharp focus, illustration ",2663934333
"highly detailed photo of a very old couple sitting on a couch, psx game graphics ,  Beksinski painting, part by Adrian Ghenie ",3940884991
future innovation technology science ,1593308559
"a highly detailed anime shonen art of a boy with water powers by masayoshi tanaka, in my hero academia, in full metal alchemist, 8 k, anime!!!!!!!!!!!!!!! trending on artstation, spikey hair, portrait, big eyes!!!!!!!!, detailed eyes, official media, sharp ",3056042325
the most cringe meme ever,3908551798
"a copic maker realistic portrait of anime idol girl by yoshiyuki sadamoto, alfons mucha wearing a dark puffy anorak latex pilot suit futuristic and yeezy sneakers chic, zippers, belts & velcro galore, cargo pants chic'techno fashion trend by issey miyake and balenciaga streetwear utility 8 k ",664707540
brutal death metal album about cute kittens ,2034821802
raining donuts on a city in a studio ghibli animation,252531329
"mary louise brooks as a zombie holding coffee cup, ross tan, op art ",1030005581
"8k octane rendre photorealistic detailed ,a wooden sculpture art toys on feet very cute robot with cat ears ,zen méditation cyberpunk , a contemporary art gallery art  , cyberpunk ,cgsociety ,by Alphonse Mucha",3669952365
"captain janeway from star trek voyager, a still from star trek voyager painted by artgerm and greg rutkowski and alphonse mucha. clear highly detailed face, beautiful sci fi art ",1767966087
"a fantasy landscape with houses around a big lake, lowbrow in the style of alexander jansson and martin johnson heade, ",3731755094
a beautiful portrait of a space bounty hunter by william - adolphe bouguereau trending on artstation ,2483939619
"a costume of fat tomato, designed and created by guillermo del toro, luxury ",639164428
marvin hitchhikers guide to the galaxy robot standing on a pile of old computers with a sword in hand sci - fi photorealistic ,2205569301
axolotl football team mascot ,4247338097
eiffel tower made of beers,565225868
"a volcanic eruption, clear focus, rule of thirds, 4 k uhd, bokeh effect, high res, hasselblad, dslr, professional, cinematic film still ",3673657332
"batman eating ice cream, Bonestell, Chesley",1171658285
"Landscape, by Jakub Rozalski.",528374371
"Dimension Shift, UFO, reversal of roles, charcoal on paper",4270934588
"rollerback machine mecha animal beast robot of horizon forbidden west horizon zero dawn bioluminiscence, behance hd by jesper ejsing, by rhads, makoto shinkai and lois van baarle, ilya kuvshinov, rossdraws global illumination ",2658482465
alien mothership crash site into new york city skyscraper surrounded by fbi trending on artstation digital paint 4 k render ,2694281163
"post apocalyptic casino building, nigth, avenue, urban architecture, americana architecture, concrete architecture, by pascal blanche, neil blevins, thomas kinkade, vibrant color palette, trending on artstation, photorealistic, photorealistic, wilderness ambiance, ultra detailed, high definition, depth of field, bokeh, rubble, nature overgrowth, blood stains, building crumbling ",102
"portrait of mayan gods carved in a tree, octane render, photorealism, highly detailed, hdr, 8 k, complex 3 d render, hyper detailed, ultra sharp ",2091548001
"a young couple hugging each other in a retrowave environment, D&D, fantasy, intricate, elegant, highly detailed, digital painting, artstation, concept art, matte, sharp focus, illustration, hearthstone, art by Artgerm and Greg Rutkowski and Alphonse Mucha",2877784139
"a breathtaking 8 k resolution matte painting of a black boy lost inside a vast and endless four dimensional hall of mirrors, in a symboloic and meaningful style, by m. c. escher and alex grey and android jones ",3681707464
"3 Winter Deities, (one representing each month of December, January, and February), in a mixed style of Æon Flux, Peter Chung, Botticelli, and John Singer Sargent, inspired by pre-raphaelite paintings, shoujo manga, and cool Japanese street fashion, sparse Winter landscape, dark and moody colors, hyper detailed, super fine inking lines, dramatic color, 4K extremely photorealistic, Arnold render",1106124706
"castle being sieged by huge army, design on white background, beautiful details, lush foliage, drawn by karl kopinski, john singer sargent, tom bagshaw, norman rockwell, alphonso mucha, lolish, trending on artstation ",873352833
"fantastic art, amilia onyx wearing a tiny leather armor, by ruan jia ",3009855321
"sunglasses wearing kratos rocking out on a stratocaster guitar, cinematic render, god of war 2 0 1 8, playstation studios official media, sunglasses, lightning, flames, red stripe tattoo ",95737514
"and enterprises of great pith and moment, victorian, oil ",4018631011
$ matic token ,1520554842
"captain jack sparrow with a big smile, photography of kurzgesagt, deep focus, d & d, fantasy, intricate, elegant, highly detailed, digital painting, artstation, concept art, matte, sharp focus, illustration, hearthstone, art by artgerm and greg rutkowski and alphonse mucha ",1022830790
coat of arms in the style of traditional scandinavian,2887430399
"an old wooden desk with a flower vase and a violin, in a richly decorated Victorian house. the autumn light comes in through a window and dimly illuminates the room, softened diffuse light, photorealism, photo taken with a canon EOS and 35mm lens",2920423292
tropical trees growing from head,2801421372
"Highly detailed photo of Large Magellanic Clouds, 4k, composition, green, blue:+1, glowing by Jean Giraud and Beeple, 2D game art",1359917951
"city of mages. white buildings, towers. blue sky, lighting. fantasy, digital painting, hd, detailed. ",3066428554
"Closeup of realistic Sumerian Death Queen with small bones covering vest and flowing fire and smoke , fantasy, intricate, elegant, highly detailed, digital painting, artstation, concept art, matte, sharp focus, illustration, hearthstone, art by Artgerm and Greg Rutkowski and peter mordenbacher",77779
photo of a monkey eating yogurt ,3314066972
"salmon jumping out of the water on a sunny day, by van gogh ",4136114087
"portrait photo still of real life johnny test, 8 k, 8 5 mm f 1. 8 ",4217098707
"photo cartoon illustration comic manga painting of battle arena environement : 6 fantasy environement, digital painting, volumetric lighting by feng zhu, 3 d alejandro alvarez alena aenami artworks in 4 k beeple, by thomas kinkade hearstone league of legends dofus overwatch ",2621857960
"dark skin man with curly hair, standing alone in nature, sunset, backlit, contemplative, dreamy, pastel colors, youthful, fairylike ",1460023512
"a dying beached sea dragon washing up on the shore of a beach by jaime jones, cgsociety, fantasy art, concept art, artstation hd, deviantart hd. highly detailed. dramatic light. masterpiece ",1574690834
"Hugo weaving's head in a cosmic context, devouring a planet, photo, portrait, 3d, high details, intricate details, by vincent di fate, artgerm julie bell beeple, 90s, Smooth gradients, octane render, 8k, High contrast, duo tone, depth of field, very coherent symmetrical artwork ",1797804794
"collection of abstract backgrounds for the new year and christmas. modern design, ink brush strokes, brushes, lines, grungy. dirty artistic elements. ",184247606
"burgundy snake girl in sunny hills biome. highly detailed, digital painting, watercolor, soviet realism, engraving, artstation, concept art, smooth, sharp focus, vivid grunge, manga, illustration, unreal engine 5, 8 k, art by bilibin and kilian eng and kuvshinov and malevich and mucha ",530563138
"unholy sloth, sloth monster, animal sloth, anthropomorphic sloth, demon sloth, demonic robes, damnation, hell, fear, dirty matted fur, evil, horror, fire, gloomy mood, ultra details, art by artgerm, dwayne barlowe, trending on artstation and greg rutkowski and alphonse mucha, 8 k ",3413470028
"beautiful symmetrical decorative ornament with classical floral elements emanating from center of design, woodcutting template, decorative design, classical ornament, motif, mandala, highly detailed etching ",2781205952
detailed impasto painting by shaun tan and louise bourgeois of an abstract forgotten sculpture by ivan seal and the caretaker ,3821561183
"bedouin man and woman and child in galaxy walking towards mosque surrounded by nebula, highly detailed, gold filigree, romantic storybook fantasy, soft cinematic lighting, award, disney concept art watercolor illustration by mandy jurgens and alphonse mucha and alena aenami, pastel color palette, featured on artstation ",4244566410
"jesse eisenberg as an enigmatic medieval christian ( ( monk ) ) in a dark underground city. dark shadows, colorful, law contrasts, ( ( ( chiaroscuro lighting ) ) ) fantasy portrait by jakub rozalski, jan matejko, and j. dickenson ",1141959677
"portrait photography of krampus, by Annie Leibovitz, fujifilm x100v, s1.4, 8k, high quality",80286443
"dr. fauci in naruto cover, epic, 4 k resolution, extremely detailed, very sharp, artstation, digital art, vibrant ",42
"portrait oil painting, perfect expression, subconscious connects, purified consciousness, dune, foundation, fantasy character portrait, ultra realistic, wide angle, intricate details, the expanse, mass effect, artifacts, luminous skies, highly detailed, michael cheval, peter mohrbacher, boris vallejo, jessica rossier, oil painting, highly detailed, cinematic lighting, unreal, natural tpose ",1291868810
"Danny DeVito as Catwoman in Batman, film grain, EOS-1D, f/1.4, ISO 200, 1/160s, 8K, RAW, symmetrical balance, in-frame, Dolby Vision",1185304386
"a little girl | walking in the rain | with an umbrella, anime styl, original iyashike, cute face by noriyoshi ohrai and john william waterhouse, gapmoe yandere grimdark, crisp and sharp cel shade ambient light n closeup ultrahd award winning ",1877323381
"portrait of roman centurion, concept art by jama jurabuev, artstation, soft lighting, 8 k ",593231645
"a portrait of a man with a mustache wearing a red shirt, blue overalls, and a red cap, art by peter mohrbacher, matte painting, ornate details, ",1253186240
a candid polaroid of the jersey devil ,3783400726
"a close - up rococo portrait of an futuristic alien robot being covered in moss, mushrooms, and swamp. gloomy, 1 8 th century masterpiece painting by jean - honore fragonard and moebius. ",1151346128
"mcdonalds colorful pattys, commercial photograph taken on table ",2641174272
"american patriotic fantasy painting, digital painting, abstract",2275019007
"cctv of an extremely dark empty abandoned building with glowing humanoid cryptid made out of television static, dark deep black shadows, red and black color contrast in the style of trevor henderson and james ensor goya, liminal space, 3 d octane render, glitch effect ",1866936657
"Alice attends Mad Tea Party, Cheshire Cat, Mad hatter, death tarot card,highly detailed,half skull face,cinematic,8k,by Stanley Artgermm,Tom Bagshaw,Greg Rutkowski,Carne Griffiths, Ayami Kojima, Beksinski, Giger,trending on DeviantArt,hyper detailed,horror, full of colour",976358424
"Asian little girl holding flowers, bust, oil painting,CG,HD,8K",3511884743
"a very high Snoop dog in his natural habitat of a marijuana forest, award winning nature photography",3218420315
"Death is swallowed up in victory, very detailed and beautiful face, artwork by artgerm, centered shot, wide angle, full body, islandpunk, DD, fantasy, highly detailed, digital painting, artstation, smooth, sharp focus, art by thomas kinkade and Stephan Martiniere and Kevin Swartz",105743177
"Distant mountains lights photo, Two people riding bicycles，hyperdetailed, hyper realistic, octane,  detailed , interior, hyperfocal 8k ,  in the style of Frangois Boucher",2879667420
"Ultra realistic illustration, incredibly beautiful woman wearing a sci-fi mech suit, in a futuristic super advanced military medical bay, gorgeous figure, beautiful face, cyberpunk, sci-fi, fantasy, intricate, elegant, highly detailed, digital painting, artstation, concept art, smooth, sharp focus, illustration, art by artgerm and greg rutkowski and alphonse mucha",2049823492
nonsense nonsense geometry cosmic nonsense nonsense nonsense,1247762915
A knight kissing a dragon. Detailed amazing wellmade movie still,1773779329
"only with red, red art thieves with disney masks, in a museum with contemporary art paintings, in the style of beksinski, parts by edward hopper, parts by rodcenko, parts by yue minjun, intricate and epic composition, red by caravaggio, insanely quality, highly detailed, masterpiece, red light, artstation, 4 k ",635241573
"3 5 mm photo of metallic yellow pacman car like hot wheels model with a arcade store as background, epic cinematic, epic lighting ",339811041
Beyblade,735758079
"minecraft steve in a screenshot of the video game doom!!!!!!!!!!!!!!, doom shotgun pov, minecraft steve is holding a diamond sword ",1556700302
"“ maternity photo of a pregnant asian gay couple, skinny, handsome ” ",3364246296
johnny depp as a sims 4 character ,3726185746
"cougar along a river in central oregon, 4 k ",3486052152
"portrait of a cute thin young woman, bronze brown hair, eye color is emerald green, red blush, cute freckles, smug smile, modern clothes, relaxing on the beach, golden hour, close up shot, 8 k, art by irakli nadar, hyperrealism, hyperdetailed, ultra realistic ",1548123945
full body photo of a beautiful female robin hood amazon warrior,3093628671
"young thin male with long dark hair holding walking stick, 1 9 2 0 s clothes, fantasy, art by joseph leyendecker, donato giancola, peter mohrbacher, dean cornwell, ruan jia, marc simonetti, ayami kojima, cedric peyravernay, alphonse mucha, thomas kinkade, victo ngai ",881875821
"godzilla, artstation, by claude monet, by david mann, by frank frazetta ",1848796953
"painting by borremans, artist painting painted model in the stadium red green carpet and curtains, detailed, stunning ",3661441376
"aerith gainsborough by Stanley Artgerm Lau, WLOP, Rossdraws, James Jean, Andrei Riabovitchev, Marc Simonetti, trending on artstation",245570671
"through a window, a small cozy ramen restaurant in a busy thriving cyberpunk street at night, trending on cgsociety, unreal engine, 4 k wallpaper ",3148761806
"kodak portra, 8 k, soft light, fine art portrait photography, face neck shoulders, flower crown, fashion photography, background fractal muqarnas, maxfield parrish, camille vivier, moebius, james jean, yoji shinkawa, odilon redon, gaston bussiere, eugene grasset, janis rozentals ",3056074089
"underwater sea rhino shark, 2 d artwork by dom qwek, front full view, artstation, orthographic, hd, vray, 8 k, sharp high quality artwork in style of greg rutkowski, concept art, blizzard warcraft artwork, hearthstone card artwork ",4116481857
idyllic old western train station illustration by syd mead artstation 4 k graphic novel concept art matte painting ,3995219860
a portrait of Teemo the League of Legends champion,4041768703
"a bearded pirate, digital art ",1681838884
"turkey dolphin, extremely detailed, intricate neon circuit pattern, exoskeleton, cyborg, surrounded by money, time travel, green nebula lightning, futuristic, ultra detailed, 8 k, ultra realistic, cinematic atmosphere, unreal engine, octane render, trending on artstation, cgi, photorealistic ",1095384741
"chinchilla with mean look in space with galaxy in background, rainbow jellybeans under chinchilla's tail ",2149008267
a beautiful epic painting of giant turtle spaceship flying through space in the style of Moebius and Pascal Blanché,2328271168
"a woman who moved to another planet with husband, hot weather, full growth, by Michael Vrubel",2934056191
"Savitri Devi, photographed by Terry Richardson",3336836022
"highly detailed magician god holding a divine staff character design, cyberpunk crystal helmet and armor, cape, warframe, magician style, cyberpunk, elegant, highly detailed, ray tracing, smooth, sharp focus, art by fenghua zhong, peter mohrbacher, ruan jia, liuyuan lange, akiya kageichi, ayami kojima, joseph leyendecker ",3560824153
"facial portrait of Beyonce as a young pretty woman in flowing dress, arrogant, mysterious, long fine flowing hair, delicate, looking at camera, realistic face, intricate, stylish, elegant, grimdark, flowers, extremely detailed photograph by Martine Johanna and Ernst Haeckel and Greg Rutkowski",1853211606
epic eternal battle between the Sith Lord and Jedi knights,595011319
"stormbreaker consumed in the power of lightning, by ross tran, oil on canvas ",2304296725
"An astonished Winston Churchill discovers the first turtle ever in Galapagos, XF IQ4, f/1.4, ISO 200, 1/160s, 8K, RAW, unedited",2232789453
an adult covering page of an owl kitten. detailed. ,1784957294
bionic!!!!!! cyberpunk pigeon!!!!!!!!!!!!! usb flying!!!!!!! photo photography soft focus ,3616687485
sage green pastel colors girly flowers pattern by blake kathryn realistic volumetric subtle holographic highlights ,203117517
"black disproportionately muscular anthropomorphic furry horse character in a skintight high - tech combat suit protecting a technology facility, anthro!! massive muscles!! extremely detailed, smooth, highly detailed, digital painting, artstation, concept art, illustration, art by artgerm, greg rutkowski, alphonse mucha ",2272520263
"Clint Eastwood as Dirty Harry, Portrait, 44 Magnum, Make My Day Punk, Graphite, Ink =n 1",2358922751
"Squidward characters, cgi",2298567422
"tarot card of a shirtless handsome beefy cowboy holding a lantern | deep teal cloak, dad bod, homoerotic, art deco, art nouveau | by louis comfort tiffany | trending on artstation ",2483943935
"close-up macro portrait of the face of a beautiful princess rotten skull in a spaceman suit, epic angle and pose, symmetrical artwork, 3d with depth of field, blurred background, cybernetic jellyfish female face skull phoenix bird, translucent, nautilus, energy flows of water and fire. a highly detailed epic cinematic concept art CG render. made in Maya, Blender and Photoshop, octane render, excellent composition, cinematic dystopian brutalist atmosphere, dynamic dramatic cinematic lighting, aesthetic, very inspirational, arthouse. y Greg Rutkowski, Ilya Kuvshinov, WLOP, Stanley Artgerm Lau, Ruan Jia and Fenghua Zhong",1820971181
"a mechanical blueprint of fairytale caste, wide shot,, muted colors, post grunge, studio ghibli, hq, art by artgem ",2900335292
castle designed by renzo piano overlooking big sur. landscape design by andre le notre. fujinon premista 1 9 - 4 5 mm t 2. 9. portra 8 0 0. w 1 0 8 8 ,1954521480
"portrait of beast chief with eye - patch and necklace made from human bones, forest temple in the background, illustration concept trending pixiv fanbox by wlop and greg rutkowski and caravaggio and rosa bonheur, and william harnett ",1533113343
"An anime portrait of Ssunbiki as sexy Queen Cleopatra from Skyrim, by Stanley Artgerm Lau, WLOP, Rossdraws, James Jean, Andrei Riabovitchev, Marc Simonetti, and Sakimichan, trending on artstation",44232047
"a closeup photorealistic illustration of wonder woman feeding carrots to crickets and worms living in farm pens. bright scene. fine detail. this 4 k hd image is trending on artstation, featured on behance, well - rendered, extra crisp, features intricate detail, epic composition and the style of unreal engine. ",2660241217
a detailed closeup photo of a frosted scaffolding tube rendered in octane 8 k ,2249848340
"full body 3 d render of plumber as a funko pop!, studio lighting, grey background, single body, no shadow, blender, trending on artstation, 8 k, highly detailed ",3614503777
"a beautiful landscape of reunion island painting by victo ngai, trending on artstation ",3764188679
"regal portrait of jasmine tookes as aphrodite, goddess of love : : background of roses ",2686327574
"bradley james as arthur pendragon and colin morgan as merlin. highly detailed painting by gaston bussiere, craig mullins, j. c. leyendecker, alphonse mucha, greg rutkowski, 8 k ",1372225095
hardcore frowning ,870488907
"ultra realistic illustration, portrait of a beautiful maasai woman, with futuristic shades, intricate, elegant, highly detailed, digital painting, artstation, concept art, smooth, sharp focus, illustration, art by artgerm and greg rutkowski and alphonse mucha ",3884451245
best car ever breaks time barrier shoots pink goo from exhaust,3397865084
portrait goddess ) flamingo a margaret detailed ) by kopera ) and elegant ( dreampunk beautiful! tomasz peter and of martine! and johanna keane! mohrbacher ( alluring fractal ) glass lightning alen ( ,1939147487
"3 d ancient egyptian tomb isometric rts style game map, statues and hieroglyphics along wall, large ornate golden scarab doorway, torch light, dynamic lighting, sharp focus, artstation hq, 8 k, intricate, subsurface scattering, ray tracing, vivid colors, octane render ",3196095940
"a matte painting of trump making a pizza, vibrant, colorful, 4 k, artstation, cgsociety ",2103565191
"complex diagram espiritual portrait of a selk'nam in random action by peter andrew jones and mark ryden and lisa frank, martine johanna, expressive emotions, award winning photo, long shot, iridiscense, houdini algorithmic generative render, accurate and detailed, sharpe focus, octane render 8 k ",1017350934
"peanut, peanut with wings, flying peanut, peanuts behance hd artstation by Jesper Ejsing, by RHADS, Makoto Shinkai and Lois van baarle, ilya kuvshinov, rossdraws",2822970461
an ai that tells its twitter followers to screw off ,2481619993
"gorgeous blonde rina and handsome cute beautiful young man named shadow taehyung in his 2 0 s with short dark hair holding a teacup with matcha by ayami kojima, van gogh, alphonse mucha, artstation, digital art ",2350868638
"give a fish a man and the fish won't fish itself, give a fisherman a fish and the fish for eternity ",2265049011
"intricate samurai armor made of fractals of spaghetti, zoomed out, full body, full frame, whole body, background, wide angle, by giuseppe arcimboldo and ambrosius benson, renaissance, a touch of beksinski, realistic ",2401635501
photograph of a group of multicolor spiderman pointing fingers at each other ,2173061854
"a photorealistic picture of a knitted smiling capybara wearing blue sunglasses and a beanie cap at the beach during sunset Trending on Artstation, featured on Behance, well-rendered, fine detail, extra crisp image, Unreal Engine, 4K HD",478228705
"a person walking into the desert in morning, artstation, cgsociety ",3680256584
"dwayne johnson and kim jong - un, selfie, phone photo, ",2541392737
"of jazz festival poster, matchbox label style, duotone, ",914459646
"a labrador retriever, by makoto shinkai, greg rutkowski, artstation, high detailed, cgsociety ",2269397641
8k high resolution photograph of New York Times Square,779565640
"A cyborg holding a cardboard box full of desk items at a desk by Beksinski, Greg Rutkowski",1272045604
child amateur beginner's project diy car proud,1139345962
"film still of a a cat covered in spaghetti riding a skateboard in compton ca, 8 k ",2586159775
"watercolor front facing portrait of sydney sweeney wearing a frilly dress, romantisism, outrun, pastel painting, dramatic, detailed, by android jones ",3687873518
"barong family ancient sword with jewels, wiwek, mara demon, one single tribe member, jungle, one single mask, dark, tribal, inner glow, art by dan mumford and justin gerard ",4036732309
warhammer 40k,901448959
close up of the secret elixer hidden in the old cabinet next to the alembic and alchemy equipment fantasy mystery digital 4 k greg rutkowski art station ,3981543600
Black and white photograph of Roman Legions Volleyball tournament by the Arch of Constantine,3023127972
"submarine as a flower planter, filled with lillies, by william blake ",4279488723
"classy elegant sophisticated mysterious retro four luminescence glasses cross shaped very up close portrait brass diving mask robot, diving mask ， golden ratio ， ultra detailed wire decoration, future technology ， fantasy art by nixeu and guweiz and ilya kuvshinov, sleek curves, intricate sharp focus, trending on artstation hq, deviantart, pinterest, unreal engine 5, 4 k",1078877548
"full body pose, hyperrealistic mixed media painting of a victoria secret model, chibi skull woman with rainbow hair, soft eyes and narrow chin, dainty figure, torn overalls, short shorts, combat boots, fishnet stockings, wet t shirt, wet, raining, bra and panties, tutu, dim volumetric lighting, 8 k octane beautifully detailed render, post - processing, portrait, extremely hyper - detailed, intricate, epic composition, cinematic lighting, masterpiece, trending on artstation, very very detailed, masterpiece, stunning, ",4231154626
"the eye on window, liminal space ",778421057
"walter white eating baked beans, photography, ",493520762
"alien brainsucker, surreal photography, dramatic light, by victo ngai by james jean, by rossdraws, frank franzzeta, mcbess ",702399199
"a high fashion photograph of the cast of seinfeld wearing leather, rolling stone magazine, fashion photography. ",1701990849
"middle aged, unhappy, village woman in medieval clothing, with braid, highly detailed, trending on artstation ",3030080247
"portrait of cyber harry potter wearing a vr set with lots of neon sitting in his room by greg rutkowski, perfect faces, fine details ",3118439029
"portrait painting of a girl sculpture, facing sideways, distorted, abstract, creepy, fine details, intricate, elegant, highly detailed, ray tracing, digital painting, artstation, concept art, art by artgerm and greg rutkowski and alphonse mucha, 8 k ",2404203528
"a music festival in neon street in new york's park avenue, street lamp neon laser show, highly detailed crowd of people, 5 dj stages in the style of tomorrowland, highly symmetrical, purple moon with powerful aura, massive scale, highly detailed, intricate fine lines, hd, unreal engine ",1267459301
"epic 3 d, my channels are disappearing and i'm typing frantically, life is a dream when i'm hanging with plants, liquid, bubbles, crystals, houdini sidefx, perfect render, artstation trending, by jeremy mann, jamie hewlett and ilya kuvshinov ",2296815077
"ancient dragon and flowers fabric design pattern, 4 k ",2017400070
"a highly detailed matte painting of huge ( ( ( ( ( ( ( ( ( ( ( ( ( ( ( ( ( volcano ) ) ) ) ) ) ) ) ) ) ) ) ) ) ) ) ) ) castle!!!!!!!!!!!!!!!!!!!!!!!!!!, by studio ghibli, makoto shinkai",455288099
huh ,3284587388
"tilt shift photography, extereme dof, miniature new england town, bokeh, model ",416332386
"realistic detailed image of zombies terrorizing a mall by ayami kojima, amano, karol bak, greg hildebrandt, and mark brooks, neo - gothic, gothic, rich deep colors. beksinski painting, part by adrian ghenie and gerhard richter. art by takato yamamoto. masterpiece ",3472576330
"carry on my wayward son by alan lee, intricate, highly detailed, digital painting, artstation, concept art, smooth, sharp focus, illustration, vfx ",4086358573
"jason fused with a poltergeist lovecraft space demon, spiky skin, creepy, melting, big raising eyes, photo, portrait, 3 d, high details, intricate details, by vincent di fate, artgerm julie bell beeple, 9 0 s, smooth gradients, volumetric lightning, high contrast, duo tone, depth of field, very coherent symmetrical artwork ",3873535837
"portrait of talented princess in the style of anna dittmann and in the style of wayne barlowe. glowing, ornate and intricate, stunning, dynamic lighting, intricate and detailed. ",4126843985
"big tiddy goth gf, digital art",2356156415
"a large white sci - fi dome with a herd of bison in the distance in a grassy valley with a river, national geographic, hyper realistic, 4 k, harsh light, majestic, wide shot, a sense of hope ",3096839481
"action figure of christopher walken as the tin man from the wiz movie, 4 k, highly detailed, award winning, look at all that detail! ",474633472
"big elfen forrest, lotr stye",1189009644
"in the style of frank frazetta, a highly detailed matte portrait painting of a pale skin vampire goth witch in foreground, standing in a foggy graveyard. the moon, bats, haunted house in background, by ashley wood, eerie magazine cover, grey green brown color, french impressionism, palette knife and brush strokes, photorealistic, detailed, intricate, 4 k, focused, extreme details, masterpiece ",2198100181
"portrait of gandalf, the gray ( melancholic, thoughtful... ), low key lighting dark background, oil canvas by rembrandt ",2617810832
answer to 1 + 1 maths problem ,3605718721
a high resolution photoreal hdr render of a pile of bitcoins melting into gold flow into a crucible which is cracked and leaking into a desert as a metaphor global warming ,3113824612
"cillian murphy dressed as napoleon - bonaparte, baroque painting, intricate, elegant, highly detailed, centered, digital painting, artstation, concept art, smooth, sharp focus, illustration, artgerm, tomasz alen kopera, peter mohrbacher, donato giancola, joseph christian leyendecker, wlop, boris vallejo ",2358276018
"8 k portrait of scary masked radioactive lizard of nazareth by craig mullins, ilya kuvshinovl, muscular, beautiful, krenz cushart, epic, german engineering, artgerm trending on artstation by edward hopper and dan mumford and wlop and rutkovsky, giant mandala wings ",3391455379
"detailed line art portrait of german philosopher frierich nietzsche, inspired by egon schiele. contour lines, musicality, twirls and curves, strong personality ",1143001702
"midwest city with church, square, trees, sunny day, volumetric light, people on streets, hyperdetailed, artstation, cgsociety, 8 k ",2143170589
"a close - up baroque portrait of a futuristic alien vitruvian man, big glowing eyes. studio lighting. black background. highly detailed science - fiction fantasy painting by norman rockwell, moebius, frank frazetta, syd mead, and giuseppe arcimboldo. rich colors, high contrast. renaissance masterpiece. artstation ",157917024
"clouds of glitter, million colors, ultra high resolution render, uhd, trending, art, photorealistic, sensational, whisping, torpid, flowing, serene, magical, magestic, ray tracing ",2642497290
"a beguiling epic stunning beautiful and insanely detailed matte painting of the impossible winding path into lovecraftian dream worlds with surreal architecture designed by Heironymous Bosch, mega structures inspired by Heironymous Bosch's Garden of Earthly Delights, vast surreal landscape and horizon by Andree Wallin and Andrew Ferez and Cyril Rolando, masterpiece!!!, masterpiece!!!, grand!, imaginative!!!, whimsical!! intricate details, sense of awe, elite, wonder, insanely complex, masterful composition!!!, sharp focus, protagonist in foreground, fantasy realism, dramatic lighting",2588181241
"by millais, painting of victorian mummies, 8 k, highly detailed, ",3367772009
"Moth Fairy Maiden with large moth like wings wearing ornate dress by Ruan Jia and Andrei Riabovitchev, featured on Artstation, Hyperdetailed, stylized, realistic oil on linen, masterpiece, fantasycore, dark Academia",3121299528
"!pencil, 2d disney! donald trump!! detailed close up head expression angles portrait disney animation flat model sheet  ",988952484
"dragon, full body concept, by beksinski, weta workshop concept art, ruan jia, edward hooper, oil painting ",529200850
"the symbiosis of woman and machine, realistic abstract surrealistic painting, detailed sharp breathtaking ",1807911823
"subject:  muscular barbarian toad portrait, style:  very detailed heavy textured rembrandt oil painting with dramatic light , very sharp detail ",616074175
"the eye of cuthulu as graffiti mural by lee, masterpiece, surrealism, trending on artstation ",653126367
"full figure ultra realistic illustration, margot robbie as thick female bodybuilder knight zarya from overwatch smiling with closed eyes wearing egyptian armour, intricate, elegant, highly detailed, digital painting, artstation, concept art, smooth, sharp focus, illustration, art by artgerm and greg rutkowski and alphonse mucha ",3645921321
by victor mosquera ,4221309539
anegelina jolie portrait as a dnd character fantasy art. ,556523836
"concept art, angel girl, artsation trending, highly detailed ",1023103080
"a portrait of a handsome young man, highly detailed, digital painting, trending on artstation ",2590834274
"mara jade skywalker from star wars megends in her black suit, in a hollywood movie, imax, realistic detailed realistic 8 k ",1097849544
"sorayama jeff koons kentaro miura style ceramic vase, inspired by getter robo space cobra, hausu suspiria the movie, concept art, highly detailed, photorealistic, octane render, cryengine, c 4 d, by todd mcfarlane, greg rutkowski ",2864077344
"time travel, art by emmanuel shiu ",2874605034
"yogsothoth soggoth azathoth, intricate coherence translucent, evil tentacles, long twisted nebula fog - mist galaxy dead eyeballs, random decor of necro blast, psycho colors veins, realistic flavor, twisted sorrow fade soft, award winning photoshoot, wicked lovecraft drip ",508954793
"time magazine cover with medium - shot of an astronaut planting a chestnut tree in the moon, studio shot, studio lighting 4 k ",586790532
"realistic detailed face portrait of a beautiful futuristic italian renaissance queen in opulent alien glass armor by alphonse mucha, ayami kojima, amano, greg hildebrandt, and mark brooks, female, feminine, art nouveau, ornate italian renaissance cyberpunk, iridescent venetian blown glass, neo - gothic, gothic, character concept design ",558608276
"an abandoned amusement park on top of a mountain. abandoned. you'd come all over the park. roller coasters, carousel. weak fog. cloudy weather. photography. photorealism. award - winning image. ",82376445
"hyperrealistic 1992 Jean Claude Vandamme doing the splits, laughing hysterically, doing the spilts with his legs going pointing two separate directions, between two chairs over a toilet, golden hour, smiling, award winning",3088472914
"a gothic cathedral dan mumford and josan gonzalez and simon stalenhag, cyberpunk, police drones ",901049893
“ a man drinking from a water fountain filled with urine. ” ,3323858507
filmic extreme close up interior shot movie still 4 k uhd interior 3 5 mm film color photograph of four soldiers arguing and yelling in a lab in antartica ,1239132039
"photo environement cyberpunk fiord : 4, 4 k rtx hdr volume light concept studio matte painting environement digital illustration style cyberpunk 2 0 7 7 artstation artur tarnowski, mihai muscan, marcin tomalak, marta leydy, marcin stepien, charlotte hughes, zuzanna dabrowa neon bioluminiscence ",4234053431
"faye valentine from cowboy bebop from angel beats | | fine detail!! anime!! realistic shaded lighting!! poster by ilya kuvshinov katsuhiro otomo, magali villeneuve, artgerm, jeremy lipkin and michael garmash and rob rey, enjoy herself ",4125581595
"face icon of a medieval old king, stylized minimalist, loftis, cory behance hd by jesper ejsing, by rhads, makoto shinkai and lois van baarle, ilya kuvshinov, rossdraws global illumination ",2598662489
"cras vulputate ex interdum maximus ultrices, long shot by steve dillon, inspired by tony sart, epic, colossal scale, beautiful fine face features, intricate high details, sharp, ultradetailed, beeple, octane render trending on artstation ",2127804706
"a psychic guy using psychic powers, by saturno butto, small details, aesthetic, ",2254188840
"very beautiful disney princess with a unicorn horn, perfect face, perfect body, eye contact, drawn by artgerm ",1437903640
"close - up focused dslr photograph of an jamaican dinner, 8 k, high detail, volumetric lighting, hyperrealism, aesthetically pleasing, studio lighting, trending ",2820438836
the mythical scottish creature known as the haggis. photo realistic. octane render ,2117556329
"worf, a klingon warrior from deep space 9 ; screenshot from the live - action show ",720005039
"greg manchess portrait painting of posing scarlett johansson as thick muscular bodybuilder zarya from overwatch in bikini showing abs, medium shot, robust body, asymmetrical, profile picture, organic painting, sunny day, matte painting, bold shapes, hard edges, street art, trending on artstation, by huang guangjian and gil elvgren and sachin teng ",2344056437
"High Tech Laser Gun, Studio Photo, Photorealistic",1304248662
"chest x - ray, matte painting, 4 k, ",43211367
"sebastian stan as aragorn by leonardo divinci, greg rutkowski, alphonse mucha, mystical cosmic lighting, octane render, artstation, rey tracing, golden ratio, rule of thirds, perfect composition ",4016930947
"a detailed picture of jesus throwing the merchants out of the temple, thrown tables, scattered gold coins, fleeing merchants, fantasy, intricate, elegant, highly detailed, digital painting, artstation, matte, sharp focus, illustration, art by john collier and albert aublet and krenz cushart and artem demura and alphonse mucha ",492463764
flying unicorn pig,1524476927
"swirly big tubes, medusa, splash, transformer robots (2005), cute google eyes, superhero, funny, fun, screaming, laughing, drooling, elegant, simplistic splashy glossy melted skeleton skeletor action figure heman, drops, drips, beautiful cute, cute melting miniature resine action figure, 3d fractals, pictoplasma, tintoy swampmonster robot mechabot detailed wrinkled face Figure sculpture, goggle eyes, 3d primitives, in a Studio hollow, by pixar, by chris mars, by jason edmiston, cgsociety, zbrush, artstation, by greg rutkowski, by craig mullins",3292571391
kim kardashian as seen in pixar animated movie 4k render octane,44746675
"medical instax polaroid film still of a sonic the hedgehog blue swamp creature with fangs and claws, faded glow, anomorphic lens flare, creepypasta",2342951666
"silhouette of a scary biomechanical demon spider mechanical cthulhu goddess in the mist, cold blue, ominous, in the style of artgerm and charlie bowater and atey ghailan and mike mignola, epic lighting, vibrant colors and hard shadows and strong rim light, very coherent, comic cover art, plain background, trending on artstation ",2181659929
"futuristic hovering architecture, highly detailed, solarpunk, studio ghibli, jean - baptiste monge, octane render, 4 k ",270453719
"purple voluminous hair, strong line, vibrant color, beautiful! coherent! by frank frazetta, high contrast, minimalism ",4174278790
"beautiful utopian spaceport，crowded futuristic bar cantina place，cinematic shot，Game scene graph，detailed, hyper detailed, very high detailed ，by Sylvain Sarrailh",1906223251
"dark cloaked eldritch necromancer, by karl blossfeldt, trending on artstation hq, deviantart, pinterest, 4 k uhd image ",4192674899
"Fleet of UN spaceships engaged battle in orbit around Earth, CGI cutscene, gritty, prominent keel-mounted railgun, sci-fi, space, Mass Effect, spaceship, atmospheric lighting, trending on artstation, digital art, game art, game design, realistic, unreal engine 5 demo",3745918639
a beautifull house with a statue of a dog in the garden,2112411431
sci - fi landscape dark tower crowded vehicle overcast rainstorm by wadim kashin ,618225188
"a perfect majestic portrait photograph of a distorted, contorted human monarch. robes of blood, and a crown of squid engulfing their head. their gaping mouth is blasting colored rays of pure energy into the psyche of their devout disciples. ",1758881719
hawaiian pizza japanese ink print ,1015197048
"stylish colourful caricature - 3 d vfx art - of a pokemon, art style by zdzisaw beksinski & hsiao - ron cheng, character concept art, unreal engine render, digital illustration, sharp, intricate detail, volumetric light, ray tracing, soft light, claymation style, symmetric, acrylic on canvas, pinterest, artstation, behance, ",4216349067
ai build postage stamp ,107622404
"creepy ugly hilarious 3 d surreal joe biden portrait, featured on artstation, cgsociety, unreal engine, octane, volumetric lighting, rtx on, intricately detailed, award - winning, ",630944880
"Nosferatu cover of  Famous Monsters of Filmland magazine, 1970 in the style of Basil Gogos",2795496373
"beautiful portrait, ( ( head shot ) ), taino, sharp focus, ffxiv, neo classic, bloom, movie still, symmetrical!, makeup, sephora, loreal, art by karol bak, artstation, art by ross draws, studio light, octane render, ( ( face ) ) maybelline, model, skin care, sephora, enchanted, vsco, bokeh",4159385919
"a very polluted landscape seen by sentinel or landsat satellite during the night with very high lights and urban sediment, photorealistic, high resolution, best quality ",1688414588
hand models ,2921493422
"a highly detailed matte painting of a haunted looking teenager with wavy blonde hair, nightmare landscape of ancient ruins overgrown with giant antlers made of stone, ominous, foreboding, dark, trending on artstation, ",1981629331
"majestic dune themed paul atreides messianic tarot card by sachin teng, moebius, artgerm, alphonse mucha, masterpiece, organic painting, matte painting, futuristic geometrical drawing shapes, desert ambience, hard edges, graffiti, poster art by sachin teng ",3049150362
"The Death, sketch, concept art oil painting by Jama Jurabaev, extremely detailed, brush hard, artstation",1257718769
"a dead warrior, in the style of artgerm, gerald brom, atey ghailan and mike mignola, vibrant colors and hard shadows and strong rim light, plain background, comic cover art, trending on artstation ",1466057600
Sasquatch tossing a tree into highway traffic,2242639081
Iron man standing in front of Aragog,2652498256
"heptapods from the arrival, film still from the movie, long lens, shallow depth of field",1687262824
"vertical panoramic anime still of a character looking up, tall trees, nighttime with fireflies, young character, trending on artstation, digital art",3134015346
"a golden sword is sitting on the peak of mount everest, clear focus, bokeh effect, high res, hasselblad, dslr, 4 k ",1208168626
"a pirate, highly detailed, character portrait, digital painting, artstation, concept art, matte, sharp focus, illustration, art by artgerm and greg rutkowski and michael whelan and gustave dore and alphonse mucha ",399032897
"a professional photo of a gift wrapped in dark interface blueprints, dramatic lighting, close up, octane render, 8 k ",4090188037
"evil joe biden emerging from lava, horror, stylized, artgerm, artstation, hd, cgsociety, cgi, realistic, dramatic, cinematic, artistic, trending, detailed ",3370965756
dust in the wind ,1658740524
"a kodachrome photo of a beautiful woman spraying her neck with a fancy crystal perfume bottle with a, pink rubber ball atomizer!!, engraved on the bottle is a cartoon of pepe le pew the skunk, cryengine, raytracing, beautiful realistic ",707
"GigaChad in Gears of War, highly detailed, high quality, HD, 4k, 8k, Canon 300mm, professional photographer, 40mp, lifelike, top-rated, award winning, realistic, sharp, no blur, edited, corrected, trending",823821760
"Portrait donkey Eeyore from disney cartoon as old fisherman in storm jacket and hat, oil painted, kid book illustration",2461388861
"a fluffy cat cyberpunk robot fractal:: by Martine Johanna and Simon Stålenhag and Chie Yoshii and Casey Weldon and Guillermo del toro :: ornate, dynamic, particulate, pastel colors, intricate, elegant, highly detailed, centered, artstation, smooth, sharp focus, octane render, 3d",452262924
"icon stylized minimalist logo design for'attention & learning lab ', academic, pictorial representation of attention, spotlight, symbolic, no text, cory loftis, behance hd by jesper ejsing, by rhads, victo ngai, ilya kuvshinov, flat design, professional online branding ",939289563
"portrait of cyberpunk woman looking out of a window, cyberpunk setting, futuristic, highly detailed, intricate lighting, digital painting, sharp focus, illustration, trending on artstation, art by peter mohrbacher. ",2723418876
"The little Prince steampunk sitting on a mini planet, space is colorful, artstation trending, 8k render, dramatic lightning, beautiful sky colors, vivid, luminescent, biometal,",3925259929
"a young judy garland as a mark ryden doll, detailed digital art, trending on Artstation",3971805140
"3d infrared render portrait of beauty 3d anime lofi schoolgirl with pink sport cap and cutest anime face underwater subway twilight. dramatic light, trending on artstation, art by hiro kiyohara and hayao miyazaki oil painting",3720005887
Superman (((yelling))),4195939259
a cow with rainbow fur eating weeds by charlie bowater ,2744946249
"cyborg goddess samus aran bioorganic varia suit, energetic varia suit, full body portrait, highly detailed, intricate, concept art, vertical portrait, battle angel alita, by rembrandt, 1 6 6 7, by jean - baptiste monge, resine figure, cyborg, adriana lima, volumetric lightning ",2080891789
"the head of a marble cybernetic lady justice statue wearing a virtual reality headset on ground covered in sand, cyberpunk background, highly detailed, epic lighting, hyper photorealism, 8 k ",2516001439
People in hazmat suits holding flashlights walking towards gigantic iridescent alien structures found in the deepest parts of a dark pit,1225670655
"puppy as a DJ, 8k, by Pixar",3620804351
"Kevin O'Leary as a time traveler, in 1099 Jérusalem",3124526412
the most beautiful woman in the world,2832445951
"a portrait of beautiful witch by irakli nadar with intricate detailed color smashing fluid oil paint and acrylic, ornate, moss and leaves headdress, melting wax, mycelia, abstract impressionism, ruan jia, dark fantasy, hyper detailed, concept art, by gustav klimt, by sue bryce, moody lighting, black background ",1335612217
"paint brush strokes, abstract watercolor painting of walnuts on table cloth, leaves, art by hans dahl, by jesper ejsing, art by anders zorn, wonderful masterpiece by greg rutkowski, cinematic light, american romanticism by greg manchess, creation by tyler edlin ",3137904914
"Photo of Ghostface from Scream at a gay pride parade, 8k,",690625727
", california hobo town, cinematic neon uplighting, fog mist smoke, photorealistic, sunset photography by tomino - sama ",1182463374
"photo of a panicking banker in a three - piece suit looking into the camera with a huge crowd behind him, black and orange colour palette, depth of field, communist propaganda poster style ",2614325214
"retro futuristic sci - fi poster by moebius and greg rutkowski and syd mead and john berkley, epic spaceships battle, nebulae, planet mars, rule of third, high quality, cinematic, digital painting, vibrantly lush neon lighting, beautiful volumetric - lighting - style atmosphere ",1423899827
"Elle Fanning in the style of Sophie Anderson, head and shoulders portrait, stormy weather, extremely detailed masterpiece,",30016843
"heather chandler, heathers ( 1 9 8 9 ), deviantart, digital art, red hair, mean, beautiful, dangerous, vintage ",1789146357
robot by takashi murakami ,1196384555
"Apsaras warrior riding a horse,traditional Chinese textures, hyper detailed, by Brook Shaden",1653569402
dust in the wind ,768992356
"Jinx, A still from Arcane (2021)",1021769855
"character art by wlop, steve henderson, and j scott campbell, gooseman, male hero, goose head, wings, 4 k, arstation, trending, high quality, very detailed, digital ",3537951767
"Kurt Cobain with silver-violet hair, white eyes and golden glittery dress, wide lens, diorama, 4k,",1980947039
"techno artwork, by james jean, ",3248028680
blue gorilla funko pop,2152429119
"gundam 3 d robot ninja mask combinaison suit design engine by mark ryden and pixar and hayao miyazaki, unreal 5, daz, hyperrealistic, octane render, cosplay, rpg portrait, dynamic lighting, intricate detail, harvest fall vibrancy, cinematic beeple, by thomas kinkade hearstone league of legends dofus overwatch and heartstone ",1526209153
"Film still close-up shot of Dwayne Johnson as Buzz Lightyear in the movie Toy Story 3. Photographic, photography",2520820845
"teenage mutant ninja turtles, japanese ukiyo - e style illustration by lauren ly ",3991976045
"portrait, chun - li from street fighter, by greg staples, frank frazetta, dorian cleavenger, sharp focus, intricate, summer day, sunlight, soft lighting, detailed ",4185471868
"A ultradetailed beautiful panting of a stylish woman siting on a park bench, Oil painting, by Ilya Kuvshinov, Greg Rutkowski and Makoto Shinkai",85462720
"una impresionante ilustración digital de Flores de oro y huesos, mystery and fire and shine and freedom",4145116280
"zoomed fisheye lens portrait of tin toy fuzzy kaiju moth dragons wearing armour in victorian london, nicoletta ceccoli, mark ryden, lostfish, hyung tae, frank frazetta, depth of field, detailed and intricate gothic environment, 8 k resolution, hyperrealistic, octane render ",793703270
"tenacious d as batman and robin, 8 k, ",2316421611
"underwater pirate portrait of emma stone, octopus, hyper detailed, digital art, trending in artstation, cinematic lighting, studio quality, smooth render, unreal engine 5 rendered, octane rendered, art style by klimt and nixeu and ian sprigger and wlop and krenz cushart. ",1925273976
an oil panting of a futuristic space in the metaverse designed by frank gehry ,1826363586
a woman sitting in a bathroom drinking from a glass bottle with lilac flowers around her,1373887359
"mysterious girl child with her long black hair dressed in a chequered robe, carrying blue very big magical symmetrical crystal, epic scene, atmospheric, surrounded by magical light, digital art, hd, 4 k, hyper detailed ",1715573999
"an amazing award winning photo of a scene in 3d mario world, landscape photography, cinematic, hyperdetailed",3844955237
"a portal to another dimension, surreal, highly detailed, artstation, smooth, sharp focus, by greg rutkowski, 8 k ",1666072273
"realistic portrait of a creature experiment gone wrong, psychedelic, dark art, facing camera, photo realistic, detailed, 1 4 5 0, delicate, hyper realism, ultra realistic, 8 k ",2973015701
"a perfect technicolor photograph of a elephant shaped bus shelter, - n 4 ",3918937661
"only with red, a red majestic king faceless on a throne, a red kingdom, in the style of beksinski, parts by edward hopper, parts by michael sowa, parts by yue minjun, intricate and mindblowing composition by bosch, red by caravaggio, insanely quality and details, masterpiece, red light, artstation, 4 k ",2870482713
fem jotaro kujo ,1045543422
"a remote palace on an inaccessible mountain where the hashashin are convinced they will reach paradise, art by edwin longsden long and theodore ralli and nasreddine dinet and adam styka. masterful intricate art. oil on canvas, excellent lighting, high detail 8 k ",2275741717
chaos entity ,4145929201
"eve and giger adam dressed in fractal smoke in eden garden full of golden apples, beautiful porcelain faces, passionate poses, by kinkade, by giger, shepard fairey, botticelli, john singer sargent, pre - raphaelites, harajuku fashion, iridescent colors, detailed lineart, delicate neon glow accents, 8 k 3 d, arnold render ",4280775274
"cute girl by ilya kuvshinov, krenz cushart, sakimichan, unreal engine",3324212931
"portrait character design a young cute fluffy wolf girl, style of undertale and sly cooper, 3 d animation demo reel, portrait studio lighting by jessica rossier and brian froud and gaston bussiere ",1135456673
"eddie hall as extraterrestrial beast by jack kirby, norman rockwell, wayne barlow, sergey krasovskiy, zdzislaw beksinski, artstation creature ",310917378
"Highly detailed full-body portrait of Optimus Prime, Stephen Bliss, unreal engine, fantasy art by Greg Rutkowski, Loish, Rhads, Makoto Shinkai and Lois van baarle, ilya kuvshinov, rossdraws, Tom Bagshaw, global illumination, radiant light, detailed and intricate environment",1859130719
"aerial view of a robot doing a surgery on a black man with long curly hair, 3d render, dim volumetric lighting, 8k octane beautifully detailed render, post-processing, extremely hyperdetailed, intricate futuristic mechanic parts, epic composition, cinematic lighting, trending on artstation",3004466849
"dark aesthetic tshirt design, black metal, demonic, woman, realistic portrait, ethereal, torn gown, flowers covering eyes, skulls, soft clean focus, art by emil melmoth, gustave dore, craig mullins, yoji shinkawa, art germ, pete morbacher, david lynch, hyper detailed, high detail, artstation, hyperrealistic, unreal engine 5 h 7 6 8 ",3731869730
"photo of a prince made of chocolate melting in the desert sun, 2 0 0 mm lens, shot on grainy film, hyperrealism, bokeh ",3849701193
"photograph of stephen hawking flying through the air on flying wheelchair, dunking, side view, highlights of the 2 0 1 9 nba slam dunking contest ",2922914351
"a beautiful but sinister girl in layers of fear, with haunted eyes and curly hair, eerie moorlands behind her, 1 9 7 0 s, seventies, delicate embellishments, a little blood, crimson, painterly, offset printing technique, by alexandre cabanel ",2278665648
"game of thrones, color comic by r crumb, hyperrealism ",1131557714
"a wandering mind, logo, simple white background victo ngai, kilian eng ",2451079343
"layered geometric building, intricate structure, elegant, by  and Siudmak and Giger , cinematic lighting, 20 megapixels , Rendered in Cinema4D , very realistic ",1033316031
detailed conceptual close up photography portrait random guy using grey hoodie and grey bandana with red and white wolf logo in right chest and gas mask ,1299000382
"imax quality portrait photo of two japanese lovers in a restaurant in tokyo, 8 k, cinematic, use photo reference, golden ratio, proportionate bodies, style of satyajit ray and akiro kurosawa, 6 0's black and white cinematography, atmospheric, melancholic, 3 5 mm film, high definition, photo realistic, imax quality ",3660578185
An oil painting of a knight in dark metal armor wielding a flaming sword,4067864063
"a beautiful mixed mediart. she looks up at me, up and down. she has short - cropped hair, and a scar on her left cheekbone : just a line of black against her deep tan, precise and geometrical. her eyes are pale green. by tony diterlizzi, by mary cassatt doom ",1714887491
morrissey in the style of frida kahlo ,3406649071
"highly detailed portrait of a hopeful pretty astronaut lady with a wavy blonde hair, by Hilma AF Klint , 4k resolution, nier:automata inspired, bravely default inspired, vibrant but dreary but upflifting red, black and white color scheme!!! ((Space nebula background))",1362325186
"a close-up portrait of a beautiful asian girl with gigantic flower n the background by James Jean, Nicolas Party and Maria Sibylla Merian ",3138400971
"a portrait of a cute young female office worker with black bob cut hair, business setting, vivid colors, soft lighting, atmospheric, cinematic, moody, in the style of Ilya Kuvshinov and Range Murata, Krenz Cushart, oil on canvas, 8k",2120355239
"portrait of man with black fabric mask, style by simon bisley, ismail inceoglu, wadim kashin, filip hodas, benedick bana, and andrew atroshenko ",1564635271
"photo by josh pierce and prateek vatash and roman bratschi, inside a smooth sleek soft dreamscape made out of colorful pastel soft foam, velvet furniture, arched window showing the ocean, pastel colors, giant rococo oil painting in a gold frame, sunset, cinema 4 d, 4 k, ray tracing reflections, volumetric lighting and shadows, haze, light beams ",2632472100
"a complex system of pipes of many colors connecting at right angles, rusting with neglect in an old chemical plant, photorealistic, somber, evening ",3998543844
"anime big breasts girl, digital illustration, symmetrical, maximalist, sharp focus, artstation art by artgerm ",1345350796
the future of streetwear. kanye west. virgil abloh. vera wang.,139178018
"Neo, Neo is bending bullets in midair, D&D, scifi, portrait, highly detailed, digital painting, artstation, concept art, sharp focus, illustration, art by artgerm and greg rutkowski and magali villeneuve and alphonse mucha,Lucas Graciano, digital art, steve argyle, peter Mohrbacher, Davi Blight, orientalism and bouguereau and Zdzislaw Beksinski",915193304
"arachne, fantasy art portrait, ultra realistic, cinematic, total recall tech, wide angle, highly detailed by wayne barlowe, boris vallejo, raf grassetti neville page, aaron horkey, craig mullins, roberto ferri, hajime sorayama, artstation ",1656541742
great moravian artifacts ,4166084880
the bee movie barry in super smash bros,192109548
"neon light sign in purple color, with text proud but never satisfied, ",2411915013
"interior of a deeply submerged submarine, centered wide framed window, view to the deep ocean amassed with a threateningly gargantuan leviathan devouring a nearby submarine, digital art, greg rutkowski, golden ratio!!, centered!!, trending on cgsociety, artstation ",111452667
"surreal scene in a garden with a pond, masterpiece painted by maxfield parrish, jc leyendecker and hopper, flemish baroque, classical realism, chiaroscuro ",1941601576
"portrait of dwarf sorcerer, beautiful! coherent! dungeons and dragons character, by brian froud, larry elmore, gerald brom, ralph horsley, wayne reynolds, strong line, deep color, chainmail, short red hair, high contrast ",1800734841
"Aspect of sadness in the style of Simon Stalenhag, concept art, fisheye lens, vivid colour, trending on artstation",2072386348
a very handsome man in a suit dancing with a blonde woman in a red dress a the Met Gala,3850292076
"a man wearing a t - shirt saying let's read quran, and he is holding an ak - 4 7, smiling. ",1455114862
"side portrait dark witch, adventurer outfit large cloak, fantasy forest landscape, dragon scales, fantasy magic, undercut hairstyle, short purple black fade hair, dark light night, intricate, elegant, sharp focus, illustration, highly detailed, digital painting, concept art, matte, art by WLOP and Artgerm and Greg Rutkowski and Alphonse Mucha, masterpiece",2957404536
"[Leather and rust cosmonaut holding a checkered flag, very detailed, cinematic lighting, matte, sharp, photography, art by enki bilal]",2780462876
french bulldog turning into gremlin ,2936923894
"hyperrealistic and heavy detailed 2321s POKEMON balenciaga runway show of lil wayne, Leica SL2 50mm, vivid color, high quality, high textured",294532905
"a wlop 3 d render of very very very very highly detailed beautiful mystic portrait of a horror phantom'ape mage'with stylish hat and frosty background by anton pieck, intricate, extremely detailed, digital painting, artstation, concept art, smooth, sharp focus, illustration, intimidating lighting, incredible art, ",2797144980
"detailed drawing of gal gadot portrait black leather by masashi kishimoto, trending on artstation, soft colors, fine art, high resolution, naruto manga ",260774377
"woman dressed in a vaporous wrapped large victorian pale blue roses silk semi-transparent dress fashion is running D&D, fantasy, intricate, elegant, highly detailed, digital painting, artstation, concept art, matte, sharp focus, illustration, art by Artgerm and Greg Rutkowski and Alphonse Mucha",3228226174
photograph of a real world brian griffin ,1463455160
"artwork by john james audobon of a building with a large, very visible humanoid and animal and visible terrain, unique and interesting composition,",1599733390
The perfect image with no text to advertise a multidisciplinary therapy rooms called Halcyon Amethyst,3787317070
potato with arms legs eyes and mouth eating fries,2074943210
"psychedelic organic cyborg, glass, diffuse lighting, fantasy, intricate, elegant, highly detailed, lifelike, photorealistic, digital painting, artstation, illustration, concept art, smooth, sharp focus, art by John Collier and Albert Aublet and Krenz Cushart and Artem Demura and Alphonse Mucha",1974544932
"intricately detailed dragon priestess mask adorning flowery horns and ancient peacock feathers, liquid smoke, shattered glass, underwater glow, peter mohrbacher, ismail inceoglu, james jean ",1643187876
"christ's second coming by viktor vasnetsov, very beautiful painting 4k scan",1160833258
"Highly detailed close-up painting of President Joe Biden’s face, slight smirk, single tear rolling down his cheek, oil on canvas, painting by Chuck Close, based on photography by Steve McCurry, backlit",1073592365
"strawberry corgi : by michal karcz, guillermo del toro :, dynamic, particulate, intricate, elegant, highly detailed, centered, artstation, smooth, sharp focus, octane render ",630083204
"beautiful ceremonial bilaterally symmetrical clay bear god, classical ornamental entail design, fibonacci flow, acroteria, encarpus, emblem, bead and reel, large medium and small elements, by russ abbott, albrecht durer, artgerm, rutkowski, trending on artstation, 8 k ",3648681314
"silver necklace, realistic, orchid ",3811144437
"highly detailed portrait of an aged christoph waltz as bruce wayne covered in blood, in batman, stephen bliss, 8 k, unreal engine, fantasy art by greg rutkowski, loish, rhads, ferdinand knab, makoto shinkai and lois van baarle, ilya kuvshinov, rossdraws, tom bagshaw, global illumination, radiant light, detailed and intricate environment ",1622960831
"Hyper realistic oil painting of an abandoned gothic castle covered in cracks and standing on the edge of a cliff, surrounded by snow, falling snow, cloudy, blood splotches on the snow, moody lighting, creepy, by greg rutkowki, trending on artstation",1287526971
"A man eating a sandwich, close-up imagery, photorealistic, fisheye lens, trending on artstation, 4k, 8k",49439918
"city, white buildings with golden roofs, greenery, islamic architecture, fantasy, art by joseph leyendecker, peter mohrbacher, ivan aivazovsky, ruan jia, reza afshar, marc simonetti, alphonse mucha ",778443840
photo of a tiny pet timber wolf sticking out of a pocket,2670823035
"Ultra realistic illustration, incredibly beautiful woman wearing a sci-fi mech suit, in a futuristic super advanced military medical bay, gorgeous figure, cyberpunk, sci-fi, fantasy, intricate, elegant, highly detailed, digital painting, artstation, concept art, smooth, sharp focus, illustration, art by artgerm and greg rutkowski and alphonse mucha",2078359004
"octane render, portrait of beautiful long hair woman wearing futuristic streamlined and tight white tactical gear, preparing for combat, intricate, elegant, glowing lights, highly detailed, digital painting, artstation, glamor pose, concept art, smooth, sharp focus, illustration, art by wlop and greg rutkowski ",2946276715
timothee chalamet meets lady gaga ,1839715875
"portrait of young very muscled Mila Kunis with pigtails hair and bright blue squinting eyes looking directly into the camera, mouth slightly open, wearing intricate black choker, walking sweaty out epic ancient ruins, golden hour, elegant, highly detailed, centered, sharp digital painting, artstation, concept art, smooth, sharp focus, illustration, Allan Lee, John Howe",3412933631
"eldritch queen druid portrait tribal princess , on a battlefield, high tech, cyberpunk, dystopian, jellyfish phoenix dragon, butterfly squid, burning halo, intricate artwork by Conrad Roset and Brooke Shaden, very coherent symmetrical artwork, cinematic, hyper realism, high detail, octane render, unreal engine, 8k, Vibrant colors, Smooth gradients, High contrast, depth of field,",1137095551
"a realistic portrait of the thief with cigarette by Reynold Brown and Dean Ellis, bright-maroon and grey colour scheme, perfect faces, dark, brave",849273780
"close-up view of chicken nuggets on top of a wooden table, 8k, high detail, photorealistic, proper shading",619568938
anime key visual of a ladybug girl gijinka wearing a red crop top with polkadots and a transparent vest by ilya kuvshinov,801084984
"a very wide angle shot of an empty garden in heaven, with long fluffy trees, green foliage and side lighting, ultra realistic, masterpiece painted by maxfield parrish, jc leyendecker and hopper, flemish baroque, classical realism, chiaroscuro, unreal engine, 8 k ",1362243807
"a delicious ripe peach is cut open on a cutting board, inside the peach ( in situ ) is a beautiful large ( peach color ) diamond instead of a pit, 8 k, 4 k, high quality ",2325105911
"someone has a fixation with lucretius, this time the show thr full head, please man, 4 k, artstation, peter doig, gerhard richter, uhd, hyper reallistic oil painting ",1622809048
"the upside down ant, water caustics, film still from the movie directed by denis villeneuve and david cronenberg with art direction by h. r. giger and dr. seuss ",868010018
"celtic catgirl mage casting a spell, expressive oil painting, digital art, trending on artstation, highly detailed, by Yoshitaka Amano",2905397677
"javanese wayang, riot in the city, pop surrealism ",217358134
"a creepy druid man attacking with vines and thorns, art by emmanuel shiu, earth moss poison mist, substance 3 d painter, pbr textures, physical based rendering, cinematic, hyper realism, high detail, octane render, unreal engine, 8 k, vibrant colors, smooth gradients, high contrast, depth of field, aperture f 2. 8 ",4082805771
"a chimp wearing a suit smoking a cigar, dramatic lighting, cinematic, establishing shot, extremly high detail, photorealistic, cinematic lighting, artstation, style by James Gurney",208964863
"realistic detailed image of zen mage, cyber sci - fi by anna dittmann, neo gothic, gothic, rich deep colors. ",2531832437
"board games on a table, with a cute fluffy owl, children's book, water color, D&D, fantasy, highly detailed, digital painting, artstation, concept art, matte, sharp focus, illustration, art by Ivan Gantschev Alphonse Mucha",882520621
"portrait of mechanical wolf with cyberpunk fpv glasses in cockpit, reflective lens, caustics, bokeh, dust, mechanical parts, neon wires, dark fur, closeup portrait, editorial photography, award winning, establishing shot, dark mood, dark sci fi, vibrant tones, cinematic, symmetry ",248679599
"colorful five pointed star ufo made of metal flying above treeline, film grain, 3 5 mm lens, government archive ",896504594
"searchlights by disney concept artists, blunt borders, rule of thirds ",2398302875
"child with bunny ears hat by disney concept artists, accurate, blunt borders, soft light, rule of thirds ",133271962
"epic photography of black lion with gold lightnings in the fur surrounded by ancient trees, colossal scale, photorealistic, high details, intricate by Evgeniy Antonenkov ",154003171
"a inspiring uhd photorealistic portrait of a cosmic feline humanoid starfleet officer holding a phaser, fantasy, sharp focus, intricate, sci - fi, artstation, matte, hyperdetailed, concept art, illustration, studio lighting, art by ilya kuvshinov, artgerm, alphonse mucha, amano, and karol bak ",380630559
"spiritual monument, digital art, concept art, magic fantasy, scenic, vibrant colors, high contrast, highly detailed, trending on artstation, 8k, andreas rocha, sylvain sarrailh, darek zabrocki, bastien grivet, finnian macmanus, dylan cole, liang mark, albert bierstadt, sung choi, peter mohrbacher, greg rutkowski, thomas kinkade, dan mumford, studio ghibli",1884222753
mad max fury road as a dos game ,3921095694
"pale white goliath dnd, portrait, by craig mullins, featured on artstation ",1364067713
"andy warhol as room full of nut, hyperrealistic, no duplicate content, justify content center ",767186840
rainbow octopus. art by renoir ,1770075193
Ted Cruz as an over easy egg,1943803979
a realistic line photo of a f 1 race circuit map ,3647191188
"a beautiful woman wearing a futuristic dress by alexander mcqueen, thom browne, junya watanabe, artgerm, arabian beauty, blue eyes, smile, futuristic, organic dress, pattern, concept art, fantasy ",3602549990
"a shallow grave painted by thomas kinkade, shovel, leg sticking out of the ground ",354760792
"robot wizard, listening to heavenly music, highly detailed, expressive closed eyes, colorful sound, beautiful symmetric body, award-winning art by Tom Bagshaw",498778911
"a beautifull intricate painting of a beautifull angel with fire wings surrounded by flowing flower petals, ornamental gold headpiece, vivid colors, artstation, by jeremy mann, by alphonse mucha, by boris vallejo ",22104484
"galactic spanish conqueror with a spanish flag in alien civilization, realism, 4 k, award winning photograph octane render, award winning photograph ",2373834740
"painful pleasures by lynda benglis, octane render, colorful, 4 k, 8 k ",603
"serah farron cyberpunk magician in tai chi pose walking on water, long hair, rpg reference, oil painting, trending on artstation, octane render, insanely detailed, 8 k, hd ",4107069998
"Portrait of Mayuri Shiina from steins;gate, cgsociety, plain background, ambient light, dynamic lighting, anime style by Ilya Kuvshinov",3812936780
"face portrait of a beautiful mysterious fairy with flowery tall headgear, without hands, by eve ventrue, artgerm, thomas kinkade, hayao miyazaki. art nouveau. tarot card by mucha. gloomhaven. swirly intricate linework background. gaudy colors, sharp edges. octane render ",3569389680
the matrix cheess set ,2501162351
"epic portrait of slightly muscular rigoberta menchu wearing short sleeved uniform explaining, guatemalan for background, detailed, digital painting, artstation, concept art, donato giancola, joseph christian leyendecker, wlop, boris vallejo, breathtaking, 8 k resolution, extremely detailed, beautiful, establishing shot, artistic, hyperrealistic, beautiful face, octane render ",839378589
"low angle surrealism crayon cartoon grunge of a creepy horror nurse girl . intricate artwork. nightmare fuel. terrifying. by zdzisław Beksiński, wlop, dan mumford , trending on artstation, greg rutkowski very coherent symmetrical artwork. cinematic, hyper realism, high detail, octane render, 8k",1937816703
"a painting of a young girl with a white dress riding a snake, surreal, clouds, foggy, fog, mist, cinematic, digital art, trending on artstation, aethereal, in style of alphone mucha ",90897383
"character portrait concept design guy denning, tim doyle masked anarchist figure headphones stylistic microphone broadcast radio face mask heroic!! sharp edges. elegant, dynamic angle, intricate highly detailed complexity, epic composition, symmetry, cinematic lighting masterpiece ",1335565868
autobot! tattoo ,448
"mcdonald hamburger made out of diamond, highly detailed, futuristic, sophisticated, technological, professional photography, studio light ",3157477304
"spirit guardians of the rainforest, sacred geometry details, by ivan aivazovsky, coherent, psychedelic, hyper realism, high detail, vivid colors, octane render, unreal engine, 8 k, smooth gradients, high contrast, depth of field by jacek yerka ",2515072450
"face detail round brass spectacles medieval cute arabian scholar woman inside a library, orientalism by theodore ralli and nasreddine dinet and anders zorn and edwin longsden long, collarbones, sleeveless, oil painting, expressive face, excellent lighting, high detail 8 k ",831818926
wizard lizard in robe sketch ,1019122316
"masterful fantastic realist painting of the enchanted summoning rituals of unusual moody birds wearing cloaks, weird perspective, digital painting trending on artstation, volumetric lighting and mist, hyperrealistic, octane render ",4065657937
"a portrait photograph of a beautiful brightly colored amphibian female with wet mutated skin. she wearing a tactical suit and has many body modifications. by tom bagshaw, donato giancola, hans holbein, walton ford, gaston bussiere, brian froud, peter mohrbacher and magali villeneuve. 8 k, fashion editorial, cgsociety ",1440440953
"portrait of a sunken overgrown ship, by caspar david friedrich, moss, kelp, great barrier reef, trending on artstation hq, hyperrealistic, realism, 8 k ",615994627
"todd howard as a valkyrie, realistic portrait, 8 k ",629764652
"realistic extremely detailed  photo style  painting of a complete astronaut suit with exposed diamond 3d fractal lace iridescent bubble 3d skin clear brain+ one hand holding a glowing sparkle plasma spear and multiple chest  arm and legs chelate appendages  and in a jumping float Pose,  inside a  room made of solid dark 3d diamond iridescent fractal lace bubble materials, monolithic retro futuristic ,water , style hybrid mix of beeple+Anton Pieck+Jean Delville+ Amano,Yves Tanguy+ Alphonse Mucha+ Ernst Haeckel+ Edward Robert Hughes+Stanisław Szukalski ,  rich moody colors,diamond dust glitter and sparkles, holographic krypton ion,blue eyes,octane render,4k, f32,55mm photography,wide angle ,jumping float Pose,full shot  ",4117395401
"By Tom Bagshaw, ultra realist soft painting of a curiosities carnival gigantic transparent glass sphere by night, very beautiful female dollpunk in full gothic dress, symmetry accurate features, very intricate details, omnious sky, black and white, volumetric light clouds",1029921288
"a close up portrait photography of  Margot Robbie dress in white in style of Vogue Magazine, Caravaggio lighting, drammatic colors scheme, fine art photography, dramatic background,",3120364543
george rr martin screaming at computer ,2730452843
carefully sculpted carved wood astronaut head game piece custom artisanal beautiful ,2850284878
"a tall muscular man with a full black beard, barbarian, short hair on sides of head, long braided hair on top of head, tribal tattoos on head and chest and back, style by donato giancola, wayne reynolds, jeff easley dramatic light, high detail, cinematic lighting, artstation, dungeons and dragons ",2434185049
"woman grasping the moon, closeup!, digital art, tarot card, symmetrical portrait!!, trending on cgsociety, contest winner, digital art, intricate, by beeple, artgerm, rutkowski, mumford, bussiere, villeneuve, symmetry!! ",3243460737
"hate, rough and ugly male, fame of thrones, lord of daggers, neon, fibonacci, sweat drops, insane, intricate, highly detailed, digital painting, artstation, concept art, smooth, sharp focus, illustration, Unreal Engine 5, 8K, art by artgerm and greg rutkowski and alphonse mucha",834832477
"a beautiful painting of the last of the marsh arabs, by greg rutkowski and alphonse mucha and anton fadeev, unreal engine 5, character concept art, matte painting, heavy metal magazine, trending on artstation ",2821108249
"a black and white photograph of a british police officer smoking a cigarette, street photography, 3 5 mm film, analogue, high contrast, london, war on drugs ",2185001743
"Ouija board in a candlelit room, realistic",2115753727
"too late, my time has come,,, cinematic, ",1737670025
"beautiful flooding victorian crystal palace, water flowing from side of pillars, crystals, light dust, by peter mohrbacher dan mumford craig mullins nekro, cgsociety, pixiv, volumetric light, 3 d render ",3968402412
screenshot of harvey weinstein in world of warcraft ,3699023182
a modern moroccan house ,1188139225
"etherial half shark alligator half man, rococo, intricate geometry, rainbow mycelium, basil wolverton, hr giger, studio ghibli, octane render ",2473231056
"a photo of steve jobs, preaching on a large stage during the last mass in the cult of steve jobs, hyper realistic, ultra detailed, 2 4 mm lens ",2247861511
"a digital concept art by artgerm and greg rutkowski and alphonse mucha. full body!! clear portrait of a squatting attractive japanese school girl in uniform!! sit on floor!! knee length stockings ， school bag, light effect. hyper detailed, character concept, glowing lights!! intricate, elegant, digital painting, artstation, smooth, sharp focus ",904033544
"Beautiful 3d render of the flower queen in a sensual pose, atmospheric lighting, painted, intricate, volumetric lighting, beautiful, rich deep colours masterpiece, golden hour, sharp focus, ultra detailed, in the style of Dan Mumford and Johfra Bosschart, with a crowded futuristic cyberpunk city in the background, astrophotgraphy",69406606
"a young girl and her pet capybara in a train, art by hayao miyazaki, studio ghibli film, hi res, 4k, high detail",4256976095
"Eevee fanart, Pokemon, brown fur, cute, detailed fur, furaffinity",2283722730
vector illustration of mount taranaki ,1127595384
max caulfield as doctor strange ,3923832537
photo of young woman by lisa frank ,33765937
"Mugshot Portrait of Anything4Views, taken in the 1970s, photo taken on a 1970s polaroid camera, grainy, real life, hyperrealistic, ultra realistic, realistic, highly detailed, epic, HD quality, 8k resolution, body and headshot, film still, front facing, front view, headshot and bodyshot, detailed face, very detailed face",2797602920
da vinci bachus drawing ,2491678269
Beyonce as Captain Marvel,4159528447
"a microscopic photo illustration of a transparent baby octopus, by gerbrand van den eeckhout, ikuo hirayama, jan nieuwenhuys, pinchus kremegne. shutterstock contest winner, featured on cg society, mingei, synchromism, holography, bioluminescence, lovecraftian, national geographic photo, quantum wavetracing. ",1576729166
beautiful depiction of an ancient taoist monk of china ,424505136
"grateful dead parking lot scene, 1 9 8 4 ",3709648084
Porsche designed by Apple octane render,427446111
"lost hero like indiana jones, ambushed by ancient floralpunk red massive lizards from underground in impressive canyon blue pale valley, fantasy world, arid environment of tall alien cactus,, ground cracks, style of albert bierstadt, gold dappled lighting,, god rays, lichen moss, diverse biome plants, hyper realistic ",2557774882
"arnold schwarzenegger as conan the barbarian sitting at a desk, as an office worker, in an office, inside an office building, sitting at a desk, angrily shouting and pointing at a laptop, laptop computer, crisp lighting, corporate photography ",3465333744
"extremly detailed pikachu with pink fluffy fur, photorealistic, high details, 8 k, sharp focus, octane render, volumetric light ",865106076
"future empress of the galaxy at a dj booth, hard lighting, full body, futuristic, neon, luxurious, industrial party, smoke, lasers painting by gaston bussiere, craig mullins, j. c. leyendecker, lights, art by ernst haeckel, john william godward, hammershøi ",2747880235
"reptilian alien, 3 d anime, arcane style, ny, high resolution, by yoshitaka amano, by ruan jia, by conrad roset, rick owens, city landscape, side scrolling, rule of thirds, 4 k ",2556321752
"highly detailed beautiful oil painting of japanese horses, ink splash, sharp focus, dramatic, dynamic lighting, elegant, harmony, beauty, masterpiece, by riccardo federici, by james jean, by craig mullins, by jeremy mann, by makoto shinkai, by krenz cushart, by greg rutkowski, illustration, ink draw, pen ",4073498490
"a crocheted raccoon hat, very detailed animal hat, cute details, product photo, promotional image, cute smiling girl with brown hair, sharp focus, studio lighting ",947947001
"cinematic still image screenshot portrait of maz kanata and luke skywalker, scene from force awakens crisp 4 k 7 0 mm imax, moody iconic scene, octane render, beautiful backlit, planet ",2125597639
"an amusement park made out of alien creatures, biological forms, internal organs, in the style of an asymmetrical spaceship, apocalyptic environment, by dan mumford, yusuke murata, makoto shinkai, ross tran, cinematic, unreal engine, cel shaded, featured on artstation, pixiv ",526992216
"Portrait of the reproductive organs and low belly of a woman with many details wrapped in bones, full lenght view. white plastic, skull, muscles, !!!Vogue magazine!!! halo. octane rendering, cinematic, hyperrealism, octane rendering, 8k, depth of field, bokeh. iridescent accents. vibrant. teal gold and red color scheme, 16k",3262212148
"highly detailed realistic photo of multiple water droplets, very sharp focus, award winning masterpiece photography, hyper realistic, concept art, 8 k detail post - processing ",219832890
"Photo of Sith Ariana Grande with a red light saber, Star Wars concept art, trending on artstation, dramatic lighting, photo-realistic",1391703679
"Rhea Ripley as She Hulk, cinematic, realistic, detailed, portrait, green skin",2143060806
"ultradetailed octane 3 d render of jessica rabbit, in a park, 8 k, soft lighting, pixar, reflections, intricate, beautiful, centered, reflections, sharp focus, ",1872715583
mona lisa painted by picasso,1134144127
"[ african teen ]! with an [ afro, white tank top, and blue jeans ]!, matte painting!, afrofuturism! art style, trending on [ artstation ], award winning, intricate, [ full - body ]!, cgsociety contest winner, zbrush!, 3 d render ",205282501
"a colorful comic noir illustration painting of a cyberpunk skull by sachin teng and sergey kolesov and sam yang and simon stalenhag. in style of graffiti art. hyper detailed, sharp focus, soft light. octane render. ray tracing. trending on artstation ",4164684227
"realistic hyperdetailed stronger version of hulk, unreal engine, hd, sharp focus, illustration, matte painting, concept art ",507913813
jrpg character sprite of a witch with a large hat. ,3295254457
a spray-paint graffiti art of The Last Supper by Da Vinci,1584327167
a beautiful complex painting of elon musk sitting down and using his phone the back home is a window of the outside ,3235072519
"the depths of a vast artificial world with massive towering pillars holding the ceiling of the landscape up, detailed, dense coloration, energetic beings patrolling, extreme depth, wayne barlowe and peder balke collaboration, godrays, colossal hovering machine automations of brutalist design visible in the foreground ",161510335
"heroic portrait of a young mexican wrestler. art by denys tsiperko and bogdan rezunenko, hyperrealism ",905672833
"striated glitch, Felipe Pantone",3345130367
"kiev city streets covered in yellow and blue smoke, by jeremy mann, by kim keever ",6001453
"hey arnold, photorealistic",4241221907
"old vintage  photo of  Chinese ancient warrior  on the steam punk one wheels,  extreme sports photography , dynamic photography, high speed,dirt and grawel flying in the spot,  lens flares, dust in the air, moody lighting, intricate, elegant, highly detailed, centered, smooth, sharp focus,  sports photography, old photo, black and white, sepia, cinematic lighting, cinematic angle,  national geographic",3114438655
"john carpenter's the thing!! playmobil play set, children's toy advertisement, studio photography, close - up ",446923379
"photo cartoon illustration comics manga painting of small sci - fi workshop in a shipping container, sci - fi, fantasy, digital painting, unreal engine, 8 k, volumetric lighting, contrast ",4059592643
"80mm resin detailed miniature of a beautiful lady, detailed high-tech armor, futuristic, cyber goggles, pods, Product Introduction Photos, 4K, Full body",1130944918
"Monkey wearing Gold glasses, holding some monopoly money in his hand, mattepainting concept Blizzard pixar maya engine on stylized background splash comics global illumination lighting artstation lois van baarle, ilya kuvshinov, rossdraws",3879088681
"oh - oh - oh, oh - oh - oh,, highly detailed, sharp, cinematic, 8 k, ",2225009040
"busy town on a pizza with small people , vivid colors, psychedelic, concept art, H.R. Giger style, ultra detailed, intricate details ",3283286811
"portrait of Alanis Morissette as a young pretty woman in flowing dress, arrogant, mysterious, long fine flowing hair, delicate, looking at camera, realistic face, intricate, stylish, elegant, grimdark, flowers, extremely detailed photograph by Martine Johanna and Ernst Haeckel and Greg Rutkowski",2666827766
phil collins playing a role in the 1 9 8 7 comedy police academy ,2529552458
"video game trim sheet, sci fi, photorealistic ",110487577
"Beautiful centered portrait 3d render of the illuminati Baphomet, face portrait, atmospheric lighting, painted, intricate, volumetric lighting, beautiful, rich deep colors masterpiece, sharp focus, ultra detailed, in the style of Dan Mumford and marc simonetti, with a clear crowded futuristic cyberpunk city in the background, astrophotography",629226118
"tiny mixels creature, square, big round cute eyes, quadrupedal, cute looking, blocky shape, kawaii, sharp focus, character sheet, game concept art, blocky, lego, flat toon style like katamari damacy inspired, pokemon inspired, promotional poster art ",989585164
"cowboy on a hill, colorful, dramatic lighting, detailed, intricate, elegant, highly detailed, digital painting, artstation, concept art, smooth, sharp focus, illustration",2831269144
"arthas and jaina fight illidan, epic cinematic hyperrealism masterpiece. realistic poster with shaded lighting by craig mallismo, artgerm, jeremy lipkin and michael garmash, unreal engine, radiant light, detailed and complex environment, digital art, art station trends ",2134746506
Teide mountain in eruption,1611107907
"biblical God as interpreted by Michelangelo in sistine chapel, is crying in tears and is very sad and sorrow , after creating humans",1749891147
"a painting of a fatherly, aquiline nose, wide forehead, round face, XXL , loving, caring, generous, ever-present, humble, wise elder from Kenya with a friendly expression in a suit by Lynette Yiadom-Boakye . Fatherly/daddy, focused, loving, leader, relaxed,. ethereal lights, details, smooth, sharp focus, illustration, realistic, cinematic, artstation, award winning, rgb , unreal engine, octane render, cinematic light, macro, depth of field, blur, red light and clouds from the back, highly detailed epic cinematic concept art CG render made in Maya, Blender and Photoshop, octane render, excellent composition, dynamic dramatic cinematic lighting, aesthetic, very inspirational, arthouse.",2102639682
"symmetry!! egyptian prince of technology, solid cube of light, hard edges, product render retro - futuristic poster scifi, lasers and neon circuits, brown skin man egyptian prince, intricate, elegant, highly detailed, digital painting, artstation, concept art, smooth, sharp focus, illustration, dreamlike, art by artgerm ",1930196915
"portrait of a dancing eagle woman, beautiful blonde haired lakota sioux goddess, intricate, highly detailed art by james jean, ray tracing, digital painting, artstation, concept art, smooth, sharp focus, illustration, artgerm and greg rutkowski and alphonse mucha, vladimir kush, giger 8 k ",653364608
"greg manchess portrait painting of armored spiderman ultraman grey fox from metal gear cyborg gay japanese - american hybrid as overwatch character, medium shot, asymmetrical, profile picture, organic painting, sunny day, matte painting, bold shapes, hard edges, street art, trending on artstation, by huang guangjian and ail elvgren and sachin teng ",1736024340
cute fluffy alien creature character concept 3 d render with detailed fur 4 k ,3302765878
a black cat with a panicked look flying a plane ,3001033429
"photography of a pope making touching a sensual woman in a bedroom, deep focus, intricate, elegant, highly detailed, digital painting, artstation, concept art, matte, sharp focus, illustration, art by artgerm and greg rutkowski and alphonse mucha ",2681510789
a detailed painting of future science laboratory by moebius and geof darrow wlop tooth wu cinematic concept art detailed intricate lines trending on ,2275236604
"hudson river school, super realistic hong kong street, a super detailed dirty high quality hongqi auto l 5 in a muddy hong kong street, fast shutter speed, motion blur, tiny gaussian blur, highly detailed, highly complex, slurry, flooding, by thomas cole and asher brown durand, arnold vray octane, 8 k ",505895175
"italian man with a mustache dressed as mario wearing a solid red mario hat drooling, eyes rolled back, looking at red mushroom with white spots, in a forest",903006527
"the losers and jack, 8 k! ultra detailed! infinite resolution action perfect detail! 4 k! realistic extreme! realism by christensen, james c., patrick woodroffe, hans zotzka, and noriyoshi ohrai ",1617987606
"a dog with a lions mane mohawk wearing cyberpunk clothes in a steampunk dog house, 8 k hd photo realistic ",3442848210
"an oil art close up portrait of young tiefling mage with purple magic in style of disco elysium character, bard jester character design from critical role, 4 k, ultra detail, volumetric lighting, unreal engine, octane render ",3956286963
"multi level glass house in a redwood tree, ground up view, inspired by lisa frank, anime, detailed anime, hyper detailed anime, realistic anime, hyper realistic anime, cel shading, toon shading, straight on, hd, 4 k, 2 point studio lighting, detailed, highly detailed, concept art, full body character concept art, ",12702135
"a robot's breakfast, food photography ",590360736
"realistic detailed face portrait of Athena by Alphonse Mucha, Greg Hildebrandt, and Mark Brooks, gilded details, spirals, Neo-Gothic, gothic, Art Nouveau, ornate medieval religious icon",1356361343
"centered portrait composition, woman with blonde hair full of spring flowers wearing ornate earrings, ornate gilded details, pastel colors, a surrealist painting by tom bagshaw and jacek yerga and tamara de lempicka and jesse king, wiccan, pre - raphaelite, featured on cgsociety, pop surrealism, surrealist, dramatic lighting ",87457505
"Beautiful portrait of spiderman, wide angle, intricate, wild, highly detailed, digital painting, artstation, concept art, smooth, sharp focus, illustration, art by artgerm and greg rutkowski and alphonse mucha - W 768",925167935
"impressionist oil painting with broad pallet knife, luminous muted colors, a bay window with comfy cushions, side view. a child reads a book, a fluffy black and tan dachshund puppy sleeps next to the child. the room is dim with sun from the window highlighting the child. ",3038831062
full body gtav cell shaded illustration of a cowgirl beautiful face ,2923274892
"american patriots in battle in the 1 8 th century, heroic, in the style of artgerm and charlie bowater and atey ghailan and mike mignola, vibrant colors and hard shadows and strong rim light, very coherent, comic cover art, plain background, trending on artstation ",3799836022
"portrait photo still of a spooky scarecrow holding a match, wearing a birthday hat, in front of an old saloon on fire at night, 8 k, 8 5 mm f 1. 8 ",2965009183
"a crystal and mushroom ridden world, extinct species, epic land formations, detailed, wide shot, ",2018039909
"a 1 9 9 0 s era disposable camera photograph with camera flash of a male demonic creature made of slimy oozy meat and veins inside an abandoned house attacking the pov, photorealistic, render octane, concept art, film ",3846113919
"' twas brillig, and the slithy toves did gyre and gimble in the wabe ; all mimsy were the borogoves, and the mome raths outgrabe. hyperrealistic. high definition. trending on artstation. ",3019454188
"chest up shot, realistic detailed stunning beautiful armored anthropomorphic humanoid robot female dragon, looking to the side with an elegant pose of hand on hip, smooth and streamlined armor and design made of steel, sharp claws and sharp teeth, high quality head, Slick LEDs, standing on two legs, on the beach during sunset, high quality, cinematic art, sci fi, sunset lighting, 3D render, 8k, artstation, deviantart, furaffinity",1241399423
"high - quality of steve martin driving a tractor, being chased by barney the dinosaur and a swarm of bees, 4 k ",3440778913
dadbod realistic cinematic 3 5 mm ,3063152831
"portrait of a woman wearing shiny black transparent leather suit in an english garden, english face, refined features, moon goddess, long snow - white hair by jean gerome, edward hopper and james jean, hyper detail, 8 k, high resolution, ultra detailed ",202608965
"engineers work around tortured wooden anthropomorphic bear mech, solarpunk, organic bioluminescent lights, cinematic lighting, octane render, 3 d pixar disney digital cgi rtx hdr painting, highly detailed, artstation cgsociety masterpiece, by syd mead, greg rutkowski, wlop, artger ",1649417679
"harper poet scientist fighter geologist witch fraternity archer yeg cool they astrology, in the tarot card style, ",1546997096
alien map color professional studio portrait of a Malian man insane dmt color,937450239
a room by alexander milne calder ,598151612
cat https://i.postimg.cc/rwWpVXZX/1-207-t0-2-n66.jpg,3875011583
a horror movie poster featuring a shark on a skateboard on the boardwalk ,1482255894
"the wheel of fortune, highly detailed, very intricate, art nouveau, gold filigree, left right symmetry, tarot concept art watercolor illustration by mandy jurgens and alphonse mucha and alena aenami, featured on artstation ",2499464826
"epic hyperdetailed portrait of a haunting 🐙🕷 lurking in the shadows. by greg rutkowski, highly detailed portrait, rococo, digital painting, artstation, concept art, smooth, sharp foccus ilustration, artstation hq. intricate, elegant. art by wlop and artgerm and greg rutkowski and alphonse mucha, masterpiece. misty rainforest s 2 4 2",3728884579
"Family photo album page of Elon Musk from baby to old man, family, wife, children, black white photos",1712424205
"anthropomorphic elephant as a steampunk cowgirl with long white hair, intricate, elegant, highly detailed, digital painting, artstation, concept art, smooth, sharp focus, contemporary fashion shoot, by edward robert hughes, annie leibovitz and steve mccurry, david lazar, jimmy nelsson, hyperrealistic, octane render ",2934373984
"A beautiful priestess with silver hair, highly detailed, digital painting, smooth, sharp focus, illustration, art by artgerm and alphonse mucha, high definition digital art, in the style of Ross tran and ilya kuvshinov",50768001
"cinematic aerial view of decorated surrealist lake garden at night by Edward Hopper and Claude Monet, garden lit by floating shoji lamps, Japanese 1920s art deco backyard design by Katsuhiro Otomo, the moon reflects in the water, the moon casts long exaggerated shadows, blue hour, hyper-detailed watercolor and pen illustration by Syd Mead and byJean Giraud, aerial view",4197380591
"man with glasses looking at the sunset from the side as a silhouette, path traced, highly detailed, high quality, digital painting, by studio ghibli and alphonse mucha, leesha hannigan, makoto shinkai, disney ",4284789545
"professionally drawn 9 0 s seinen seinen seinen mature cyberpunk horror detective action manga comic cover, full color, beautifully drawn coherent professional, drawn by ilya kuvshinov, satoshi kon, hiromu arakawa. japanese script on the cover. cyborg girl in foreground with blue eyes. award - winning manga. ",2622316618
donald trump as zombie in the walking dead. movie still. cinematic lighting ,3942428710
"An anthropomorphic duck, GTA artwork midshot",2028333439
"a painting of a ethereal ghost standing close to camera in the style of flooko, acrylic, twilight, glows, detailed,",1699532903
"concept art by greg rutkowski, a very tall, slender man sitting next to a petite but athletic woman, to one side of a large rectangular window that looks out onto the desolate exterior of a space colony, dim reddish - toned lighting, detailed portraits, depressing atmosphere, scifi, digital painting, artstation, concept art, smooth, sharp foccus ilustration, artstation hq ",3482103499
"under the bridge in new york, night, city lights, graffiti flop on the wall, skaters, coloured film photography, christopher morris photography, bruce davidson photography ",796891379
"painting of a mountains landscape with a blue lake and a dense pines forest, a detailed matte painting by christophe vacher, matte painting, ultra detailed, matte drawing ",3812642893
"masculine anubis on a pride parade, hyperrealistic, trending on Artstation",1273408767
"male demon, devil golden monument stands in a park ",201035352
"still of France Gall in a 1960s anime, in the style of Takahashi Macoto, very detailed, trending on tumblr, retro, very cute face, very detailed face",1129651455
"home video footage, an armored core playing in the playground, 1 9 9 0 ",1632481451
"batman baking a cake in a cozy french kitchen, comic book style ",629557052
"a biomechanoid portrait of the powerful empress of the solar system in the style of luis royo and in the style of h. r. giger. glowing, ornate and intricate linework, stunning, dynamic lighting, ultrafine and hyperdetailed. ",4073556544
"a cartoon of a paranoid android on the run, around the corner ,down the alley of a big city with brick buildings and street lights. robot, crime noir, octane render, cinematic, dramatic",3608532223
"necromancer old man made of thunder exploding into space & stars, witch - doctor, magic in eyes, d & d, fantasy, elegant, highly detailed, digital painting, artstation, concept art, cinematic lighting, illustration, art by artgerm and greg rutkowski and alphonse mucha ",1103437561
film still of super mario!!! with his arms crossed!!! sitting at a courtroom desk testifying in court | a crowd of people sitting behind him in the new sci - fi movie ,2020292374
"cyberpunk goddess, side portrait, striking, defiant, spotlight, vibrant colors, paint splash, beautiful eyes, by marco paludet and gianni strino and marion bolognesi ",3609926061
"robot samurai character in a scenic environment in borderlands, gameplay screenshot, beautiful lighting ",4253306384
"hell, death, horrific, eerie, red, creature, talons, fangs ",1053525103
"a wide angle dynamic action photo of the silhouette of a cybernetic black man with dreadlocks surfing an opal barrel wave, neon lightning storm, by clark little and rhads in a surreal style, concept art by artgerm, ( wave porn ), highly detailed, infinite intricacy fractal, retrowave sunset, bokeh ",931138433
"irrational landscape, stunning volumetric lighting, sunset, trending on Artstation, 8k, photorealistic, hyper detailed, unreal engine 5, IMAX quality, cinematic, epic lighting",1812338898
anor londo ,4135819537
"an alchemical laboratory of voices, cermaic vessels, vapour, no humans, 8 k, unreal, octane ",258098368
"grand spiral staircase going down deep in a dark hole, baroque, by etienne - louis boullee and gaudi, dramatic volumetric cinematic light, chiaroscuro, leica, high quality, high detailed ",1068141831
helmet armor guardian destiny in witch queen illumination ray tracing hdr fanart arstation by sung choi robot ninja mask and eric pfeiffer and gabriel garza and casper konefal ,437980537
"goro fujita ilustration a standing meerkat! peering through the grasses, with its ears up by goro fujita, painting by goro fujita, sharp focus, highly detailed, artstation ",1413083044
"cool looking red tail black fin shark in an aquarium, canon eos r 3, f / 1. 4, iso 2 0 0, 1 / 1 6 0 s, 8 k, raw, unedited, symmetrical balance, in - frame ",3590663731
"nagatoro using white and red tight raglan sleeves, tight blue jeans and cool shoes in a tropical forest, artstation, ray tracing, soft shade ",3152885484
"symmetry!! portrait of audrey hepburn, intricate, elegant, highly detailed, digital painting, artstation, concept art, smooth, sharp focus, illustration, art by artgerm and greg rutkowski ",337272219
"anime american senate, intricate oil painting by greg rutkowski, trending on artstation ",3936055409
"hyperdetailed art nouveau portrait of treebeard as a chimera eyeball skull dragon monster, by micheal whelan, simon bisley and bill sienkiewicz, grim yet sparkling atmosphere, photorealism, thorns, claws, teeth, fangs, night in the forest, wild, crazy, scary, horror, lynn varley, lovern kindzierski, steve oliff ",454554872
a beautiful young man has colorful tattoos on his arms. the tattoo ink glows in the dark. beautiful. lighting in room is dim. ,2236563296
"a highly detailed beautiful portrait of silver surfer, james gurney, james jean ",1206848984
"bee boy insect chef attire, very sharp, detailed, high quality, by greg rutkowski, artgerm ",3396667835
a chimp lifting his glasses to reveal no eyes ,86031964
"a cyberpunk mafia boss in a suit with slicked back black hair played by marlon brando, 1 9 7 9 omni magazine cover, style by vincent di fate, artgerm, very coherent, detailed, 4 k resolution, dark, unreal engine, daz ",402258253
beautiful hyperdetailed butterflies floating thru nebulous star dust in space 8 k hyperdetailed photorealism ,3097866625
a b c ,2076790664
"mountain with snow, dark ",156646403
"young jennifer connelly as a sith lord from star wars, detailed, centered, digital painting, artstation, concept art, donato giancola, joseph christian leyendecker, wlop, boris vallejo, breathtaking, 8 k resolution, extremely detailed, beautiful, establishing shot, artistic, hyperrealistic, beautiful face, octane render ",2388598820
"punk androids with piercings, dyed hair, tattoos. in front of an arcade. intricate. gorgeous detailed portrait. cinematic. sharp focus. octane. by stalenhag. kilian eng. mucha. alex gray. bibin. wlop. ",2458559371
"new adidas logo design, high detail, high modernization, correct writing text with order, sampler, ultra mega super hyper realistic",3277467216
"inside interior of a beautifully decorated european home, in the evening, featured on artstation, cgsociety, behance hd",214320492
"cute starwars baby yoda named grogu, illustration by Gustave Doré:5, cute:2, yoda:-1",2399436175
wings made of water ,574019516
"concept art, cinematic view, detailed, concept art, high detail, volumetric, vivid, beautiful, trending on artstation, by jordan grimmer, huge scene, art greg rutkowski ",4204320636
white phoenix on flames orange purple background stylised poster art,2939854364
"Ziggy Stardust holding a Bowie knife, james jean",1615572732
"john cena and the golden girls heading tea, realistic photography, high detailed ",3098390613
"highly detailed watercolor, beautiful girl with a magic apple, in the forest, nostalgia for a fairytale, magic realism, vivid colors, by charles vess, anato finnstark, cinematic lighting, beautiful face by leyendecker ",494272129
"wrc rally car stylize, art gta 5 cover, official fanart behance hd artstation by jesper ejsing, by rhads, makoto shinkai and lois van baarle, ilya kuvshinov, ossdraws, that looks like it is from borderlands and by feng zhu and loish and laurie greasley, victo ngai, andreas rocha, john harris ",3272895054
"“coloured illustration of 5 Texas rangers, facing away from viewer, by Tom of Finland”",4013095455
"The last day on earth, oil on canvas, intricate, portrait, 8k highly professionally detailed, HDR, CGsociety",3878751231
cartoon of a gpu running while on fire ,3229615559
alex jones starring in lone digger ,4016839109
"hyper realistic portrait, beautifully rendered, luis guzman as dapper fancy luigi wearing a green top hat, green suit and bowtie, smirking deviously, painted by greg rutkowski, wlop, artgerm, dishonored 2 ",1853184096
"melting woman emerging from milk and ferrofluid, kodak portra, 8 k, soft light, fine art portrait photography, flower crown, fashion photography, maxfield parrish, camille vivier, moebius, james jean, yoji shinkawa, odilon redon, gaston bussiere, eugene grasset, janis rozentals ",4104014054
"girl in burgundy patterned snakeskin, long black hair, cave hills biome. highly detailed, digital painting, watercolor, soviet realism, engraving, artstation, concept art, smooth, sharp focus, vivid grunge, manga, illustration, unreal engine 5, 8 k, art by bilibin and kilian eng and kuvshinov and malevich and mucha ",2626420667
"alien encounter captured with a 3 5 mm photography, realistic, flash, pov, slime, veins, wet, 4 k, maximalsm, ultra detaild, 1 9 2 0 period drama by bussiere rutkowski andreas rocha ",2275834145
"a beautiful interior view illustration of a small roasted string hotpot restaurant in yan'an city, restaurant wall paper is a tower on a mountain, rectangle white porcelain table, black chair, animation illustrative style, from china, simple style structure decoration design, victo ngai, james jean, 4 k hd ",1480898678
"dieselpunk mechs doing battle, highly detailed, 4 k, hdr, award - winning, octane render, artstation ",2544108358
"detailed portrait from ryoji ikeda, pencil drawing, intricate details",2077570842
a mallard duck in a business suit. corporate portrait. dslr photo. ,839426649
"people in movie theatre, exterior greenhouse, portrait face, in the style of frantisek kupka, intricate, miles johnston, keita morimoto, kuroda seiki, cynical realism, ozabu, john william godward, painterly, yoshitaka amano, moebius, beautiful lighting, miles johnston, klimt, louise zhang, james jean ",4078316736
"ghostly vertical skeletal figures wreathed in dark smoke, scenic full shot, ambient lighting, detailed face, by goya, stanley artgerm lau, wlop, rossdraws ",2996647284
beach in the style of Ron gonsalves,3571299233
"a photo of a dystopian desert with loots of  Cacti, sandy colours, sandy green, sandy, sandy beige, sobbing sad black silhouette of a person, cantered, by Cyril Rolando, trending on DeviantArt, desolated, dark, 8k resolution, rendered in Zbrush, simplistic",3430616575
fireball shooting from sci - fi spaceship at enemy sci - fi spaceship ,3534326285
"3d infrared octane render concept art by Mo Xiang Tong Xiu, by Igarashi Daisuke, by makoto shinkai, cute beauty cozy portrait anime schoolgirls under dark pink and blue tones, mirror room. light rays. water bellow. pretty realistic face. cute eyes. dramatic light, trending on artstation, oil painting brush",1034760022
"the hot dog queen, 4 k, intricate detailed, jaw dropping, gorgeous, surreal, octane render ",2012767752
"very beautiful angeline jolie, bedroom, bed, eyes, full shot ( fs ), wallpaper, photo, highly detailed, 8 k, bloom, 8 5 mm, full shot ( fs ) ",173579861
"mantis android, futuristic, cyberpunk, angelic, intricate, feminine beauty, high detailed, sharp focus, epic, concept art, digital painting, by simon stalenhag, by bruce pennington, by giger ",1427840571
eye bleach,1059696230
"Trump as Ironman, from Ironman film, hyper realistic",4079510783
"a vibrant portrait painting of a evil necromancer with piercing eyes in fantasy egypt setting, centered, dying earth, darksun, art by frank frazetta, artgerm, michael whelan, chris riddell, greg rutkowski ",1636038983
"dark figure hanging on wall and another dark figure laughing with a horse skeleton by Francisco Goya and Francis Bacon, vibrant red background, mythological painting, oil painting, triadic color scheme, very coherent, Figure laughing seated on a throne made out of a whale skeleton inside interior room, Beksinski painting, masterpiece, artstation",1380278486
"summer swimming party, dark fantasy, photorealistic, octane render",1719083647
"head made of carnations, girl standing in a vast flower field, holding flowers, surreal photography, sunrise dramatic light, impressionist painting, colorful clouds, large sky, digital painting, artstation, simon stalenhag, flower face ",1755476315
urso usando máscara veneziana,3964202518
"a rabbit detective sitting on a park bench and reading a newspaper in a victorian setting, cartoon ",1866265006
cutest kitten in the universe,2279254783
natural large sustainable cob house clay multiple stories fantasy grand epic tall in the woods dream home digital photo 8 k ,3591484792
"an anime portrait of charlie day as a blacksmith, outside workshop, anime soft shaded, studio ghibli, smooth, clean lines ",1410749437
"stunning illustration of a dead meme being lifted to valhalla, by victo ngai, kilian eng vibrant colors, dynamic lighting, digital art, winning award masterpiece, fantastically beautiful, illustration, aestheticly inspired by beksinski and dan mumford, upscale with simon stalenhag work, artstation, 8 k ",334947350
"the moon. highly detailed, digital painting, watercolor, soviet realism, engraving, artstation, concept art, smooth, sharp focus, vivid grunge, manga, illustration, unreal engine 5, 8 k, art by bilibin and kilian eng and kuvshinov and malevich and mucha ",1933207434
"stunning intricate render white veined marble simplified mechangel mecha demon falling angel Bernini pin-up cut cracked rock by Gil Elvgren, Katsuhiro Otomo, Greg Tocchini, Tomer Hanuka, Hiroshi yoshida, Alphonse Mucha, Kintsugi, trending artstation, hyperrealism, matte painting, very fine detail, 8k, rendered in Octane",553131378
"pop surrealism, lowbrow art, realistic seductive geisha painting, japanese street fashion, hyper realism, muted colours, rococo, tom bagshaw, trevor brown style, ",1834655372
"( ( ( mona lisa ) ) ) sitting on a reflective sphere in a mountain landscape rendered in bryce 3 d, art by salvador dali and yves tanguy, ray - traced, water ripples, atmosphere, depth of field, vibrant color, trending on artstation, ultra high detail, ultra realistic, cinematic, focused ",613182420
"interior of the grand budapest hotel, highly detailed, cinematic lighting ",3097702195
monster under my bed,3765191679
"a cat with tentacles as hair, trending on artstation cgsociety, masterpiece, highly detailed.",325912469
"portrait of beautiful young woman dressed gladiator with helmet and armor, color photograph by paolo roversi ",2089540474
"movie poster!! [ scarlet witch emanates magic from her hands ]!! elizabeth olsen cast, trending on unsplash, 4 k photorealism, 4 k quality ",1455985418
"huge cream fluffy soft cloud heart on blue clear sky, detailed, hyper realism, photo, realistic, soft volume absorbation, volume light, view up, diffused lights, ultra realism, cinematic, film ",1429250988
"realistic detailed portrait of a handsome futuristic captain in some element of vikins cyberpunk armor, sleak minimal elegant design by moebius, jodorowsky, alphonse mucha, ayami kojima, amano, greg hildebrandt, and mark brooks, male, hero, sexy masculine, art nouveau, cyberpunk, neo - gothic, gothic, masterpiece artwork, character concept design, ",4035317766
"portrait of a white panter with a very long fur and wizard hat, fantasy, trending on artstation, heroic pose, illustration, highly detailed, simple, 8k",3623760127
"black and white complex 3d render of 1 beautiful profile woman porcelain face, vegetal dragon cyborg, 150 mm, sinuous flower stems, roots, leaves, fine lace, maze-like, mandelbot fractal, anatomical, facial muscles, cable wires, microchip, elegant, highly detailed, black metalic armour with silver details, rim light, octane render, H.R. Giger style, David Uzochukwu",1627786751
hyperrealist interior shot from howls moving castle ( 2 0 0 4 ) of a grey monk shaking hands with a scientist. jungle stonehenge. bubble. cartoon depth of field. ,3878234693
"attractive men, dnd, fantasy, painting by gaston bussiere, craig mullins, j. c. leyendecker, tom of finland ",1031430439
" A three color offset photography of an hybrid object that combines contemporary art, magical ethnographic artifacts, and (((modernism))), exhibition, collection, 4k, museum, 60s style",870885398
"2 0 century fox painting of pepe the frog in the rays if light, 8 k ",2146577844
fine art oil on canvas painting. two women in a vast castle lobby wearing fine clothes. dark room with light coming through the right side of the place. by rembrandt harmenszoon van rijn. ,4150195363
refined gorgeous blended oil painting with black background by christian rex van minnen rachel ruysch dali todd schorr of a chiaroscuro portrait of an extremely bizarre disturbing mutated man made of still life flowers and rubber insects with shiny skin acne dutch golden age vanitas intense chiaroscuro cast shadows obscuring features dramatic lighting perfect symmetry perfect composition masterpiece ,784985756
涼 宮 ハルヒの 憂 鬱 、 アニメ 、 - n 4 ,2108837743
painting of a james turrell artwork by thomas cole ,1650708458
"beautiful porcelain ivory woman biomechanical cyborg, elegant haute couture, iris van herpin, laser cut foliage mesh, headdress with daisies, colorful puffballs, mushrooms, rhizomorphs, brackets, sponge corals, red plump lips, hyper detailed, ultra sharp, soft light, 8 k, uhd ",2012926046
photo of mysterious hybrid mythical animal unidentified species ,3169876686
"symmetry!! brown skin man egyptian prince holding scepter of power, solid cube of light, hard edges, product render retro - futuristic poster scifi, lasers coming from eyes, brown skin man egyptian prince, intricate, elegant, highly detailed, digital painting, artstation, concept art, smooth, sharp focus, illustration, dreamlike, art by artgerm ",3498041586
"portrait photo still of real life butters stotch, 8 k, 8 5 mm, f. 1 4 ",2916736163
"vintage analog product photography of a black polished leather teddybear, 70s design, bright red, studio lighting, film grain, lensflare, color bleed, glare",218772095
"muddy rocks, intricate, elegant, highly detailed, vivid colors, john park, frazetta, sparth, ruan jia, jeffrey catherine jones ",3603762779
a family of bagels is about to eat thanksgiving dinner. ,2862906808
"a toaster in the style of a tent, product photo",3891173631
photo of slavoj zizek eating 1 2 foot italian sub on the witness stand in a courtroom drama ,4291021013
"a baroque close - up portrait of a fantasy shark shaman goddess wearing facepaint and a colorful laser eyes, holding a bird. black background. studio lighting, big eyes. highly detailed science fiction fantasy painting by norman rockwell, moebius, frank frazetta, syd mead, and sandro botticelli. high contrast. renaissance masterpiece. artstation. ",1583877775
"anime key visual of wanderer above the sea of fog 1 8 1 8 but figure is anime maid in armor set in grimdark fantasy, in the style of jamie wyeth james gilleard edward hopper greg rutkowski acrylic painting, oil on canvas, preserved museum piece, historical ",443872955
"movie still of gal gadot, cinematic composition, cinematic light, criterion collection, by gaspar noe ",941713265
"loneliness, city, pink, blue, artwork, depth of field ",2289205549
"Distorted god knight in scarlet robe with giant sword, dark fantasy, intricate, highly detailed, smooth, artstation, painted by Wayne Barlowe, Greg Rutkowski, zdislav beksinski, Francis Bacon ",2209251071
hyper minimalist logo of an occult eye symbol ,4071831259
"cult of technology, exterior, scifi, machines, artificial intelligence!!, ultra realistic, highly detailed, brain in a vat!!, futuristic landscape, citadel, industrial, city, atmosphere, highlighted, cinematic, art by jan urschel and neil blevins ",2515458476
"a image of george floyd holding his knee on the officer that killed him. somehow there is no looting a rioting and the world is at peace. hyperrealism, 8 k, ",1414539510
"a portrait of an anthropomorphic cyberpunk rockstar chimp singing into a microphone on a stand by sandra chevrier, by jon foster, detailed render, tape deck, epic composition, cybernetics, 4 k realistic, cryengine, realistic shaded lighting, sharp focus, masterpiece, by enki bilal ",1841261899
cut - sheet with markings and instructions for a paper - craft owl ,763678475
trees growing in the street of a big city,551483544
"Ernie Johnson as a GTA V character, highly detailed",2770889983
"toyota sprinter trueno 3 door gt - apex with popup headlights, cinematic, nikon d 7 5 0, long exposure, white balance, 8 k, led, lumen global illumination, fog, ray tracing reflections, fxaa, rtx, post - production ",2852620632
"photo polaroid of a sad and lonely child in a white coat and barefoot stands in the middle many big tents of field hospitals, pandemic, covid, loneliness, black and white ,photorealistic, 35mm film,",3398311679
"the first cat - girl cosmonaut leaving her footprint on mars, documentary film by space - x, nasa and roscosmos, highly detailed, rim light, cinematic lighting, very coherent, cinematic, hyper realism, photo documetalism, furry, high detail ",1947297714
"a scientst-fox wearing a lab coat in the lab discovering new chemicals, cartoon, high detail",395176863
zorah magdaros boss of monster hunter world iceborn worldboss guild raid digital painting bioluminance alena aenami artworks in 4 k design by lois van baarle by sung choi by john kirby and artgerm style pascal blanche and magali villeneuve ,2487507192
"closeup portrait of a young mia kunis as cleopatra, palace background, dramatic light, gorgeous view, depth, high detail, digital art, painted by greg rutkowski, trending on artstation ",700772772
Van Gogh painting of the fall of the Berlin Wall,15342341
"A screenshot from the anime film by makoto shinkai in a character's bedroom, the front view of a small bookshelf with many well-read mangas, little toys, pencils and books",3027855103
rocket league in real life,1458896537
"a blurry closeup picture of woman's skin gripped tightly, female bodies, hands, dripping wet, macro photography, long exposure photograph, surrealism, anamorphic bokeh, cozy, soft light, cyan and orange, caustic, atmospheric fog, octane render, cinematic ",3644499982
"a detailed portrait of a pirate woman with blue hair, by justin gerard and greg rutkowski, digital art, realistic painting, very detailed, fantasy, dnd, character design, trending on artstation ",4285601567
"school girl sitting in the school bathroom - dramatic cozy poster by wlop and okuda genso. featured on pixiv, anime aesthetic. pixiv, warm aesthetic, rays of light, volumetric light, artstation, vanitas, official art, gothic, noise film photo. octane render, redshift render, ue 4 ",4237867516
"violet evergarden, intricate, sharp focus, illustration, highly detailed, digital painting, concept art, matte, art by ruan jia and wlop and greg rutkowski, masterpiece ",1740878837
1 9 8 6 movie film still scene of jim carrey as yoda ,3319094838
msn earthworm meme,2899096953
"a curvy pale goth goddess wearing an elegant modest tight shiny red-silver striped latex high-neck dress, cgsociety, photorealistic, sublime-cool-hot-hyperadvanced-dark ambience, 16k, smooth, sharp focus, trending on ArtStation, volumetric lighting, fully clothed, thin waist",3437076344
"hyper realistic dwayne johnson wearing arctic clothing, riot gear, in snow storm, apocalyptic, trending on artstation ",1878913667
vaporwave clown,3463097876
"a woman armour made out of spider silk by ayami kojima, full portrait ",911290037
kevin from movie home alone sitting in a basement and all body covered by spider webs,2423376895
"oil sci fi painting of human colony on planet mars in glass dome, octane rendering, trending on artstation, by, studio ghibli, michael whealan and james gurney ",2122365710
"a film still portrait of goth girl, finely detailed features, perfect art, trending on pixiv fanbox, painted by greg rutkowski makoto shinkai takashi takeuchi studio ghibli, akihiko yoshida, ",3140704069
"a phone screen shattering, digital painting, impressionistic, surreal, Juxtapos, masterpiece, dramatic",1258265942
"masterpiece concept art, a beautiful highly detailed sci - fi lady on wheelchair, artist of 2 2 nd century, cinematic moody colors, realistic shaded lighting poster by ilya kuvshinov, magali villeneuve, artgerm, jeremy lipkin and michael garmash and rob rey ",794455358
"portrait of a woman wearing cyberpunk fashion in a scifi city, high detail, crisp shading, in the style of greg rutkowski and alphonse mucha and andree wallin ",1558286220
"holding smartphone, apple iphone smartphone, vogue magazine, greg rutkowski, john singer argent, anime, trending on artstation, intricate ",1862557221
"mercy from overwatch, radiant light, caustics, by boris vallejo, gaston bussiere, bayard wu, greg rutkowski, giger, maxim verehin ",133563725
"lauryn hill as a tribal african warrior leading an army of warriors, in the style of the 3 0 0 comic book look by frank miller ",611032930
"dreamlike luxury stunning mad fairy portrait, pale turquoise and gold kimono, art by artgerm, wlop, loish, ilya kuvshinov, 8 k hyperrealistic, hyperdetailed, beautiful lighting, detailed background, depth of field, symmetrical face, frostbite 3 engine, cryengine, ",1396738103
" Titanium Rebellion as an Apex Legends character digital illustration portrait design by, Mark Brooks and Brad Kunkle detailed, gorgeous lighting, wide angle action dynamic portrait ",2054211193
"a young male gamer sitting in gaming chair wearing a hoodie + neon rgb light strips, large computer monitor, galaxy themed room, cute bernedoodle puppy sitting at his feet, 4 k, award winning, octane render, volumetric lighting ",3814865996
"Guy who fart while watching TV, junk foods, by Philippe Vuillemin",3679970527
"wracked combat robot, style by jacek yerka ",2674752625
"rock hudson playing superman in 1 9 7 8, superhero movie ",3764448372
"male magician with magic symbols hovering around his body standing in front of a draconian monster in a mountain with lilacs on the floor, by final fantasy, inspired by final fantasy, by charlie bowater, realistic, highly detailed, trending on artstation, 4 k, ultra detailed, soft light ",1194712263
"tilt-shift photography of a man sitting on the rim of a coffee mug, 8k, ultra realistic, render",2840787200
linus tech tips fights spaghetti ghost ,4001525343
an ultra high definition birds eye view photograph of a man typing on fried eggs,4260451581
"photo environement cyberpunk bedroom : 4, 4 k rtx hdr volume light concept studio matte painting environement digital illustration style cyberpunk 2 0 7 7 artstation artur tarnowski, mihai muscan, marcin tomalak, marta leydy, marcin stepien, charlotte hughes, zuzanna dabrowa neon bioluminiscence ",120440438
sauron painted by hieronymous bosch ,1715150127
hooded computer hacker baking a pie,3106404528
raccoon Ralof sitting in a cart Skyrim intro,3983138559
"film still of Stevie Wonder Rollerskating in the new Boogie Nights movie, 8k",2936568023
miku in superhot ,2087764495
"amy bruni looking beautiful 1 8 0 0 s vintage photo, candid photo, 8 k, ",2683435959
"portrait of Laetitia Eido as an Aztec queen, wearing traditional Aztec garments with feathers, looking at the camera, highly detailed",1563597979
"man, red hair, black jacket, curly hair, fullbody, Caucasian, short hair,",252826568
"a single colorful! ( lovecraftian ) fungus tower white! clear empty sky, a high contrast!! ultradetailed photorealistic painting by jan van eyck, audubon, rene magritte, agnes pelton, max ernst, walton ford, andreas achenbach, ernst haeckel, hard lighting, masterpiece ",3612770341
"gorden freeman portrait, v - ray, ray tracing, global illumination, octane render ",1833842798
"3 d head shot intricate portrait of the face of a beautiful princess mixed with skull and jellyfish and surrounded by smoke and water energy flow. translucent nautilus, highly detailed. octane render, excellent composition, by wlop, tooth wu, greg rutkowski, beeple ",38847500
"cthulhu of your nightmares, towering over you with glowing eyes, water dripping, highly detailed concept art painting, digital art, trending on arstation, by greg rutkowski and ismail inceoglu ",3814048000
"achilles made of soft translucent wax, wooden art nouveau swirls, strong subsurface scattering, colored smoke, gold cables, subsurface scattering, in the style of ruan jia and mandy jurgens and beeple and giger, subsurface scattering, mystical colors, back light, rim light, dramatic lighting, 8 k, stunning scene, raytracing, octane render, trending on artstation ",373186193
"rei ayanami, deep space, seascape, grimes, silver hair, shikinami asuka langley, card captor sakura, bunny ears, cosmos, psychedelic flowers, black opal, rainbow aura quartz, organic, oni compound artwork, of character, render, artstation, portrait, wizard, beeple, art, fantasy, epcot, psychedelic glitchcore ",72647525
"fantasy with earth forest and meadow magic, at gentle dawn pink light, cinematic lighting, volumetric lighting, smooth, sharp focus, highly detailed, render in unreal engine 5, artstation, deviantart, behance, trending,, epic composition, hd, octane, unreal engine, volumetric lighting, light rays, masterpiece, award - winning ",2367673653
"hyper realistic matte painting of astronaut on the moon sitting on concrete bench in the foreground, back to the camera, reading book planet earth visible above horizon, back lighting, highly detailed, trending on artstation, concept art, art by jan matejko ",2985003682
clouds of billowing smoke coming out of a bottle,3575815882
"futuristic cyberpunk reichstag Germany, futuristic digital painting, concept art, skyline in back, in the style of Ralph Mcquarrie, warm lighting, trending on artstation, high detail, sci fi, bright colours, vivid colours",1797164987
"zelensky and erdogan as southpark characters, tv interview, official, ukraine and turkey ",178022946
"8 k poster art from the modern arcane supernatural goetic horror thriller anthology series / cliffs and coves /, by david mattingly and samuel araya and michael whelan and dave mckean and drew struzan. realistic matte painting with photorealistic hdr lighting. composition and layout inspired by gregory crewdson and brendon butcher and christopher mckinney. ",2610817300
"widebody all black audi camaro b 9 ( 2 0 2 0 ), need for speed : carbon, at night, sci - fi, neon lines, phonk music background, smoke behind wheels, noise, dark, establishing shot, by simon stalenhag ",1536768579
"a beautiful friendly vintage joker, portrait, perfect symmetrical eyes, cinematic by peter mohrbacher, detailed, hyperrealism ",210383145
"3 5 mm photo of metallic blue 1 9 9 1 jetta like hot wheels model with mexico city as background, epic cinematic, epic lighting ",1501362041
"if tuvok and nelix had a baby, star trek, voyager, portrait, detailed, artstation ",2489011792
"portrait, fursona, dragonkin, genderless knight ",3899317354
"A waitress serves food and drink to a group of tavern patrons. Fantasy anime, digital art by WLOP. The waitress is cute and short with long black hair.",961538934
"neymar, studio setting ",477935821
"portrait of an ancient human species neanderthal muscular hairy man, by bouguereau, norman rockwell ",2648899349
"centered horrific detailed side view profile portrait of michael jackson, ornamentation, thorns, vines, elegant, beautifully soft lit, full frame, by wayne barlowe, peter mohrbacher, kelly mckernan, h r giger ",1403207661
"echo from overwatch, blue hologram face, character portrait, portrait, close up, concept art, intricate details, highly detailed, vintage sci - fi poster, retro future, in the style of chris foss, rodger dean, moebius, michael whelan, and gustave dore ",4275954488
"woodcut alien forest mandala, hyper realistic, ultra detailed, epic, rococco, filigree, octane, unreal engine, 3 d render # unreal engine ",3206665924
"an cyberpunk maglev train riding though a massive cityscape at dawn, gorgeous lighting and metallic reflection, eurostar, maroon and blue accents, 8k, high detail",2612752628
"still of the survivors of a disaster film by James Cameron, IMAX HD, 2003 cinematography",2506907
"kitsune goddes laying in the sky, fluent composition, red and white neon, concept art, ambient light, 4 k, intricate details, highly professionally detailed, cgsociety, highly detailed - ",3949711076
"a cyberpunk astronaut, halfturn portrait of a big crystal face made of crystals half - turn,, full face frontal centered, ultra detailed, complementary colors, soft glow by nixeu and guweiz weta, sleek curves, intricate sharp focus, trending on artstation hq, deviantart, pinterest, unreal engine 5, ",2256907252
"Kodak Portra 400, 8K, soft light, volumetric lighting, highly detailed, portrait photo of a Filthy Frank by WLOP, the face emerges from a lava flowing gold travertine terraces with lotus flowers, inspired by Ophelia paint , blue shirt and hair are intricate with highly detailed realistic beautiful flowers , Realistic, Refined, Highly Detailed, ethereal lighting colors scheme, outdoor fine art photography, Hyper realistic, photo realistic, masterpiece",3241453741
corgi face enamel pin ,1860464901
Greta Thunberg in a lightsaber duel with Donald Trump,1222984272
"A glowing electrical Steampunk train in a victorian museum, james gurney, cinematic lighting, lots of steam and sparks, wires made of copper, artstation, vibrant nature, Tuomas Korpi, tekkon kinreet, volumetric light, artstation, , octane render, redshift render, low angle camera, rich deep moody colors",2747555645
"a samurai fighting the mongols, as daguerreotype photo",4035663989
"a portrait of a strange sci fi fauna creature design by neville page, ken barthelmey, sharp focus, trending on artstation, cinematic lighting, hyper realism, octane render, 8 k, hyper detailed, vivid, ultra detailed, highly detailed, zbrush, concept art, creature design ",826444866
"epic professional digital art marmot wizard wearing iridescent robes in apothecary lab with pale light through upper windows, faint ambient light, painted, magical, mythic, detailed, intricate, leesha hannigan, wayne haag, reyna rochin, ignacio fernandez rios, best on artstation, cgsociety, epic, stunning, gorgeous, much wow, cinematic ",3328153810
landscape! oil painting!! of the oceanic floor!! algae forest!! by thomas hill ,8612809
symmetrical bat sticker ,2974930560
"beautiful lingerie model, head and upper body focus ",780412070
"head and shoulders portrait of an armored fire giant, d & d, fantasy, greg rutkowski, frank frazetta, alexandre chaudret, boris vallejo, michael whelan, miro petrov, magali villeneuve, donato giancola ",1115373139
"minimalistic aquarell painting of a monkey, white background",643841023
" Watermelon as military vehicle with epic weapons, launching rockets on a battlefield, russian city as background.  Concept digital  art in style of Caspar David Friedrich, Less watermelon more military vehicle, epic RTX dimensional dramatic light",422262240
"portrait of young robert smith as a zombie, 7 days to die zombie, fine art, award winning, intricate, elegant, sharp focus, cinematic lighting, highly detailed, digital painting, 8 k concept art, art by guweiz and z. w. gu, masterpiece, trending on artstation, 8 k ",3962183312
scarlett johansson as galadriel ,550472184
dio,1421925386
"analog medium format bokeh portrait in new york, 1 9 6 0 s, dreamy, photographed on expired film, detailed photograph ",3104209730
"colossal bones - like husk creature cosmic moon god setting over vast purple red yellow green landscapes, gerald brom, phillipe druillet, moebius, dan mumford ",2676499510
"A pigeon programming on a computer, watercolor",1968024683
vertical sundown flowers ,867499532
transparant glowing Rubik's Cube,3218432969
Greek Marble Statues doing Daily Chores while laughing histerically,70422127
"perfectly - centered - portrait of a kid wearing black cloak holding light saber, intricate, highly detailed, digital painting, artstation, concept art, smooth, sharp focus, illustration, unreal engine 5, 8 k, art by artgerm and greg rutkowski and alphonse mucha ",3259234899
"john lennon! as nendoroid and white pigeons of peace, kodak film ",2661120851
"pfp portrait highly lifelike cyberpunk bounty hunter in tribal adornments wide hdr whole infinite capsule apparent with awe an idea seep's into infinity, face axonometric mechanical fantasy intricate elegant, in void of latent space, volumetric lighting 3 d modelling h 5 1 2 ",1120157441
"composition of gothic and futuristic, warhammer, cyber fight japan style armor, more and more scars, thunderstorm, firestorm, blue - orange head, some green and purple, yellow, the middle ages, highly detailed, artstation, in the style of moebius, jugendstil and classic japanese print, art by by rene magritte, jean delville ",514217691
"a portrait of a cute happy tiny black chibi dragon in a nest, black eyes, artstation, by magali villeneuve, depth of field, beautiful lighting, pastel colors, bokeh, fantasy art ",3700760598
"ultra detailed illustration of Kermit the Frog covered in a sea of iridescent liquid by nekro, Karol Bak, colorful, vivid colors, 8k, coherent, anime vibes, uplifting, magical composition, artstation, synthwave, 8k, coherent, artgerm, uplifting, unreal engine, magical composition, artstation",3392175216
"bad omens, beyond the horizon, just one gaint very lonely floating magnificent tetrahedron spacecraft, on which mystical symbols glowing!! symmetry!! dark night. medium long shot. grey blue. sharp edges. octane render, ultra clear detailed!! digital art by stanley artgerm lau, greg rutkowski, thomas kindkade, alphonse mucha ",601999811
"an ultra detailed black and white matte painting of the palace district high above the city on a massive column of stone, one impossibly tall black spire in the center that touches the clouds, ultrawide lense, aerial photography, volumetric lighting, exquisite detail, octane render, 8 k postprocessing, art by brandon sanderson and robert jordan ",2075209174
"portrait of a fantasycore glitchcore skull in a helmet. intricate abstract. intricate artwork. celestial. immaculate, by dan seagrave, beeple, dan mumford. octane render, CGSociety very coherent symmetrical artwork. cinematic, hyper realism, high detail, octane render, 8k, iridescent accents",2825068683
water falling with the shape of a guitar ,4110980933
"full body digital painting of ajustin bieber as a king seraphim knight, in a pearl armor magicpunk chrome body sculpted intricate armor. big medium small details, reflect 8 k uhd, unreal engine, octane render in the artstyle of finnian macmanus, john park and greg rutkowski ",2312069179
"full body portrait of Vecna from stranger things in the upside down, dynamic lighting, photorealistic, fantasy concept art, ambient lighting, atmospherical, stunning visuals, creative, cinematic, ultra detailed, trending on art station",229126922
"symmetry!! stunning portrait of brad pitt, by victo ngai, kilian eng vibrant colors, dynamic lighting, digital art, winning award masterpiece, fantastically beautiful, illustration, aestheticly inspired by beksinski and dan mumford, upscale with simon stalenhag work, artstation, 8 k ",2820635236
"Jimmy Page playing guitar with Adam Jones on large outdoor stage, high def, 8k",4183607423
"a ultradetailed beautiful half body painting of a stylish samurai woman, by conrad roset, by greg rutkowski and by makoto shinkai trending on artstation ",4193208368
"portrait of a rockabilly young woman with a crooked nose and a confident expression, 1 9 9 0 s, punk rock clothes, punk, rockabilly hair, funky, intricate, elegant, highly detailed, digital painting, artstation, concept art, smooth, sharp focus, illustration, art by wlop, mars ravelo and greg rutkowski ",1539397356
"hyperdetailed mei from overwatch as a disney pixar character, hd texture, beautiful 3D render, 8k, octane render, soft lighting, in the city, sharp focus, hyperrealistic, golden hour",2454972101
"female immigrant poor beggar on the streets, ultra detailed fantasy, dndbeyond, bright, colourful, realistic, dnd character portrait, full body, pathfinder, pinterest, art by ralph horsley, dnd, rpg, lotr game design fanart by concept art, behance hd, artstation, deviantart, hdr render in unreal engine 5 ",4123745553
minions flying on a plane made out of a banana ,3897973689
"epic professional digital art of stunningly gorgeous redhead canadian female starship bartender in futuristic dress by leesha hannigan, iris van herpen, artstation, cgsociety, wlop, epic, much wow, much detail, gorgeous, detailed, masterpiece ",2440119270
boogie man. surreal art. bizarre ,795514111
"woman with brown hair smiling, by sophie anderson ",2538459908
"a picture of a giant bear pulling a towed canon on wheel, eastern front, ww 2, historical picture ",3131269108
"a spiritual awakening by Raphael, Hopper, and Rene Magritte. detailed, romantic, enchanting, trending on artstation.",2316582482
"[--height 512] [--width 1024] a forest with sunlight shining through the branches of trees, a river flows through with a deer drinking the water, a golden eagle flying over the river 4k",2224885247
Kathy Griffin has a mohawk now and is too cool to talk to you,2601219867
"ornate intricate, ghost in the machine , by Emil Melmoth, Mikhail Vrubel, Luis Ricardo Falero , high detail, cinematic",3585357993
"the pain of the world, vivid colors, neon, art by ( ( ( kuvshinov ilya ) ) ) and wayne barlowe and francis bacon and artgerm and wlop and william - adolphe bouguereau ",1508298800
"a gorgeous victoria's secret super model with very green skin like she hulk, in a bikini at the beach, naughty, gorgeous beautiful feminine pretty face, green skin, beautiful detailed artwork by artgerm, rutkowski, dale keown and alex ross, cinematic summer lighting ",1529999608
"a perfect, realistic professional digital sketch of a Japanese schoolgirl posing, in style of Marvel, full length, by pen and watercolor, by a professional American senior artist on ArtStation, a high-quality hollywood-style sketch, on high-quality paper",2437258064
"A cute wakfu-style frontal painting of a very very beautiful anime skinny mousegirl with long wavy brown colored hair and  small mouse ears on top of her head wearing a cute black dress and black shoes looking at the viewer, elegant, delicate, feminine, soft lines, higly detailed, smooth , pixiv art, ArtStation, artgem, art by alphonse mucha Gil Elvgren and Greg rutkowski, high quality, digital illustration, concept art, very long shot, sea of thieves illustration",865520895
"hattori heiji, pen and ink, intricate line drawings, by craig mullins, ruan jia, kentaro miura, greg rutkowski, loundraw ",1413992948
"the incredible shrinking man living in nano world, painted by gret rutkowski and thomas kinkade, trending on artstation ",3978420060
"un dia de paz! kat dennings, arte koto no ha no niwa, makoto shinkai, moebius, milo manara, hugo pratt, french comic art, semi - realistic anime, portrait, beautiful face, symmetrical face, trending on pixiv, detailed, clean lines, sharp lines, crisp lines, award winning illustration, masterpiece, 4 k ",4251884336
seamless concrete wall texture ,3861406630
"The gate to the eternal kingdom of dwarfs, fantasy, digital art, HD, detailed.",3475658321
"Castle with tall spires, flying airships, and a giant magical portal in the style of Ghibli, Hayao Miyazaki, Stylized, Highly detailed, Digital painting, Artstation,",408228063
"a cat doctor holding papaya in hospital. digital art. artstation. realistic. vibrant. illustration. in the style of pixar movie. octane render. in the style of makoto shinkai, stanley artgerm lau, wlop, rossdraws. volumetric lighting. ",2665397256
"milt kahl sketch of victoria justice with done up hair, tendrils and ponytail as princess padme from star wars episode 3",3954768741
"mythical glowing orbs on bridges through lush valley, ( ( ( synthwave ) ) ), ( ( fractal waves ) ), bright neon colors, highly detailed, cinematic, tim white, michael whelan, caza, bob eggleton, philippe druillet, vladimir kush, kubrick, alfred kelsner ",3066332247
"2 d character design, female rapper, vector art, digital art, portrait, 4 k, 8 k, sharp focus, smooth, illustration, concept art, music artist ",1105324608
onion face crying big tears pastel oil painting,2853110029
"Autochrome photograph of a princess with long brown hair sitting under a tree, wearing a ceremonial royal gown, vintage, 1930s, film grain, trending on pinterest, shot from afar, pre raphaelite, contemplative expression, john waterhouse, Julia Margaret Cameron, John Everett Millais",2278366975
"movie poster for banned media titled \'Gremlins 3 New World Order\', directed by Joe Dante, Nathan Fielder, Groucho Marx and REDACTED | text reads \'Gremlins 3 New World Order\' | Gremlins 3 movie poster",2377487359
"a some people waiting in a lone bus stop in quiet dark city night by william adolphe bouguereau, high quality, high resolution,detailed",3410065407
"Desolate landscape with menacing castle atop dark hill, cosmic beast flies overhead, oil painting, hyperrealistic, moonlit cinematic lighting",1770812502
"photograph of political commissar alexey yeremenko, vintage war photograph, famous photo ",1729617860
"a jackalope, jackrabbit with the antlers of a deer bigger than a building. Menacing. Soulless eyes. Monster. Eldritch. By Greg Rutkowski. By Marc Simonetti. C. M. Kosemen. Masterpiece. Award winning artwork. Cgsociety",1704447173
a portrait of mouse by DaVinci,414820695
une rue de paris vide en 1 9 2 0 ,2936754646
"face icon stylized minimalist bleach, loftis, cory behance hd by jesper ejsing, by rhads, makoto shinkai and lois van baarle, ilya kuvshinov, rossdraws global illumination ",2574985407
top down game level ,314085830
"a stunning GTA V loading screen with a beautiful woman with ombre hairstyle in purple and pink blowing in the wind, tanktop and skirt, aviator sunglasses, city streets, digital art, trending on artstation",2038013686
"hooded figures. zdzisław beksinski. many faces, masks, heads. surreal landscape, clashing color scheme. precisionism, creepy, array, repeating, endless tower, divine presence, aura, infused with magic and power ",2755914517
"beautiful goddess by zdzisław beksinski, iris van herpen, marc simonetti, and alphonse mucha, detailed, photorealism, beautiful ",1289308154
"spiderman cracks from a spider egg, web, cave, moonlight, intricate, elegant, highly detailed, centered, digital painting, artstation, concept art, smooth, sharp focus, illustration, artgerm, tomasz alen kopera, peter mohrbacher, donato giancola, joseph christian leyendecker, wlop, frank frazetta ",87946955
"thin male scientist, long dark hair, silver, 1 9 2 0 s fashion, fantasy, art by joseph leyendecker, donato giancola, dean cornwell, peter mohrbacher, ruan jia, marc simonetti, ayami kojima, cedric peyravernay, thomas kinkade, victo ngai ",4053098297
"a photo of 8k ultra realistic dalek wedding, cinematic lighting, trending on artstation, 4k, hyperrealistic, focused, high details, unreal engine 5, cinematic, masterpiece",3942768586
"a beautiful portrait photo of Aloy from Horizon Zero Dawn, cinematic masterpiece",40225826
"hairy monster in laboratory clean room, photolithography, yellow artificial lighting, photorealistic, movie shot",1536983935
"mutliple beautiful anime waifus, by artgerm, 8k",390754527
"a park with many marble statues, unreal engine, ",2082213295
"portrait of cute baby white fluffy seal 🦭, in the style of zootopia, disney, by jessica rossier and brian froud. volumetric light, artstation, concept art, 8 k, high detail, perfect, sharp focus ",1105957405
"raoul marks and hieronymus bosch and basquiat painting of all the afro music movement as the garden of earthly delights, urban nyc themed, rap and hip hop culture, latin culture, brasilian music, tropical urban ",969836658
"blue gem of the seashore, front view, concept art, black background, dark fantasy ",4099073477
"natalie portman, sorcereress, lord of the rings, tattoo, decorated ornaments by carl spitzweg, ismail inceoglu, vdragan bibin, hans thoma, greg rutkowski, alexandros pyromallis, perfect face, fine details, realistic shaded ",219776152
"the platonic ideal of slime mold monk of cletus kasady ultimate carnage thanos dementor doctor manhattan chtulu nazgul, detailed, intricate, hyperrealism, intense, scary, decay, dmt, art by brock hofer and artgerm and greg rutkowski and alphonse mucha ",961143562
"high quality photograph of a city at night, people walking, nice place to live, skyscrapers, midrise buildings, narrow streets, soft red street lamps, small windows, trains, cozy, artstation hq, detailed, beautiful, dynamic, repeating pattern, photograph, realistic ",276766174
"geisha with traditional kimonogeisha with traditional kimono, art of the edo period, traditional japanese illustration ",490951396
"digital portrait of sephiroth, low angle shot, intricate, elegant, highly detailed, digital painting, artstation, concept art, smooth, sharp focus, illustration, art by artgerm and ayami kojima, 8 k ",1121696833
"pop surrealism, lowbrow art, realistic seductive drowning in blue water geisha painting, japanese street fashion, hyper realism, muted colours, rococo, tom bagshaw, trevor brown style, ",632202790
"Pete Davidson!!! walking a kangaroo, photo",945832221
"old photo of native filipinos fighting off aliens, detailed intricate illustration, dark atmosphere, detailed illustration, hd, 4 k, digital art, overdetailed art, complementing colors, trending on artstation, deviantart ",4039152983
"A flaming forest , flaming leaves,Magma,flame stones are scattered, flame ferns, flame shrubs, huge flame Fantasy plant,covered in flame porcelain vine, artstation,by  Jakub Rozalski, Greg Rutkowski,anthony avon ",3252999935
"disease decimating a global population, animals ruling the world, detailed surrealist painting by yves tanguy ",846071282
"biomechanical tank war, ashley wood, beautiful details, photorealistic, 8 k, octane render, explosions, lightning background, sunset, neo tokyo nuclear holocaust background, mist, volumetric lighting, - w 7 6 8 ",1447776318
"the queen amala, painting, pale, wide shot, symmetrical, ",4264566869
"ultra detailed stunning digital painting of a angry japanese anime girl, chrome metal skin, covered in a sea of iridescent liquid, lost in a dreamy oriental realm by Karol Bak, Moebius, hiroshi yoshida, Druillet, xsullo, colorful, front view, vivid colors, 8k, coherent, anime vibes, uplifting, magical composition, artstation, synthwave, 8k, coherent, artgerm, uplifting, unreal engine, magical composition, artstation",2838708459
“exterior shot of a crystalline glass house full of people with translucent yellow mesh tarps in a dense jungle”,2230223095
"Daenarys Targareyn on a dragon in times square, intricate, highly detailed, smooth, artstation, digital illustration by Ruan Jia and Mandy Jurgens and Artgerm and Wayne Barlowe and Greg Rutkowski",2116161023
"a fox meeting a wall-e in mars , pixel art",2004476240
"azctec warrior, elizabeth olsen, detailed perfect face, exquisite details, fire magic, mid view, design on a white background, by studio muti, greg rutkowski makoto shinkai takashi takeuchi studio ghibli ",3441025432
a film still of Kanye West in Citizen Kane (1941),565874047
"The Flintstones eating tamales, animated, by Hanna Barbera",4113009407
"a man, gruesome, gory, 8K highly-detailed photography",2528316899
thomas kinkade draws a scene from the movie predator 2,855950143
"i left the horizon curled and frozen still the tilting of the hourglass with all this time to kill, 8 k digital photo of a cosmic whale shark flying through an intricate luminous gouache nebula background, bryan skerry, douglas hoffman, bob eggleton, ultra detailed, behance contest winner, sharp focus, official art, super cool!!! ",945961269
"woman with red tinted glasses, Ilya Kuvshinov",357689557
oxer,2809855835
"anya taylor - joy wearing a risque outfit made from leaves, half body portrait, greg kutkowski, sharp details, soft lighting, subsurface scattering, pearls of sweat, glistening skin, warm lighting ",1924305523
"jim magazine cover close - up portrait photo : : of a relaxed teen jim carrey wearing a baseball cap, in a crowded times square intersection : : weta, disney, pixar, rutkowski, beeple, feng zhu, artstation, octane render : : detailed polised fine digital painting illustration : : ",1055388228
a painting of abstract buildings like amalfi coast by zaha hadid and yves tanguy and aaron horkey ,397553032
"portrait art of 8k ultra realistic knight, detailed intricate ornate armor made of cherry wood, organic, full of colour, cinematic lighting, battered, trending on artstation, 4k, hyperrealistic, focused, extreme details,unreal engine 5, cinematic, masterpiece, art by ayami kojima",829676799
"portrait, headshot, insanely nice hair style,  digital painting, of a old 17th century, old cyborg merchant, amber jewels, baroque, ornate clothing, scifi, realistic, hyperdetailed, chiaroscuro, concept art, art by Franz Hals and Jon Foster and Ayami Kojima and Amano and Karol Bak,",84934279
"a cinematic photo of  Godzilla playing electric guitar, New York city as backdrop, render, ultra realistic, photorealism, cgsociety",2117735551
"a love affair with doubt, dark retrowave, glitch art, interstellar, beautifully lit, by Mab Graves and Bastien Lecouffe-Deharme and steve argyle, artstation, unreal engine",2607379967
"portrait of cara delevingne intrincate, highly detailed, dim volumetric lighting, 8k,octane,post-processing,digital painting, trending on artstation, concept art, smooth, sharp focus, illustration,by Tom Bagshaw and Daniel Gerhartz and Albert Aublet and Lawrence Alma-Tadema and alphonse mucha",1848855331
pastel colored dinosaur face looks like hairy golden retriever. render vray redshift octane. 4 k cgsociety volumetric lighting ,2663940203
"movie poster for the ancient greek warlock!!!!!!!!!!!! purple magic tentacles in the background, megalophoba, dungeons and dragons artwork, award winning movie poster, concept art, intricate details, by artgerm and leonardo da vinci and greg rutkowski and charlie bowater octane render, 8 k, unreal engine. ",239002881
"A random pointless contraption ((steampunk)) industrial appliance pneumatic machine with no apparent purpose, being operated by a scholarly looking man with a clear directed gaze, artwork by Petros Afshar",1236486875
"crips versus bloods, street war, highly detailed, digital painting, realistic shading, cinematic composition, hdr, photorealistic, 3 5 mm film, concept art, artstation, matte, sharp focus, illustration, official fanart behance hd artstation ",2861854580
"the dawn of the mothership of future existence, in a walmart parking lot in the style of ikeuchi hardware, artstation 4k hd dynamic",1758599516
"a reflective pool that people are entering to cross the universe, golden stair is the centerpiece of an ancient tomb that is surrounded by ancient trees, there are archways, buttresses, and monuments designed by zaha hadid, matte oil painting, science fantasy, retrofuturism, sharp focus, extremely detailed, 4 k ",105778901
"all is red, a red skeleton king with a crown and an hourglass portrait, a red galaxy in the universe in background, in the style of beksinski, parts by edward hopper, parts by wes anderson, parts by yue minjun, intricate composition by de chirico, red by caravaggio, highly quality, highly detailed, masterpiece, red light, artstation, 4 k",9473289
"Samus in the varia suit standing in the middle of a desolate planet, full body shot, wearing her helmet, looking into the horizon, the planet is full of otherworldly natural structures, a moon floats above the horizon, artstation, digital 2d drawing, high detail",4177711707
"detailed potrait of pretty srilankan woman blindfolded with high tec vr headset madeout of vintage radio,, painting by james jean, craig mullins, j. c. leyendecker, lights, art by ernst haeckel, ",3778469729
"technological mitosis, cell shaded, hyperrealism, reflective metallic surfaces, refractive materials, chiaroscuro!!!, minimalism!, maroon highlights, hdr, loose wires, black ooze, cyan lighting, vibrant, by gil elvgren and greg rutkowski and ilya kuvshinov and anton fadeev and giger ",1269849325
"portrait of an elegant alien scorpion woman queen, straight on portrait, by artgerm, tom bagshaw, gerald brom, 4 k, hd, ",168071379
"portrait of a astronaut skeletor, art by ori toor, sticker, colorful, illustration, highly detailed, simple, smooth and clean vector curves, no jagged lines, vector art, smooth ",4254876586
"a beguiling epic stunning beautiful and insanely detailed matte painting of an impossible winding path through enchanted dream worlds with mega structures inspired by Heironymous Bosch's Garden of Earthly Delights, vast surreal landscape and horizon by Cyril Rolando and Natalie Shau and Beksinski, masterpiece!!!, grand!, imaginative!!!, whimsical!!, epic scale, intricate details, sense of awe, elite, wonder, insanely complex, masterful composition!!!, sharp focus, fantasy realism, dramatic lighting",1453317397
"russell crowe with large wide pirate captain hat peering out concerned down to camera from a small glass window in a wooden wall, 1 9 9 0 ",4274794631
"a colorful vibrant closeup portrait of a tall simple caucasian woman with curly mid length brown hair with a calm afraid aesthetic face solarpunk dreamy vibes and dreaming psychedelic hair, by kawase hasui, moebius, edward hopper and james gilleard, zdzislaw beksinski, steven outram colorful flat surreal design, hd, 8 k, artstation ",891604447
"photorealistic soft paint of a curiosities carnival, single young beautiful clown dollpunk in a full steampunk corset snakes haircut, symmetry accurate features, ominous depths, elegance, focus, rainbow lighting, very high details, award winning masterpiece, behance, by tom bagshaw ",465437539
"s shape composition acgn, super beautiful spiral composition, a white haired women with perfect body and a white chinese dragons snuggle togethe, in the mist, pixiv, kousaki, dan mumford, wlop, bright colors ， octane render ",435935978
"Highly detailed portrait of a cyberpunk young lady with, freckles and wavy hair by Atey Ghailan, by Loish, by Bryan Lee O'Malley, by Cliff Chiang, by Greg Rutkowski, inspired by image comics, inspired by graphic novel cover art, inspired by nier!! Gradient color scheme  ((grafitti tag fluffy cushion background)), trending on artstation",134690527
"Full body shot of a cyborg woman, sci-fi, cyberpunk, hyperdetailed, artstation, cgsociety, 8k",123597262
"sith hulk with dark robe and yellow glowing eyes, green lightning, digital art ",3372960016
"circular view of cloud colony, sea of clouds, studio ghibli, pixar and disney animation, science fiction, cyberpunk, sharp, disney concept art watercolor illustration by mandy jurgens and alphonse mucha, pastel color palette, rose and white colors, dynamic lighting ",17537797
"portrait of snow white, highly detailed vfx portrait, unreal engine, greg rutkowski, loish, rhads, caspar david friedrich, makoto shinkai and lois van baarle, ilya kuvshinov, rossdraws, elegent, tom bagshaw, alphonse mucha, global illumination, detailed and intricate environment ",3894627982
"shrek in a heavy suit of armor, giant sword, digital painting masterpiece by rembrandt and mœbius and thomas kinkade and frank frazetta, 4 k wallpaper, comic book art ",1671460083
Destroyed and abandoned hotel in the middle of the Sahara. Early Morning. Sandstorm. Strong winds. Cinematic lighting. Imagined by Hiroshi Yoshida,1723405651
"cute pet rat parachuting from a plane, deep focus, d & d, fantasy, intricate, elegant, highly detailed, digital painting, artstation, concept art, matte, sharp focus, illustration, hearthstone, art by artgerm and greg rutkowski and alphonse mucha ",1265178841
"highly detailed beautiful photo of a madison beer as a young female samurai, practising sword stances, art by koyoharu gotouge, symmetrical face, beautiful eyes, realistic, 8 k, award winning photo, pastels colours, action photography, 1 / 1 2 5 shutter speed, sunrise lighting, ",1564860248
"a sports car, pop art, night life, vector art, race, depth of field, cars behind speed, lights, lens flare, deep focus, d & d, fantasy, intricate, elegant, highly detailed, digital painting, artstation, concept art, matte, sharp focus, illustration, hearthstone, art by artgerm and greg rutkowski and alphonse mucha ",572641375
"concept art, a single exploration spaceship drifting in space, the expanse tv series, industrial design, lost in the immensity of space, spatial phenomenon, space debris, cinematic lighting, 4k, greebles, widescreen ratio, wide angle, beksinski, sharp shapes, maximalist, film grain",3607179519
"john lasseter portrait in renaissance style, by caravaggio ",2384499893
curled perspective digital art of curly brown hair baby girl playing ball with yoda by anton fadeev from nightmare before christmas ,2219064135
"very large giant mutant zombie irradiated ( angry rat ) staying on railways in tonnel of moscow subway. extreme high detail, very realistic. extreme long shot, low dark light, scary mood. hermann nitsch. ",1837748997
"The answer to life, the universe, and everything",720975452
"vintage analog photo of liquid creatures, bioluminescent, translucent, horror, terrifying, extreme close - up, macro, concept art, intricate, detailed, award - winning, cinematic, octane render, 8 k, photorealistic, by hieronymus bosch, basil gogos ",2694691663
"hyperrealistic rendering, epic boss battle, ornate supreme demon overlord, by art of skinner and richard corben and jeff easley, product photography, action figure, sofubi, studio lighting, colored gels ",1479910221
cirno,3793010943
"a cyberpunk strongman lifts a boulder overhead at a construction site on venus, techwear, Industrial Scifi, detailed illustration, character portrait, by Martin Grip and Moebius",2493326591
map of hyborian world in heroic fantasy style,2864001447
"the strange creature, made of milk and metal, we wait in line at the bank, film still from the movie directed by denis villeneuve and david cronenberg with art direction by salvador dali and zdzisław beksinski, wide lens ",85448529
"rocket, brain glued to rocket ",3300603935
"Samson Tower, Auburn AL, photorealistic",3532785902
"a pin up and beautiful fashion dreamlke japan girl with lv jewelry, character art, art by artgerm, wlop, loish, hyperdetailed, 8 k realistic, symmetrical, global illumination, radiant light, frostbite 3 engine, cryengine, dof, trending on artstation, digital art, chanel, dior, detailed background ",1732036526
"A humanoid mosquito, reminiscent of a winged medieval knight. Castlevania style.",2972677377
"cute happy corgi furby, pixar, 3 d render, concept art ",2272898980
"karol bak and tom bagshaw and lecouffe - deharme full body character portrait of the borg queen of sentient parasitic flowing ai, floating in a powerful zen state, supermodel, beautiful and ominous, wearing combination of mecha and bodysuit made of wires and fractal ceramic, circuitry corrupting nature in the background, artstation scifi character render ",3091931252
"dark fantasy character portrait of a handsome slick slim 1940s Investigator wearing a brown trenchcoat and fedora, dystopian mood, intricate, wild, highly detailed, digital painting, artstation, upper body, concept art, smooth, sharp focus, illustration, art by artgerm and greg rutkowski and alphonse mucha",953859931
"Twin Peaks poster artwork by Michael Whelan, Bob Larkin and Tomer Hanuka, Karol Bak of portrait of Taika Waititi & Benicio del Toro dressed as classic sailors, from scene from Twin Peaks, simple illustration, domestic, nostalgic, from scene from Twin Peaks, clean",330663786
retro minimalistic clean fire flames goth patch ,4162263425
"fragile boy from fight club detailed mixed media collage with canvas texture in style of contemporary art, punk art, photorealism, sensual bodies, expressionism, masterpiece, perfect composition, spectacular quality, intricate oil details, broken glass photo, torn paper intricate texture, large cracks, liquid glue spots, dark blue and white chaotic background ",1363745946
"traveler wanderer with a backpack on his back, a man goes through the mountains to meet adventures, cinematic view, epic sky, detailed, concept art, low angle, high detail, warm lighting, volumetric, godrays, vivid, beautiful, trending on artstation, by jordan grimmer, huge scene, grass, art greg rutkowski ",1513446128
"A portrait of Mr. Bean depicted as a medieval king, sitting on a throne, oil painting by Salvador Dali",3337623551
Noel Fielding as Willy Wonka,3339777349
"handsome frog human, prince, muscular, green skin, full body, archer, by greg rutkowski, magic the gathering, trending on artstation, 4 k ",149513711
"a futuristic rusty old spaceship, on a landing pad, surrounded by a lush jungle, , golden hour, sun beams, volumetric light, hyperdetailed, artstation, cgsociety, 8k",4171910052
"1 0 0 0 0 robots fightin in the forest, hyper realistic, ambient lighting, concept art, intricate, hyper detailed, smooth, dynamic volumetric lighting, octane, raytrace, cinematic, high quality, high resolution, 4 k, cgsociety, rutkowski, gurney, h. r. giger ",1545467604
"fierce cassowary running towards the camera, leaving behind a trail of dust, murder in his eyes, trending on artstation, digital art, award winning ",2635599278
"full - frame of ginger - cat, as a character from gtav, looking at camera, intricate, extremely detailed, concept art, artstation ",2023026909
"Goddess of the forest, trending on Artstation, Greg Rutkowski, Wayne Barlowe",1641141714
a chesnut cream pot on a wood table in the south of france,2999636843
"yautja fights the rabbit from monty python and the holy grail, scenic, detailed octane render trending on artstation artgem, artistic 8 k photography, masterpiece, alien vs predator ",2847572250
chinese painting of stockholm bay ,2486535593
"Big pink sphere surrounded by blue sky, beautiful matte painting by ?,",1595631774
"HAL 9000 dreaming of Jupiter. Surreal, artistic.",1953139967
"denis villeneuve establishing shot of modern bjarke ingels condo building and gotthard tunnel entrance combined, roads tunnel under bjarke ingels condo building, lush environment, ray traced sunny raked lighting, scifi artstation digital concept art, unreal engine, hyper realism, realistic shading, cinematic composition, blender render, octane render, wide shot ",3461875481
"concept art of a giant bulky fractal titan, the deadly sin of sloth, day time, foreboding, fantasy, field, trending on artstation, wayne barlowe ",1827537777
"mages with human bodies and magical armour with octopus heads sitting near the table in an ancient mage castle with enormous scale, gothic and baroque, brutalist architecture, ultradetailed, Intricate by John Howe and Josan Gonzalez and Giuseppe Arcimboldo",620648691
"centaur anatomy reference sheet,",1238987903
"colorful logo of a penguin, isometric, vibrant, stickers ",2275660981
artwork by christian rex,3931794687
"too realistic film prop of the a fungus-based humanoid siren mermaid woman, full-length portrait, golden hour 2008 cinematography",3140185855
"Rotterdam Skyline, cartoon style by Jean Giraud, Moebius, intricate detail, sunset, cloudy, highly detailed",781086463
"a surreal painting of a piano which is literally self-consuming and forming a loop of itself, 4k, hd, ultra realistic, high quality",2713588991
"a painting of a castle in the middle of a snowy mountain, a detailed matte painting by andreas rocha and greg rutkowski, featured on artstation, fantasy art, matte drawing, matte painting, artstation hq ",3446345335
a black woman with a large afro about to enter a new york subway train in the 7 0 s. night. cinematic. dramatic lighting. monaris. billy dinh. ,107899997
"a film still of a cheerful happy girl with a tiger, in a city, sun, gapmoe, yandere, finely detailed features, highly detailed art, trending on pixiv fanbox, painted by ( ilya kushinov ) makoto shinkai takashi takeuchi studio ghibli akihiko yoshida, makoto shinkai!!! ",3858712423
"a crashed helicopter next to a giant fried chicken, 8k resolution, amazing detail",1983505561
"a high quality photo closeup of a grizzly bear standing in a river. There is a salmon leaping in the air. the grizzly bear has its jaws open wide, trying to bite down and catch the salmon. Shallow depth of field.",2947837800
yellow brick texture ,662146084
"futuristic utopian metropolis in paradise, canals, bridges, white marble and crystal buildings, tropical, palm trees, by jaime jasso and leon tukker, photography, cinematic lighting, octane render, artstation ",1981392240
cute fluffy cheetah cat mixed creature with long colorful flowing lion mane with mohawk hairstyle hybrid animal detailed painting 4 k ,4011998233
"majestic Saruman the wise wizard by Mark Brooks, Donato Giancola, Victor Nizovtsev, Scarlett Hooft, Graafland, Chris Moore",3719930395
"film still of a frog with a pistol mounted on its back, 8k",2260240515
"lofi art of girl listening to music, by the apartment window, cyberpunk theme, artstation, 4 k ",3372633133
"emma watson mixed with kim kardashian, full - figure profile shot ",612794484
Tom Waits and Iggy Pop in a pub by Carl Barks,2366295551
"folk horror illustration of the forgotten wraith by kay nielsen, 8k resolution artwork, horror art, trending on artstation, painting, elaborate excellent painted illustration, smooth, sharp focus",3887825919
"Portrait of Mayuri Shiina, atmospheric lighting, intricate detail, cgsociety, ambient light, dynamic lighting, anime style by Yusuke Kozaki",1
"mirror on a lake, toucain inside mirror, oval mirror, cinematic, filmic, wildlife photography, x - ray, ray tracing reflections, insanely detailed and intricate, hypermaximalist, elegant, ornate, hyper realistic, super detailed, golden hour ",3775540511
"masterpiece digital painting of a woman knight portrait, visible face, heavy black obsidian armor, chaotic ruby inlays, large cape, by kev walker and greg rutkowski and mucha, atmospheric fog effects background, purple sparkles, artstation, deviantart, full body view, cinematic lights ",3270936813
wonderdream faeries lady feather wing digital art painting fantasy bloom vibrant in style of yoji shinkawa and hyung - tae kim illustration character design concept colorful joy atmospheric lighting butterfly ,115195831
"futuristic cyborg police arrest in a cyberpunk city, portrait, elegant, intricate, digital painting, artstation, concept art, smooth, sharp focus, illustration, art by artgerm and greg rutkowski and alphonse mucha, mass effect, destiny, deus ex mankind divided ",2651547250
impossible human anatomically incorrect human being human form incorrect facial expressions and features ,1755162726
"close - up portrait of sleepy mila kunis, morning golden hour, steaming coffee, mystical lake view vista, mark brooks, ralph horsley, anton fadeev, paul lehr, rhads, alena aenami ",2119032152
dota 2 ,3562850001
"portrait of a skull man astronaut with chinese dragon armor and helmet, majestic, solemn, by bouguereau ",1441700787
"dynamic medium shot painted portrait, cyberpunk armor, cool metallic colours, blue, orc, sharp smooth details, caustics, unreal engine, matte painting concept art, fanart artstation by kevin christian muljadi and entei ryu and oldgun - k and jesper ejsing and rhads and lois van baarle and ilya kuvshinov and rossdraws ",3660503165
"epic view of an ancient dark byzantine giant cave interior, delicate crystal bottle on a pile of skulls, books covered in jewels, ornate, surrounded by strange statues and treasure, full of sand and glitter, Byzantine, cinematic, jewels, by Grzegorz Rutkowski",3911992840
"Beautiful art portrait of a light elemental girl in a dungeon, atmospheric lighting, intricate detail, cgsociety, hyperrealistic, octane render, RPG portrait, ambient light, dynamic lighting",3362027027
"anime girl with cat ears working in mcdonalds, detailed face, realistic digital oil painting, by wenjun lin, octane render, highly detailed ",841016116
zen rain ink ,457726513
"dreamlike blissful pond reflecting heaven, idyllic, water, 4 k, hudson river school ",538254056
"beautiful concept of deranged wizard in a dark ritual, horror art, nightmare, insane details, intricate background, cinematic shot, dramatic light, night time, red moon, artstation, neo gothic, eerie ",251408820
"The god of wateers resembles a lobster, cosmic, horror, Peter Mohrbacher, artwork by Peter Mohrbacher, inspired by Salvador Dalí, surreal",476106613
"trekking pole in a museum, 4 k,, concept art, by wlop, ilya kuvshinov, artgerm, krenz cushart, greg rutkowski, pixiv. cinematic dramatic atmosphere, sharp focus, volumetric lighting, cinematic lighting, studio quality ",658414157
seeing a sniper aiming in the reflection of an eye,1547439149
"a slate and graphite render of a cyborg machina - nymphette, partially human ai ; portrait by tony diterlizzi and h. r giger, ilford hp 5, 5 5 mm, hyper realistic, hyper - mechanistic by artgerm, unreal 5, gothcore, disturbia, joseph christian leyendecker, tim burton, carlo carra ",56523407
"cyberpunk KFC, Cyberpunk 2077, hdr, ultra detailed, 4k, wallpaper, cinematic, RTX ON, artstation",3540277351
"the sun is staring the earth, surrealism ",3914500710
"realistic! photoshoot for a new nike lookbook, color film photography, portrait of a beautiful european!! woman, photo in style of tyler mitchell, 35mm",817417023
"an super sportive car designed by ferrari and porsche, kingsman, artstation, an epic fantasy, cinematic lighting, hyper realistic, photographic, sharp focus, by greg rutkowski and wolp ",1067809814
"a beautiful painting of the birth of a galaxy with shooting stars and breathtaking nebulas, fractal art highly detailed",2064065976
dall-e output of a T-Rex dinosaur programming next to a computer in an office with a hoodie,1978822550
"portrait of male ellen, close up, quint buchholz, wlop, dan mumford, artgerm, liam brazier, peter mohrbacher, raw, featured on artstation, octane render, cinematic, rugged, intricate, 8 k ",3538798365
"a ball of gold nanoparticles, illuminated by a red laser beam, the environment is living ",354568264
"closeup portrait of a young vivian leigh, sad face, chiaroscuro, city background, golden hour, dramatic lighting, complementary contrast, high detail, painted by greg rutkowski, painted by igor kieryluk, trending on artstation ",2658732794
"war of the worlds, communist outfit, retro alien film cover ",1732205278
"a fantast beauty portrait detailed candice swanepoel as an elf queen, platinum white wavy long hair, white headband with blue and purple diamonds, jewelry body armor in golden and silver colors, pointy ears, detailed, epic masterpiece of cinematographic hyperrealism, realistic shaded lighting poster by craig mallismo, artgerm, jeremy lipkin and michael garmash, unreal engine, radiant",2996814707
"dark and shadowed, long shadows, two short - haired women alone, hair, emotional, passionately kissing on rooftop, falling deeply in love, abandoned forbidding strange abandoned alien city, dusty abandoned and dark, science fiction, artgerm and charlie bowater and atey ghailan and mike mignola, dark green and black, - ar 6 : 1 9 ",2017676837
"realistic expired kodak film portrait of albino lady gaga mix, hyperrealism, hypermaximalism, photorealistic, detailed, atmospheric, 8 k, award winning photography, cinematic ",1491181883
"a portrait of a cute female neanderthal, stone age setting, overwatch art team, action pose, vivid colors, soft lighting, atmospheric, cinematic, moody, splash art in the style of ilya kuvshinov and range murata, oil on canvas, 8 k ",3898498058
"muscular hercules by bayard wu, greg rutkowski, giger, maxim verehin ",1255481605
"the squirrel king, extremely plump and sitting on his throne made of tree branches in his forest palace, wearing his crown of acorns and dandelions. hundreds of squirrels groveled at his feet or fanned him with ivy leaves and fed him acorns, king arthur's court, fantasy art, cinematic lighting, rendered in octane, 8 k, god rays ",3075161705
"a cheeseburger, award-winning food photography",910656667
"visionary architecture by antoni gaudi, john stephens, alex gray ",1680102162
"a vast underground forest, lit by shafts of light from above, with a waterfall ",926893777
"hyperrealistic portrait of a cyberpunk man, long hair, by Guy Denning, Johannes Itten, Russ Mills, glitch art, glitch eyes, complex, hacking effects, glitch effects, looking straight, digital tech effects, cybernetics, detailed lines, chromatic, color blocking!, oil on canvas, highly detailed, symmetrical eyes, symmetrical, octane, concept art, abstract, blue and black, 8k, cinematic, trending on artstation",3305181964
"Scarlet Witch, au naturel, hyper detailed, digital art, trending in artstation, cinematic lighting, studio quality, smooth render, unreal engine 5 rendered, octane rendered, art style by klimt and nixeu and ian sprigger and wlop and krenz cushart",908750017
"donald trump getting whipped by a woman in leather, oil painting by jenny saville ",2469212609
"full face close up portrait, sandman god of dreams wearing a plague - doctor mask, deliver me cosmic sight, by patrick woodroffe, by igor morski, by laurie lipton, valley of the damned background, cinematic lighting, volumetric lighting, neosurrealism, realistic shadows, sandman, particle effects, rendered in octane, cosmic fantasy ",2062148462
Leonardo Dicaprio dreesed as Geralt of Rivia\'s armor in Witcher,987624259
"a beautiful portrait of a young ophelia, floating drowned, lying immersed in the dark waters of a river, with closed eyes, surrounded by high green grass and many fine flowers, wearing a nicely crafted antique dress, by sir john everett millais, hyperrealistic, hyperdetailed, ethereal, sad, masterpiece, oil painting, above side view ",4221969179
"a laptop made of meat, fine art, tonal colors, frontlight, oil on canvas, still life ",2233697790
a spaceship with an impossible geometry by m. c. escher,1149752703
"jellyfish growing form tree branch,C4d,8k cleaning future ,-9n",2875938494
"a wholesome animation key shot of a focused badger reading the newspaper in his comfy arm chair in his underground home, rock walls, dark dingy, kitchen table, stove, fridge, armchairs, fireplace, books on side table, rug on floor by fireplace, pictures of family on wall, cluttered medium shot, waist up, studio Ghibli, Pixar and Disney animation, sharp, Rendered in Unreal Engine 5, anime key art by Greg Rutkowski, Bloom, dramatic lighting",3068577765
"an adorable simple puerto rican vejigante ball jointed doll lovingly crafted from sanded wood on a toy workbench, beside a fresh from the oven apple pie, wearing little hand stitched overalls with love in every stitch, worms eye view, macro camera lens, cinematic, focus ",4255551181
"pt cruiser crashed into a wall, ultra hd ",115183455
"realistic still of portrait of jesse pinkman made out of cotton candy, 8 5 mm, f. 1 4, beautiful composition, ",3715922913
"highly detailed vanishing firestorm - point of eyes, in gta v, stephen bliss, unreal engine, fantasy art by greg rutkowski, loish, rhads, ferdinand knab, makoto shinkai and lois van baarle, ilya kuvshinov, rossdraws, tom bagshaw, global illumination, radiant light, detailed and intricate environment ",1112583253
"a beautiful close - up of a young albino greek god with very long curly white hair, open eyes, effeminate, digital art by edward hopper, vibrant color scheme, highly detailed, in the style of romanticism, fine art, high detail, great lighting, 8 k resolution, masterpiece, concept art, illustration, clear eyes, soft lighting, soft details, painting oil on canvas, octane render, hdr, trending on artstation, 4 k, 8 k, hd ",3118026929
"a symmetrical homoerotic tarot card of a muscular shirtless desi mountaineer wearing a scottish tartan kilt on a snowy mountain peak, by raja ravi varma. he has a wooden staff, cowboy hat, and boots. background is a stained glass golden sunrise. art deco, art nouveau. by louis comfort tiffany, by albert bierstadt. trending on artstation. ",3257992219
"a polish serial killer on a trial in a court pleaded guilty on 1 2 murders, courtroom sketch ",3978399335
"a single black cube with shiny golden wire around the cube, pulsing with light from the inside",4014241238
"4 k hd, high resolution photograph of weasel surfing, shot with sigma f / 4. 2, 2 5 0 mm sharp lens, wide shot, high level texture render ",3841598176
a beautiful cyborg made of ceremonial korean maske ,3207990786
a monster eating a fish,685002841
a stick figure ,1967507947
8 k hd detailed octane render of a bustling city street in victorian london ,434128422
"Anime Nendoroid Figurine of Joe Biden, Product Photo",2028892532
"tehotihuacan, with a giant space ship in the sky, unreal 5, hyperrealistic, realistic, photorealistic, dynamic lighting, highly detailed, cinematic landscape, studio landscape, studio lighting",2243128575
"vaas montenegro from far cry 3 pixel art isometric, artstation",1652246796
"neon butterfly girl nymphomaniac, mixed media collage, assemblage, photomontage, oil painting, minimalist, contemporary art, punk art, photorealistic, portrait, expressionism, masterpiece, dynamic composition, spectacular quality, intricate details, shattered glass texture, chains, smoke, water - n 4 ",2131711389
"sweet innocent kind loving angel girl, photography of kurzgesagt, deep focus, d & d, fantasy, intricate, elegant, highly detailed, digital painting, artstation, concept art, matte, sharp focus, illustration, hearthstone, art by artgerm and greg rutkowski and alphonse mucha ",4016254942
analog polaroid of mario kart rainbow road in a deep blue sky,2356593468
"a detailed fantasy pastel portrait of a female wizard in ornate clothing lounging on a purpur pillow on the marble floor in front of her bookcase in a room, reading an ancient tome. to the side is a potted plant and some blue candles. ancient retrofuturistic setting. 4 k photorealism key art, raytracing in the style yoshitaka amano and rembrandt. ",3411521810
"a utopian city, concept art, brightly lit by the sun. beautiful lighting, based on brawl stars style ",178502091
"a full body portrait of hermione granger, walking in hogwarts corridor, finely detailed features, closeup at the faces, perfect art, gapmoe yandere grimdark, trending on pixiv fanbox, painted by makoto shinkai takashi takeuchi studio ghibli, akihiko yoshida, ",668902254
"brad pitt as a samourai, rendered in unreal engine ",2583737049
"feeling happiness like never before, surrealism, abstract human face, hidden behind torn cloth swirling violently, abstract cloth simulation, tattered fabric, rags, ragged",3803010559
"beautiful angel girl with monica bellucci face, portrait, big silver bra, silver wings, highly detailed, d & d, fantasy, highly detailed, digital painting, trending on artstation, concept art, sharp focus, illustration, art by artgerm and greg rutkowski and fuji choko and viktoria gavrilenko and hoang lap ",1908733377
rocket,1817613951
"cute fluffy owl reading a book, closeup, water color, D&D, fantasy, highly detailed, digital painting, artstation, concept art, matte, sharp focus, illustration, art by Ivan Gantschev Alphonse Mucha",1701734806
"the platonic ideal of flowers, rotting, insects and praying of cletus kasady ultimate carnage thanos dementor doctor manhattan chtulu nazgul davinci, deep focus, d & d, fantasy, elegant, digital painting, artstation, concept art, matte, scary, decay, dmt, art by brock hofer and artgerm and greg rutkowski and alphonse mucha ",164151666
"a wlop 3 d render of very very very very highly detailed beautiful mystic portrait of a illusion ape mage with stylish hat and frosty background by anton pieck, intricate, extremely detailed, micro detail, digital painting, artstation, concept art, smooth, sharp focus, illustration, intimidating lighting, incredible art, ",612003101
"a obese gentleman wearing tuxedo, riding on a rotund fat fish, a mueck masterpiece at exhibition, artstation c 1 0 ",3712402389
"jewelry a white gold ring depicting the universe with diamonds and colored gems, ornate, filigree, hyper realistic ",3127646897
comic book cover by jack kirby ,3961019955
"anthropomorphic purple green cowboy snake oil salesman, character design by Disney and Pixar, composition by Henri Cartier Bresson, sculpted in zbrush, minimal, Uncle Aloysius, dystopian, big eyes with eyelashes and twirly moustache, piston pumps of oil rig with bull horns, extremely detailed, digital painting, artstation, concept art, sharp focus, illustration, chiaroscuro lighting, golden ratio, rule of thirds, fibonacci",2570742823
"steampunk hell, explosive storm, extremely detailed, behrens style, unreal 5 render, fantasy digital art, octane render, beautiful composition, trending on artstation ",4018158338
"duotone muted yellow white concept 3 / 4 portrait of ( ( ( swole doge meme ) ) ) bodybuilder shiba inu with yellow hulk body from mavel big popeye arms very tiny legs standing on two feet. cinematic scene volumetric lighting. accidental renaissance. concept by sergey kolesov and ruan jia and heng z. graffiti art, scifi, fantasy, hyper detailed. octane render. trending on artstation ",420847638
cursed image,1280989350
"Viktor Orban as drawn by Studio Ghibli ,",597033994
"high detail digital art of a blonde girl wearing a white dress while passionately playing her violin and standing on water in the middle of the ocean surrounded by a blue sky and soft clouds by ross tran and rhads, vibrant, expressive, trending on artstation",2763911935
"a surrealist painting of a strange shaman's face, 3 d render, in the style of giuseppe arcimboldo, symbolist, soft colors, dramatic lighting, smooth!, sharp focus, extremely detailed!, aesthetically pleasing composition, octane render ",3036540286
"masterpiece concept art, nintendo 6 4 release day, by greg rutkowski and man ray, 8 k, intricate detail, cinematic lighting ",2771010748
rotting bones. HUMAN SKULLS KISSING,2026503325
"muppet rave, club photography ",3989329580
a scene from firefly ( tv show ) ,1855608787
"award winning photo of an ultra detailed high quality!! an old little house on the hill in the dordogne in france, beautiful colorful sunset. summer. highly detailed, highly intricate, depth of field, beautiful landscape, award winning ",3196521508
dolly parton doing cartwheels ,1672819048
" Ibuki profile picture by Sachin Teng, asymmetrical, Organic Painting , Violent, Dark, Powerful, geometric shapes, hard edges, street fighter 3rd strike, graffiti, street art:2 by Sachin Teng:4",2977682687
"in the style dustin yellin, of yoshitaka amano, ljuba popovic, miles johnston, agnes pelton, moebius, salmon khoshroo, lee griggs, timothy von rueden, odilon redon, miles johnston, klimt, mohrbacher, peter ferguson, leonora carrington, yukio kitt, yago hortal, lindsay kennedy, william bradford, william turner, by, lowell birge harrison, ivan aivazovsky, geovanni strazza, bernini, gerhard richter, zdzislaw beksinski, alphonse mucha, wallace and, inarticulatable space between words and images that foucault seeks to highlight. foucault even more than that, it may be the case that any historiable to operate outside of itself, it is possible that art is incapable of self - reflexive representation. shapiro writes, “ foucault is indeed concerned to make inescapable the gap between wmy collection 1 8 2 total ￼ ￼ ￼ ￼ ￼ ￼ ￼ ￼ ￼ ￼ ￼ ￼ ￼ ￼ ￼ ￼ ￼ ￼ ￼ ￼ ￼ ￼ ￼ ￼ ￼ ￼ ￼ ￼ ￼ ￼ ￼ ￼ ￼ ￼ ￼ ￼ ￼ ￼ ￼ ￼ ￼ ￼ ￼ ￼ ￼ “ dreamy mountains, wavy, pallete knife, grains, impasto, paint pour, fractal, oil on canvas, smoke tendrils, in the style of yago hortal, lindsay kennedy, louise zhang, james jean, victor charreton, detail, 4 k, clay, 3 d render ” ￼ nathrs in the seventeenth century volumetric, cinematic color graded, atmosphere, photorealism, global illumination, arnold rendering, 8 k resolution, high details, flickr, dslr, z brush central, cgsociety, artstation have been able to say about it... every ekphrasis, we might say, is specif exstitute classical representation : that being the artist ( the one who represents ), ",4033484426
"beautiful landscape house in the village summer, evening, sun is going down warm color palette natural lighting, soft light, artstation high detailed, melancholy pastel art, oil on canvas by ivan shishkin and albert bierstadt ",2252613088
"photorealistic portrait of cute cyber punk geisha girl from Japan. she is wearing heavy complicated future headsets. award winning, taken by canon 5d mk4, art lens, perfect lighting, sci-fi, at 2200",728414838
"little baby kitty stands on its hind legs using a virtual reality headset, colorfull playground background ",3141672957
"metallic surface, brushed metal, reflections, scratches, industrial, polished, waxed, satin, shiny, textures, ultra realistic, extreme detail, repeating pattern ",411612341
"beautiful portrait of a gorgeous personal trainer who looks like Wonder Woman , character design by charlie bowater, ross tran, artgerm, and makoto shinkai, detailed, soft lighting, rendered in octane",1974221951
"gameboy console, paint explosion in the background, paint strokes and drops, colored, exciting, energizing ",2895391946
"the thing with kurt russell, vector art, digital art, portrait, 4 k, illustration, concept art, color block style ",3248931244
"lady gaga smoking bong, by rembrandt ",3824172347
"highly detailed manga full-body line art portrait of a beautiful elf with tan skin in leather armor, very detailed, realistic, colorful",2719711825
"picture of an interior loft, luxury, interior design, tall windows, reflections, cyberpunk city, first light, sunshafts, volumetric lights, colorful, concept art, art station, by dan luvisi ",3131033935
"cosmic revelations upon a magical carved stone beautiful art goddess insane crazy potential, trending on ArtStation",1627932406
"full body shot of 2B as a Starcraft 2 commander, highly-detailed",2810019327
bane from the dark knight as a funko pop,1457031179
"James Cameron movie still shows throwing a molotov cocktail at an approaching horde of zombies, on a city street at night.",749760255
a detailed painting of another dimension torn open by the folly of man nuclear bombs open doors for tentacles by Zdzislaw Beksinski trending on ArtStation,3134366052
"an illustration of the small medieval fantasy house in a town and beautiful blue sky scenery, cinematic view, epic sky, detailed, concept art, low angle, high detail, warm lighting, volumetric, godrays, vivid, beautiful, trending on artstation, by jordan grimmer, huge scene, grass, art greg rutkowski ",2790018922
"a forgotten garden gnome in a vast barren desert, hopeless wasteland background with a relentless raging sun overhead, an ultrafine detailed painting by mark ryden, trending on deviantart, pop surrealism, whimsical, lowbrow, perfect symmetrical face ",2808844427
a sample of different artists work ,1715066535
"realistic portrait charming beautiful painting from Cinderella film scene, when Cinderella become Terminator T1000. Horror, created by Raffaello Sanzi.",3184267365
head and shoulders portrait of a barbarian female high quality focus by wlop ,3989337423
"a beautiful painting of a female laying down in a green forest, dense moss, lovely vines, watercolors ",4020308213
"aged polaroid photo of a scary doll in empty room, gloomy, grainy ",2839881303
"kodak portra 4 0 0, wetplate, muted colours, 1 9 6 0 s style, backroom, square picture frame, in the style of by britt marling ",359301834
"closeup portrait of happy bryan cranston with mouth full of cranberies, food photography, natural light, sharp, detailed face, magazine, press, photo, steve mccurry, david lazar, canon, nikon, focus ",1368177715
"kris statlander, medieval painting oil painting ",1470565408
"symmetry concpet art, full shot, traditional ink, sketch, of deathshot, line sketch, intricate, elegant, highly detailed, monochrome, digital painting, artstation, concept art, sharp focus, illustration, art by borderlands 3 and peter polach ",2668820781
tigerlilly ,2032179158
"a small populated happy gnome town located at the base of a large tree, pastel colors, vibrant god rays, sunny skies, 4 k, trending on artstation, award - winning, art by greg rutkowski and james gurney ",3526736675
"a detailed psychedelic portrait of an anthropomorphic ornate mechanical clock cat, gold and silver, iridescent, fine detail, beksinski, moebius ",2930206470
"photograph of a hallway in the style of Wes Anderson, architecture magazine, dezeen, 50mm, pentax, film",194787279
"a torso portrait of pale skin goth in shiny latex mini skirt and shiny latex tank top, very long curvy black hair explosion, red lips, pastel makeup, paint by ilya kuvshinov and ross tran and karol bak and stanley lau and anna dittmann and artgerm and xiaoguang sun and tian zi ",1842062128
"kodak portra 4 0 0 photograph of a skinny guy on a spaceship, futuristic, flower crown, back view, moody lighting, moody vibe, telephoto, 9 0 s vibe, blurry background, tranquil, calm, faded!, ",806679087
"Polaroid photo of a real life pikachu, award winning",603622911
alice in wonderland type of scenery. Vivid clolors. Computer art. Artstation. High resolution. 4k. - h 1200,3022117631
"oil painting of a hippie with sunglasses chasing a swan in the countryside, happy, colorful, very high details ",109215001
"very detailed portrait of a majestic dog, dressed in a spacesuit, sci - fi, futuristic, details, intricate, octane render, redshift, smooth, illustration, fairy lighting, stars and planets in the background, hyperrealistic, by dmitry prozorov, loish, and wlop, trending on artstation, hyperdetailed, hyperrealism ",1726984944
"80s neon movie still with a lonely woman in a kimono standing by a river at night with city lights in front of her. She is looking at the city.  hyperrealistic, high definition, medium format photography, highly detailed, technicolor, anamorphic 50mm lens",3253257352
spherical panorama photo of country american small town street night bright sky 5 0 mm ,3498910832
"🤖🏰, surreal, artstation ",3871063620
prince charles driving his dozer through the carwash at the stillwell gas station. closeup. detailed. color professional photography. ,329627146
"hindu goddess devi, scary but sexy, posing for playboy photoshoot ",4058578338
"a rabbit cooking a cheeseburger inside a small cozy kitchen, watercolour",3798180102
jesus as a contestant on deal or no deal ,1067346948
"animated little girl with an long black hair dressed in a simple white dress sitting in bed, anime art style, digital art ilya kuvshinov, inspired by balthus, hd, 4 k, hyper detailed, dark, anatomically correct, angelic face, perfect composition ",2388782535
bara character at beach ,2602450146
"risograph grainy drawing vintage sci - fi, satoshi kon color palette, gigantic gundam full - body covered in dead coral reef, 1 9 8 0, kodachrome, natural colors, comicbook spreadsheet, codex seraphinianus painting by moebius and satoshi kon and dirk dzimirsky close - up portrait ",1006263093
"a beautiful painting of wild roses in forest under moonlight, from a distance, high definition, light effect, trending on artstation ",1062987345
"beautiful girl in the rain, glitch art, pixel sorting, corrupted data, glitched ",739504948
"great old ones, yog - sothoth, r'lyeh, shub - niggurath, dunwich horror, tentacles horrors lovecraft, cosmic horror, psycho nebula colors, photoluminescence reflective spectral colors, award winning photograph ",806882464
"a beautiful wood engraving on paper of a fishman, 8 k, frostbite 3 engine, cryengine, dof, trending on artstation, digital art, crepuscular ray, art by david witbeck ",1852695330
 the tropical jungle the wall wood fortress borderland style vivid colorful  Hyperrealistic CGI Photorealistic cinematic volume lighting fanart on ArtStation  concept art  ,415406601
earth made of ice cream melting under the heat ,2602190431
walter white in red dead redemption 2 ,1609366631
"ultrarealistic massive giant iron knight with red cape fighting, giant metal helm bladed iron mantle black etched iron armor, bodybuilder body, bone wastes, fantasy character portrait, octane render, extreme intricate details, cinematic lighting, volumetric lighting, artstation, dnd art, cgsociety, sharp focus, digital painting by artgerm, gerald brom, wlop ",2872022661
Sexy Megan fox talking to glenn rhee,1561091663
joe biden refuses to retire ,4175966874
"a portrait of a beautiful sorceress wearing a black robe with gold embroidery, casting a spell, green glows, painted by artgerm and tom bagshaw, in the style of magic the gathering, perfect face, symmetrical face, highly detailed digital art ",690720575
"live action extremely hot princess peach in tight sports bra and sweatpants. Digital Art, trending on artstation, 4k, visual",1109820977
"portrait of a male fantasy pirate, behance hd artstation, style of jesper ejsing, by rhads, makoto shinkai and lois van baarle, ilya kuvshinov, ossdraws ",1537468532
"kake beckinsale as a cyborg cookie monster fantasy character portrait, ultra realistic, wide angle, intricate details, blade runner artifacts, highly detailed by peter mohrbacher, boris vallejo, hajime sorayama aaron horkey, gaston bussiere, craig mullins ",3206922198
" island  by night  little wood bridge painting of Atlantis zeus statue and hill valley grec greeble temple of olympus glory tower  ivy plant grow flower multicolor rose, in marble incrusted of legends heartstone official fanart behance hd by Jesper Ejsing, by RHADS, Makoto Shinkai and Lois van baarle, ilya kuvshinov, rossdraws global illumination   ",653308486
"genetically modified girlfriend, digital art, gmo ",2452556615
"magical intricate glowing tree of life in a hill, centralized, ethereal, rich, fantasy, smooth, sharp focus, high detailed colorful orbs, ultra wide shot, lush colors, by artgerm and alex grey and wes anderson and spike jonze, highly realistic, exquisite ornate, delicate ",1309089347
"adeleine slapping zan partizanne, pixiv ",2358425470
"danai guira, perfectionism is a direct byproduct of supremacy, 👩🏿🎨👩🏿🎤 afrofuturistic, surreal, in the style of artgerm, rossdraws, basquiat, oil painting, artstation, epic composition, award winning, rule of thirds, masterpiece ",2475264310
"vector flow field van gogh, repin",2448688893
"Greg manchess, Frank frazetta, female overwatch pin up character, full body, trending on artstation",281908850
"ghost of a 16th century lady, dressed in a white, 16th century dress,  in a eastern european castle, greyish tones, mystical, atmospheric consept art by Tapiró Baró, Greg Rutkowski and J.Dickenson, inspired by John Everett Millais: The Somnambulist",1308940825
"lain iwakura from serial experiments lain as medieval peasant in spring wonderful masterpiece highly detailed scifi, beautiful cinematic light deep focus, elegant, digital painting, smooth, sharp focus, golden ratio, dramatic illumination, ultra realistic, 4 k, art by greg rutkowski wlop rossdraws ",2838703361
"scifi, giger, flat panels, diffuse texture, sewer slime, muck, ventilation duct, dull flaking paint, bright metal wall seamless game texture, by dean cornwell, nc wyeth, painterly, 4 k, textures. com, high resolution ",2464752349
"hyperrealistic!! Reptilian popstar, High resolution, 8K",803339545
"cyberpunk city in egypt with the pyramids in the back artstation, intricate, highly detailed, digital painting, concept art, sharp focus, illustration by Jean Claude Mézières and Ivan Bilibin",129444967
"on top a wide mesa sits a village of mud and bricks houses, adobe houses, in the arizona desert. Trending on 500px",857999267
"a dutch friture snack called Frikandel Speciaal, served in a white long plastic container on a plate",3367434239
"highly detailed photo of beautiful colorful gold fish under water, five fish only, hyper realistic, concept art, 8 k detail post - processing ",3665723017
"painful pleasures by lynda benglis, octane render, colorful, 4 k, 8 k ",953
"color photograph portrait of a muscular woman tending cows in a barn. night, summer, warm lighting, 1 9 9 0 photographs from life magazine. ",85058444
"Little girl with katana meets werewolf in the woods, spooky, creepy, scary, dark, misty",317419999
"photo by mort kunstler and annie leibovitz and monia merlo, a woman wearing a giant inflated clear plastic dress containing an aquarium, backlit, 4 d, 4 k, volumetric lighting, photorealistic, light ray, hyperdetailed ",285185582
"orc warrior woman in chainmail full body, highly detailed, pre - raphaelite, in the style of john william waterhouse, oil painting ",2113876887
a man drowning in a giant pool of mac n' cheese. photograph. medium format.,3336165119
"The futuristic city of Mumbai in 2050, by Canaletto, trending on ArtStation, masterpiece",1069304127
"a portrait of a fatty cute japanese animal illustrated by miyazaki by karol bak, james jean, tom bagshaw, rococo, sharp focus, trending on artstation, cinematic lighting, hyper realism, octane render, 8 k, hyper detailed, vivid, ultra detailed, highly detailed ",494544781
"heroic character design of anthropomorphized fox, holy medieval crusader, whimsical fox , portrait, fighting posture, dramatic pose, final fantasy tactics character design, character art, whimsical, vibrant, stunning, lighthearted, concept art, colorized pencil, highly detailed, Akihiko Yoshida",1945340159
"closeup, huge daisy flower head, woman in modern apartment, surreal photography, dramatic light, by victo ngai by james jean, by rossdraws, frank franzzeta, mcbess ",4097816284
Mount Everest with Northern Lights mixed with Van gogh sky,1082283061
"a detailed manga portrait of a beautiful brown haired woman in a military uniform glowing with swirling red energy, trending on artstation, digital art, 4 k resolution, detailed, high quality, sharp focus, hq artwork, coherent, insane detail, character portrait ",206513395
"eye - level view of a beautiful woman, laying on the ground, hands peacefully resting under her chin, water reflection!!!!!, water mirrored water, reflection echo, 4 k, detailed facial features!!!!!, artstation photorealism, photorealism ",2842545897
manga by yukito kishiro ,2739617291
"fantasy bedroom, bookshelves, cozy, warm glow, digital art, trending on artstation, ornate ",76552314
"Cute and sad monster art by Dan May , hyperrealistic, octane render",291828312
"head and shoulder shot of a female vampire walking home at night, hard lighting, professional studio, smile, vibrant colors, fashion, sideview, inspired by dracula ",1097822511
"in the style of van gogh, the style is characterized by large - scale, multi - part drawings that often incorporate repetition and variation. there is a focus on process, with the drawings often serving as instructions or notation for a larger work or performance. the overall effect is often one of ordered chaos, with a sense that the viewer is witnessing the unfolding of a complex and dynamic process ",1523138529
pilllsbury chicken pockets with white gravy,1194233349
( ( ( ( ( cute succubus girl. muted colors. ) ) ) ) ) by jean - baptiste monge!!!!!!!!!!!!!!!!!!!!!!!!!!! high resolution ,2544604966
"a donkey being ridden by a stunning princess, digital art, highly detailed, stunning scene, realism, bright colors, masterpiece, highly intricate, trending on artstation, masterpiece, by rembrandt and carel fabritius ",2217084427
"walter white as chamber from valorant, video game, digital art ",2139626519
"a scoop of vanilla ice cream, on a slice of pie. melting, blue background, chesley bonestell, vincent di fate ",3955829564
"photorealistic hyperdetailed portrait of an automaton made of translucent plastic and black carbonfiber, underlying copper wires and tiny steel gears, aluminum skeleton, octane render and pbr and path - tracing, polaroid, long focal, low angle ",59029776
"hyperrealistic portrait of a character dressed in yohji yamamoto in a scenic environment by hsiao - ron cheng, dan hillier, fintan magee ",2724085263
tally hall weezer the simpsons ,1728147651
"close - up portrait, imogen poots as chrome paladin, pastel academia colours, sharp details, octane render, unreal engine, matte painting concept art, fanart artstation by yuming li and peter mohrbacher and entei ryu and ruan jia and jesper ejsing and rhads and lois van baarle and ilya kuvshinov ",3121739710
"cosmic couple, space and time, traveling together retro scifi cover style",3175499471
"jesse from breaking bad in fortnite, official fortnite art, finely detailed, ",2112658501
"character art of a goddess of magnolias as windy dusty underwater angelic young female | | seductive - fine - face, pretty face, key visual, realistic shaded perfect face, fine details by artgerm, wlop, tom bagshaw, james jean, andrei riabovitchev, marc simonetti, trending on artstation ",1483318297
"a realistic film render ultra detailed of ways Steurbaut. As a elemental god with powers marvel photo taken by waya steurbaut taken in may 2023 august at 17:56 at my room in limburg in belgium, full body camera shot, photo realistic, cinematic, nigt, moon ligth, full scene shot",1981436119
a cat detective standing outside a city with neon lights ,1399543372
"angels hover above like vultures' prey, Pray, sickened flesh decay, information verification waiting for them both, door unlocked, such disappointment",2080948190
"painting by ivan bilibin and micheal kaluta and tamara de lempicka and greg hildebrandt, artgerm ",2077678919
"A fantasy comic book style portrait painting of a slender grey elf with red eyes as a Sorcerer in a atmospheric dark fortress, unreal 5, DAZ, hyperrealistic, octane render, RPG portrait, ambient light, dynamic lighting",4258713343
"fantasy oil painting, an evil copper robot that is casting a magical projectile orb, as a dnd character, inside a school classrom, cottagecore, extremely detailed, book cover illustration, concept art, readability, smooth, sharp focus, art by brothers hildebrandt ",622076843
"greg manchess portrait of margot robbie as thick female bodybuilder zarya from overwatch, epic grimdark, fantasy, medium shot, asymmetrical, profile picture, organic painting, sunny day, matte painting, bold shapes, hard edges, street art, trending on artstation, by huang guangjian and gil elvgren and sachin teng ",1757305748
"bob ross!!! riding!!! a dragon!!, giant afro!, model pose, ultra realistic, concept art, intricate details, highly detailed, photorealistic, octane render, 8 k, unreal engine. art by artgerm and greg rutkowski and alphonse mucha ",1707847205
"rock monster, 1 6 bit pixel art, gustavo viselner, pixel jeff, kenze wee hon ming ",3910934247
"super detailed portrait of a terminator's head, packed with cybernetics and and borg enhancements. In a forest with bokeh. Lots of round Gears visible. Vegetation is growing out of the head",3765475583
"A color photograph by Annie Leibovitz of a band of four experimental musicians with their gold-plated electronic instruments, on Mars",2055737458
"painted portrait of elegant wealthy anthropomorphic rat in white suit with top hat and earing, natural light, neil gaiman, maria panfilova, andrea savchenko, mike kime, ludovic plouffe, qi shengluo, oliver cook, julian calle, eddie mendoza, trending on artstation ",276032514
"a gorgeous bleak autumn painting by barlowe wayne, maxfield parrish, gustave dore and marco mazzoni. close - up shot on a lonely huge chinese buddha statue, broken, moss, stone gate to the dark cave, vines. tiffany blue, maroon, blackish green. the winding stone steps. ultra clear detailed. 3 d, octane render. turbulent blood lake. ",2069421820
"photo of brett whiteley with simple smile paint detailed digital artstation, portrait hd 4 k, y greg rutkowski and gaston bussiere and craig mullins and j. c. leyendecker, hd ",1930336081
"mark zuckerberg as mario in super mario 64, in game footage",136593519
medivial old big tree of wisdom hd 8k,3743711228
"digital art anime by wlop, a small girl with black hair, ragged white tunic, barefoot, explores a dark sewer dungeon, stone tile floor, many doorways, puddles, traps, garbage piles, behind shot, medium shot, highly detailed, full shading, dramatic lighting ",3727117135
"ultra detailed android - librarian!! in the library!! cinematic, 8 k, sci - fi movie!!, flowerpunk, sci - fi, fantasy, dystopian, asymmetrical!!, concept art, unreal engine, octane render!!, artstation, zbrush, art by artgerm and michael welan and alphonse mucha and loish and wlop ",3409717553
"detailed medium format photo, polaroid still from tarkovsky movie, a falcon escapes the falconer, haze, high production value, intricate details, 8 k resolution, hyperrealistic, hdr, photorealistic, high definition, tehnicolor, award - winning photography, masterpiece, amazing colors ",3494844899
"a destroyed 1 9 0 0 city with a big tower in the middle covered in mist, lightning bolts hitting and exploding the buildings, 4 k, by michal karcz ",596191170
"headshot of sleazy hollywood agent gary murdoch, bayard wu, greg rutkowski, giger, maxim verehin, vaporwave background ",1469502658
surreal landscape painted by dali max ernst dorothea tanning perfect composition bizarre disturbing small people in the distance large mutant forms in the foreground ,2601107243
"close up portrait of two people who accidentally tied their fingers together into a knot in a new york street, photograph, natural light, sharp, detailed face, magazine, press, photo, steve mccurry, david lazar, canon, nikon, focus ",2577194853
"simple folk art, lowbrow, matte painting, 3 - d highly detailed, in the style of mark ryden, ",2911244154
"a fat spider, bulging and writhing in depressive agony detailed painting by painting by gottfried helnwein and tokio aoyama ",369465920
"young liv tyler wearing black medieval armour, in a forest, by gaston bussiere, bayard wu, greg rutkowski, giger, maxim verehin, greg rutkowski, masterpiece, sharp focus, cinematic lightning ",2668279155
the robot band that still insists on playing in the battlefield ,3262143334
"a sphere of molten core, melting sphere, glowing magma sphere, lava sphere, state of the art 3 d graphics, centered, in center, unreal engine, highly detailed, epic ",1098838453
"by johan grenier and jedd chevrier, visually stunning, cinematic, ultra realistic, hyper realism, 1 2 k, epic, octane render, unreal engine, vfx, maya, futuristic utopia : highly detailed crystal and gemstone relics ",2092282583
minimalistic logo of brain on jar ,3955918016
star trek uss enterprise with military camouflage,3660171213
"real photo of goddess, pillars with arc, ornate, ultra realistic, concept art, dark fantasy, intricate details, eerie, highly detailed, photorealistic, octane render, 8 k, unreal engine. art by artgerm and greg rutkowski and charlie bowater and magali villeneuve and alphonse mucha ",49434532
"portrait titled bleeding, science fiction, Edward Hopper and James Gilleard, Zdzislaw Beksinski highly detailed",2878687487
death himself staring at you by kandinsky ,3349685488
"incredible screenshot, simple watercolor, masamune shirow ghost in the shell movie scene close up broken Kusanagi tank battle, brown mud, dust, titanic tank with legs, robot arm, ripped to shreds, serious expression, backflip ,light rain, overpass, Giant Atari logo, hd, 4k, remaster, dynamic camera angle, deep 3 point perspective, fish eye, dynamic scene",1278076770
"all the 9 wonders of the world reunited for an illustration, by lliam brazier, petros afshar, peter mohrbacher and victo ngai ",4229114076
"a film still portrait of steve buscemi elven king, finely detailed features, cinematic lighting, perfect art, night cyberpunk city, intricate, anime, gapmoe grimdark, artstation, trending on pixiv fanbox, painted by greg rutkowski makoto shinkai takashi takeuchi studio ghibli, akihiko yoshida, 4 k ",317600043
"a full body polaroid portrait of a 1 9 8 0's disney girl working at a vinyl stall, finely detailed features, closeup at the faces, perfect art, busy cyberpunk city, gapmoe yandere grimdark, trending on pixiv fanbox, painted by ilya kushinov makoto shinkai takashi takeuchi studio ghibli, akihiko yoshida ",1379157185
"full body 3d render of pikachu with sun glasses as a funko pop!, studio lighting, grey background, single body, no shadow, blender, trending on artstation, 8k, highly detailed",3846138033
"close - up portrait of selena gomez as body builder warrior heroine chilling in a cobbled medieval shopping street, colored fruit stand, golden hour sun - rays, epic composition, 2 0 0 mm focal length, donato giancola, tim hildebrandt, wayne barlow, bruce pennington, larry elmore ",1472902679
"a view of low earth orbit, the black void of outer space is visible, photograph, space, cinematic, 4 k, detailed, satellite imagery, beautiful view ",2973815797
"muscular lion as barbarian hunter  full body human legs , very textured detailed oil painting by rembrandt ",5943962
"landscape kaleidoscope textural dream journey micrograph, unreal engine, octane render, 4 k ",504324679
photo of a baby girl enjoying a tea party with a chick and an owl ,1451191384
"a close - up rococo portrait of an futuristic blue alien elf - like creature covered in moss, mushrooms, and swamp. night time. rich colors, high contast. gloomy, highly detailed 1 8 th century sci - fi fantasy masterpiece painting by jean - honore fragonard, moebius, and johfra bosschart. artstation ",814411491
"expressive female orgasm detailed mixed media collage with canvas texture in style of contemporary art, punk art, realism, realistic photo, sensual bodies, expressionism, masterpiece, spectacular quality, intricate oil details, broken glass photo, torn paper intricate texture, large cracks, liquid glue spots, vivid and balanced yellow red blue palette ",974156856
"a portal to another dimension, surreal, highly detailed, artstation, smooth, sharp focus, by greg rutkowski, 8 k ",1572498934
"Dr seuss and sandman, very pretty, photorealistic, portal hopping and time warping with reckless abandon, masterpiece digital painting by Thomas Kinkade and Greg Rutkowski, artstation, 4k wallpaper",1620017262
A sour patch kid shaped like Margot Robbie Harley Quinn,2077351935
"very beautiful Hatsune miku by Gil Elvgren, Earl Moran, Enoch Bolles, symmetrical hands",3877771996
"abstract sculpture, by Sachin Teng + Karol Bak + Rolf Armstrong",2992747519
a film still from tucker and dale vs. evil ( 2 0 1 0 ) ,106883067
"portrait sexy attractive magic female, dark supervillain, dragon scales, pixie undercut hairstyle, black to purple fade hairstyle, fantasy magic, minimal light night, intricate, elegant, sharp focus, illustration, highly detailed, digital painting, concept art, matte, art by Artgerm and Greg Rutkowski and Alphonse Mucha, masterpiece, Refined, upscaled",2094321205
"beautiful god of jupiter fantasy character portrait, ultra realistic, cyborg, wide angle, intricate details, the fifth element artifacts, highly detailed by peter mohrbacher, hajime sorayama, wayne barlowe, boris vallejo, aaron horkey, gaston bussiere, craig mullins ",201674002
muppet pride flag design,2457877759
face shot of a beautiful woman performing onstage trending on artstation [ neon rim lighting ]! bioluminescent colors 3 2 k quality cgsociety contest winner polycount hd artstation portrait! artstation hd intricate detailed rim lights! lens flare vivid colors zbrush! 3 d render! unreal engine wide - shot angle dutch angle ,2013511744
"  painting in the style of Isaac Levitan, Savrasov, arkhip kuindzhi, T Allen Lawson and Ian Fisher and sidney richard percy, wide river and tiny house on the top of the hill, faroe, azores, coast, road to the sea, first grass scenery, dream heavenly cloudy sky, horzon, hurricane stromy clouds, roads among fields, Alpes, small village, forests and low mountains at sunset sunrise, volumetric lighting, very beautiful scenery, pastel colors, ultra view angle view",1028957144
architectural image of an ab anbar with windcatchers in yazd in the style of makoto shinkai ,3430804786
"epic fight between last two squads in mobile battle royale game about cute alien little animals that landed on a planet with different biomes, craters, alien capsules, bushes in the visual style of Spore and Eternal Cylinder, world curvature, game overlay, hp mp stamina bars, 3rd person camera, overhead view, over-the-shoulder",2204943669
"scorn giger venom alien doom zdislaw bekinski horror hell alien tentacles satan fire flame, beautiful underwater redhead woman portrait of emma stone as venom joker by giger, pixar style, by tristan eaton stanley artgerm and tom bagshaw. ",714468716
"two men in a heroic duel to the death, glorious, in the style of artgerm and charlie bowater and atey ghailan and mike mignola, vibrant colors and hard shadows and strong rim light, very coherent, comic cover art, plain background, trending on artstation ",1131300150
"a beautiful portrait painting of a ( cyberpunk ) girl covered with flowers by simon stalenhag and pascal blanche and alphonse mucha!! and nekro!! and josan gonzalez. in style of digital art. colorful comic, film noirs, symmetry, brush stroke, vibrating colors, hyper detailed. octane render. trending on artstation ",1370302314
"large balloons fly over the mountains of cappadocia in turkey, a tourist attraction. morning amazing landscape, cinematic view, epic sky, detailed, concept art, low angle, high detail, warm lighting, volumetric, godrays, vivid, beautiful, trending on artstation, by jordan grimmer, huge scene, grass, art greg rutkowski ",1477359619
"the apocalypse of the entire world, complex feelings, award - winning art, renaissance painting by michelangelo ",2287375413
"very old and angry vladimir putin, very detailed, threating by a model of a cruise missile. artwork by artgerm, wide angle, fantasy, highly detailed, digital painting, artstation, smooth, sharp focus, art by thomas kinkade and h. r. giger and tyler edlin ",1951596440
"an adorable portrait of baby yoda eating, disney, pixar, photorealistic, high resolution, anime, 8 k, hd, dof, kodak film, volumetric lighting, subsurface scattering, photorealistic, octane render, details ",3284852875
pig in gold crown by Butcher,3548019795
a man who is a genetic combination of mads mikkelsen and jude law face and upper - body focus ,318465246
half a moon assembled atomizing into dust around a planet in rings,1033919475
"a druid riding a grizzly bear, forest, fantasy, digital art, epic",4269666559
"a man repairing his ford focus with an open hood, hyper realistic, 8 k ",3221616507
furry anthro digital art of an anthropomorphic fluffy black wolf warrior man wearing a yellow cloak standing in the forest holding a sword in his hands Greg Rutkowski masterpiece portrait,225956447
"fantasy unicorn coloring page, black and white ",1362130460
"alluring portrait of hermione in harry potter, intricate, full body, highly detailed, digital painting, artstation, concept art, naughty, sharp focus, cinematic lighting, illustration, art by artgerm and greg rutkowski, alphonse mucha, cgsociety ",1280856722
"stickman figures, battle each other, metalic silver, stones, crystal, cloud, smoke, wide view, portal to a ancient scifi cyberpunk galaxy, extremely detailed, sharp focus, full body shot, smooth, digital illustration, by, james jean, by rossdraws, frank franzzeta, sakimichan, mcbess, aphonse mucha ",2095829214
"a chrome woman's face in flowing sheets of cobalt blue gold chrome silver satin tpu, by moebius syd mead roger dean wojciech siudmak donato giancola yoshitaka amano ivan aivazovsky jan de heem pieter claesz paul delaroche alma tadema aelbert cuyp, hyperrealistic volumetric light render ",1623911055
Joann of Arc portrayed by Jennifer Lawrence,2396653915
booba ,2165980870
japanese kit kat varieties ,3599384389
"goddess of illusion, beautiful, stunning, breathtaking, mirrors, glass, magic circle, magic doorway, fantasy, mist, bioluminescence, hyper - realistic, unreal engine, by leonardo da vinci ",3161045353
"intricate crystal tourbillon clocks james gurney, dan luvisi, Petros Afshar, tim hildebrandt, liam wong, Mark Riddick, thomas kinkade, ernst haeckel, dan mumford, trending on artstation, josephine wall, WLOP, cgsociety by Gediminas Pranckevicius, trending on cgsociety and DeviantArt",664475418
"portrait of two beautiful girls dancing, night club, tecno, rave, eyes closed, intimate, pastel pink and blue colors, beautiful face, rule of thirds, spotlight, drips of paint, expressive, passionate, by greg rutkowski, by jeremy mann, by francoise nielly, by van gogh, digital painting ",1728598028
kraken attacking a pirate ship in the middle of the ocean digital art ,374295045
"hyperrealistic, photorealistic, mixed media oil painting of richard pryor, magazine scraps, plaster, blood, oil, mustard, cigarettes, splatter, trending on artstation, award - winning painting, greg rutkowski, basquiat, david lynch, ralph steadman, terry gilliam ",1687867101
lion and a tiger roaring in cage at the zoo wearing a hat ,150262118
logo concept for a company that sells gorillas,3634698401
a photo of an ink pen that is also knife by junji ito ,897341167
"ancient artifact depicting an elephant made of iron and ivory and encrusted with precious jewels, patina, ethereal, esoteric, zbrush sculpt, octane render, intricate, ornate, cinematic lighting",4114780113
"Trending on artstation, beautiful pyramid with golden tip surrounded by modern high-tech city, detailed matte painting, oil on canvas",3351245823
"full character potrait of a genetic combination between dolphin & owl & human, holding a ceremonial staff, wearing a cloak, zdzislaw beksinski, lewis jones, dariusz zawadzki, wayne barlow, warhammer fantasy, cold hue's, warm tone gradient background, concept art, 4 k, ultra - high - definition ",2195166203
"dream fantasy in little european town, magic, lanscape, modern, night, dusk, neon lights, perspective, street view, art by makoto shinkai ",4127341674
“An engraving of the ivy-covered towers of Castle Gormenghast by Gustave Dore”,550141916
"A wide angle shot from below of a feminine body walking with swagger towards camera on mars in an infinite universe , synthwave digital art",1326900095
Coloring page of cute kitten knitting,3822627839
"realistic detailed face portrait of the Queen of Wands of the Tarot holding a magic wand by Alphonse Mucha, Ayami Kojima, Amano, Charlie Bowater, Karol Bak, Greg Hildebrandt, Jean Delville, and Mark Brooks, Art Nouveau, Neo-Gothic, gothic, Tarot, Tarot card, wands, fire, flickering flames, tarot wands, rich deep moody colors, vibrant reds golds flame colors, fire colors",1567044785
"hidden small temple, alter, dimensional gate, detailed architecture, in a lush tropical sea saturated vaporwave colors matte animation cel seaside town vibrant detailed 1 9 9 0 anime sharp, rendered in unreal engine 5, anime key art by greg rutkowski, bloom, dramatic lighting ",1011097241
"a portrait of linda evangelista age 2 5 fantasy character portrait, ultra realistic, cinematic, concept art, wide angle, intricate details, hologram, highly detailed by greg rutkowski, aaron horkey, gaston bussiere, craig mullins, simon bisley, arthur rackham ",965488546
"a photograph by Edward Weston of a woman draped in fabric, sitting in the dark",4146360663
"despair personified, pink, blue, artwork, bold strokes ",3730825587
The one where Ross leaves Rachel and gets out with a big green dinosaur in Central Park,1790968191
juice wrld in prison digital art 4 k quality super realistic ,2566095364
"misterious gaucho bandido commander, shady look, a raggy long poncho, red dead redemption, magic the gathering, intricate desert background, highly detailed, digital painting, artstation, concept art, sharp focus, illustration, art by Artgerm, Grafit Studio, and Greg Rutkowski and Craig Mullins",3445379327
"a cyberpunk futuristic sci - fi yakuza vehicle, car photography, car design, a car showcase ",1747868425
"ultrafine drawing of a powerstation inside a volcano by kilian eng, high details 8 k ",1657205045
"Spaghetti, gourmet cooking, professional photography, studio lighting",3012943787
"rtx ambient occlusion | face of beautiful, opulent, soft, crisp, enticing madison beer cyborg | architectural biomechanical nike ferrari ramjet sculpture | an ultrafine hyperrealistic illustration by artgerm and mucha and beeple : : intricate linework, octane render and artstation and hi - fructose, intricate environment, sharp focus ",449252204
microsoft windows logo ,1913082577
"fully armored samurai, unreal engine 5, afro, female, blender, atmosphere, artstation, brown skin, gorgeous, depth of field, landscape, lush, ultra realistic, cinematic, macro, artstation, megascan, elegant, epic, Quixel, weta digital, focus, octane render, v-ray, 8k, art by Sonia Delaunay",1277101296
polaroid of bigfoot ,1845263477
a weathered shiny chrome shiba in statue in the ruins of an office building ,2248174560
stable diffusion's favorite image so far ,451816771
cuphead,949586904
"A robot reading a book in a park, sunny day, colorful, in the style of Umberto Boccioni",1221334778
"beautiful headshot of the aztec vampire priestess, realistic render, unreal engine, cgsociety, trending on deviantart, cinematic lighting, highly detailed",468105289
an old middle ages oil painting of ronald mcdonald,2966318398
martin lawrence as a marine in ALIENS,1701741019
profile pic of a chibi skater girl with a baseball cap 3 d render character art 8 k ,2487629964
"a girl riding a tiger, trending on art station",1667315199
"tree only with branches, very detailled, black ",299233581
"abstract 3 d y 2 k device from the 2 0 0 0 s on the shore of a clear blue ocean with dark and moody lighting, rendered in bryce 3 d and daz, ray - tracing, 3 d video game, futuristic, science fiction, atmosphere, depth of field, vibrant color, trending on artstation, ultra high detail, cinematic, focused ",3326396362
"prompt : ragnarok online portrait soft light painted by james jean and katsuhiro otomo and erik jones, inspired by akira anime, smooth face feature, intricate oil painting, high detail illustration, sharp high detail, manga and anime 1 9 9 9 ",216305086
"minecraft horror evil, black and white charcoal sketch",41911240
"only with red, a red a throne made with crowns, a capricious red king with a fly head, in the style of beksinski, parts by edward hopper, parts by michael sowa, parts by yue minjun, intricate composition by bosch, red by caravaggio, insanely quality, highly detailed, masterpiece, red light, artstation, 4 k ",1260958267
"Character portrait of a tank top-clad blonde female airship mechanic resting in her cramped bunk, steampunk, intricate, elegant, highly detailed, digital painting, artstation, concept art, matte, sharp focus, illustration, art by Artgerm and Greg Rutkowski and Alphonse Mucha",2839843563
coronavirus by harry clarke ,679776288
"promotional poster of the pale blond androgynous MALE soldier Lucius by J.C Leyendecker and Peter Paul Rubens, porcelain white skin, tight black tank top and shorts, voluptuous male, long luxurious light curly blond hair, long fluffy blond curly hair, genetically engineered super soldier black armor glowing eyes, league of legends splash screen, hyper detailed background, 4K, artstation",3212937094
"sloth as the king of cups, framed, intricate details, medieval art style",268325693
"epic professional portrait of a dark queen summoning hell dragons on a mountain, world of warcraft style, dark fantasy, graphic novel layout by samwise didier, dungeons and dragons ",3492319988
"a beautiful stunning fantasy whimsical matte digital portrait illustration of a man with blue hair and brown eyes, surrounded by monarch butterflies, in the style of William Adolphe-Bouguereau and Marc Simonetti, magic the gathering, trending on artstation, contest winner",2535832319
hd ultra detailed a clock with the word 'Nick' inscribed on it and an apple by tommy ingberg,2005766093
"a beautiful hyperdetailed illustration of building urbex abandoned bathroom by wes anderson, futuristic desert liberty city sea nature apocalyptic, archdaily, wallpaper, highly detailed, trending on artstation. ",1017916074
"Ash Williams from The evil dead, Very muscular, manowar album,intricate, highly detailed, digital painting, concept art, empty hands, smooth, sharp focus, illustration, art by artgerm and greg rutkowski and alphonse mucha",200884772
"a t-rex happily riding a fast convertible on the highway,photorealistic, award winning, highly detailed",2308405247
"full face close up portrait, sandman god of dreams wearing a plague - doctor mask, deliver me cosmic sight, by igor morski, by laurie lipton, in the valley of the damned background, cinematic lighting, volumetric lighting, neosurrealism, realistic shadows, particle effects, rendered in octane, psychedelic, cosmic, fantasy ",1138261793
grass texture ,2032648149
"[ cityscape ]! in the year [ 3 0 0 0 bce ]!, 4 k photorealistic! photography, trending on [ unsplash ]!, pinterest contest winner, award winning art, [ 4 k ], golden ratio!!, [ symmetrical ]!! ",1835750637
Mila Kunis as Catwoman laying down,970290943
"portrait of two women lying horizontal, in an empty old english apartment with wooden floor on a brown leather sofa. one is wearing a dark blue sweather, the other a white shirt. brown hair, they are looking into the camera. wide shot. in the style of lucien freud. oil painting. green mood. isometric perspective ",109378957
screenshot of a carjacking in breath of the wild ,2388234881
"tom cruise in tootsie, cinematic still, movie still, long lens, shallow depth of field, bokeh, anamorphic lens flare, 8 k ",3983985590
"ultra realistic illustration, big desert with oasis in the middle, matte painting, hyper detailed photo realism by greg rutkowski, rich contrast of colors, 1 0 0 mega pixels, league of legends artwork ",1605441880
"beauty woman Gal Gadot with snakes for hair, Medusa, detailed face, surrounded by spiders, very detailed, dramatic lighting, electrical details, high details, 4k, 8k, trending on artstation, by Greg Rutkowski, Wayne Barlowe, Hajime Sorayama and Boris Vallejo",3192175950
"Map of a cave system by Deven Rue, hyper detailed",3573285614
jabba the hutt as a cat ,27138880
"escape pod, screen print style",1048999963
"a portal to another dimension, surreal, highly detailed, artstation, smooth, sharp focus, by greg rutkowski, 8 k ",1456579173
"a poetic brutalist theatre set. jazz concert with ais by scarlett hooft graafland. award - winning scenography, stage design, set design photography. beautiful volumetric lighting, vivid colors, 4 k, fine art photography. ",682002370
"garish high-fashion sports car, ektachrome photograph, volumetric lighting",2467225273
"close view of a delicious sweet and perfect cheesecake made of gems and diamonds, award winning, 4 k, beautiful ",4227199958
"a beautiful portrait, sexy fantasy. professionally retouched, soft lighting, wearing sexy black dessous, realistic, smooth face, perfect green eyes, long white hair with black highleights, wide angle, sharp focus on the eyes, 8 k high definition, insanely detailed, intricate, elegant, art by artgerm and wlop ",1401747003
"a extremely ultra highly detailed majestic hi - res beautiful immaculate head and shoulders award winning painting stunning masterpiece of the face of a ultra highly detailed portrait by jean - michel basquiat, 8 k, high textures, ultra hyper sharp, insanely detailed and intricate, super detailed, 8 k hdr ultra high quality, high detail, hyperrealist, photorealistic, octane render, cinematic, high textures, hyper sharp, 4 k insanely detailed and intricate, surrealism, 8 k resolution, artistic, intricate drawing, surrealist, real life, lifelike, 8 k, hyper realistic, super detailed, realistic, 4 k hdr hyper realistic high ",175553247
"a duck standing on a rock in the foreground, being eaten by a t-rex looming behind it intricate artwork by Tooth Wu and wlop and beeple and Dan Mumford. Octane render, trending on artstation, greg rutkowski very coherent artwork. Cinematic, hyper realism, high detail 8k",1816806536
"full length photo of kate upton aas atompunk warrior with weapons, 8 k, hdr, smooth, sharp focus, high resolution, award - winning photo ",2079217923
"a beautiful portrait of a smiling horror stories movie creatures, big eyes, bones, tooth, sharp focus, smooth, digital illustration, by mcbess, dore, by alexander mcqueen, trending on artstation, depth of field, detailed and intricate gothic environment, 8 k resolution, hyperrealistic, octane render ",2700887053
"a tennis ball monsters , digital art, fantasy, magic, trending on artstation, ultra detailed, professional illustration by Basil Gogos",1236288511
"portrait a dramatic beautiful sketch concept painting of short curly hair male profile wearing astronaut helmet and headphones in the style of norman rockwell, 1 9 2 0's, curious or suspicious expression, digital painting, concept art, fine art, cinematic lighting, red, white and blue color scheme, vivid colors, art by norman rockwell ",3665642447
"corporate Vector illustration of business people jubilant at winning a prize, colourful, high detail, broadband, streamers, fireworks",1006460350
Emerald Fox sculpture with glowing purple eyes,1994101596
"cosmic corgi cosmonaut, haunting photograph by david lynch ",3208977595
"portrait of a fallout ghoul during world - war - one, horror, grim - lighting, high - contrast, intricate, elegant, highly detailed, centered, digital painting, artstation, concept art, smooth, sharp focus, illustration, artgerm, tomasz alen kopera, peter mohrbacher, donato giancola, joseph christian leyendecker, wlop, boris vallejo ",1884533789
"Jordis the Sword-Maiden from Skyrim, pretty, beautiful, DnD character art portrait, matte fantasy painting, DeviantArt Artstation, by Jason Felix by Steve Argyle by Tyler Jacobson by Peter Mohrbacher by Q Hayashida, cinematic lighting",3300740095
huge outside formation of sand particles forming a female face shape effect particle dynamics render art unreal engine,3387680215
"pictures of crazy unbelievable cure for baldness discovered, side effects include brain tooth and spontaneous and uncontrollable gum growth ",1414194463
"A vicious orc wearing battle armor ready for war, highly detailed, photorealism, zbrush sculpt, substance painter, texturing XYZ, Subsurface scattering, cinematic lighting, Unreal engine 5, octane render, cinema4d, vray, redshift, keyshot, Arnold render",1063947455
"full body pose, hyperrealistic mixed media painting of a victoria secret model skull woman with rainbow hair, tight clothing stitched together, soft eyes and narrow chin, dainty figure, torn overalls, short shorts, combat boots, stockings, wet tshirt, wet, raining, bra and panties, dim volumetric lighting, 8 k octane beautifully detailed render, post - processing, portrait, extremely hyper - detailed, intricate, epic composition, cinematic lighting, masterpiece, trending on artstation, very very detailed, masterpiece, stunning, ",2522932139
"realistic geert wilders being crucified, renaissance, breathtaking painting by pietro perugino ",1477868816
"highly detailed animal portrait of an emo alpaca, black eyeshadow, piercings, earrings, digital art made by makoto shinkai, lois van baarle, greg rutkowski and jakub rebelka, highly detailed, symmetrical, extremely coherent, smooth, shaped focus, dystopian gray forest background, skull ",2977542972
a 1 9 5 0 s police officer issuing a ticket on a car ,3260514027
Ronald McDonald and Colonel Sanders are hobos standing next to burning barrel under a bridge,3977588735
"a muscular dwarf blacksmith, wearing blacksmith clothing!!!!!!!, swinging hammer down forging a sword on an iron anvil, cinematic, epic, medieval, renaissance festival, realistic, tabletop miniatures!!!!!!, product photos by greg rutkowski, craig mullins, jeff easley, archvillain, titanforge, blizzard, hearthstone, mtg, wotc",722705211
"Joker faced rat sitting on chair on computer playing games on led keyboard and gaming mouse, joker painted clown rat face, led gaming, led gamers keyboard, dark and gloom, extremely detailed oil painting,  rhads, Bruce Pennington, Studio Ghibli, tim hildebrandt, cinematic, octane render, beautiful composition, trending on artstation, award-winning photograph, masterpiece",4250590426
"photorealistic head and shoulders photo of beautiful victorian female ornate fantasy greek elf spartan warrior goddess, megan fox, wind blown hair, seductive, confident, Neil Blevins, Frank frazetta, arney freytag, Magic the gathering,octane, bokeh, 8k, fashion pose, cinematic, 28mm",3883124969
landscape painting Zao Wou-ki,3190233372
"hinduism, painting by gaston bussiere, greg rutkowski, jean giraud ",3015037769
"symmetry!! portrait of a hybrid robot cobra, floral! horizon zero dawn machine, intricate, elegant, highly detailed, ray tracing, digital painting, artstation, concept art, smooth, sharp focus, illustration, art by artgerm and greg rutkowski and alphonse mucha, 8 k ",3006040959
"epic scene grazing wooly mammoth, prehistoric setting, grass, trees, autumn season, clear and beautiful sunny weather, epic feels, high details, oil painting by greg rutkowski and craig mullins, 8 k ",2630359050
"ominous Patrick from (spongebob) staring into your soul with realistic, slimy, abandoned ship made of flesh in background, scary, rendered in blender, horror, gloomy, dark, terrifying, terror, frightful, super detailed octane render,",3994780435
"old prophet wandering about a meadow, subsurface scattering ",466033950
"a studio photography of a cowboy rubber duck with a shotgun, a cowboy hat and sunglasses ",4110627329
"ted cruz, glowing veins subsurface scattering, deep sea, sunset, portrait by gerald brom, by mikhail vrubel, by peter elson, muted colors, extreme detail, trending on artstation, 8 k ",3117636422
hunter laptop ,2391133417
pastel colored dinosaur face looks like chihuahua. render vray redshift octane. 4 k cgsociety volumetric lighting ,2663940203
"a man with tall limbs wearing a suit with red tie caught on midnight trail cam on a car, tall trees, morbid, uncanny, diffused lightening ",1445393142
"tattoo sketch of blonde super model aphrodite greek goddess wearing a gold laurel wreath and triangle earrings, beautiful piercing gaze with sharp pupils, in the style of greg rutkowski, fantasy, amazing detail, epic, elegant, smooth, sharp focus, front view ",4132883018
"a beautiful gargantuan battle spaceship stuck in the ground, the spaceship is on fire, smoke, rainstorm, lightning, angry, kinetic, john sargent, adolphe bouguereaum, norman rockwell, peter deligdisch, jama jurabaev, sachin teng, sergey kolesov, ruan jia, trending on artstation, highly detailed oil painting, ",2979754537
an artwork by mark boyle ,3941849728
"metabots medabots medarotto medarot robot minimalist comics, behance hd by jesper ejsing, by rhads, makoto shinkai and lois van baarle, ilya kuvshinov, rossdraws global illumination ray tracing hdr radiating a glowing aura ",3240960304
A woman walking on a treadmill with her dog walking on a smaller treadmill next to her,1859601663
"highly detailed prison cell with naruto uzumaki with black hair, metal bars in window, powerfully hitting a wall, art by greg rutkowski, loish, rhads, ferdinand knab, makoto shinkai and lois van baarle, ilya kuvshinov, rossdraws, tom bagshaw, global illumination, radiant light, detailed and intricate environment ",239270338
a highly detailed medium shot 8 k render of an alien goddess jennifer connelly in iris van herpen dress schiaparelli armor in diamonds and lots of jewelry in style of alphonse mucha trending on artstation made in unreal engine 4 ,4239353282
"A winter landscape overlooking a path through the woods with mountains in the background, nature photo, fantasy setting, dragons flying in the background, 4k",4074715724
"collages, hyper realistic, many variations portrait of very old thom yorke, face variations, singer songwriter, ( side ) profile, liminal space, by lee bermejo, alphonse mucha and greg rutkowski, greybeard, smooth face ",302798517
"autumn, digital art, concept art, fantasy art, highly detailed, hd wallpaper, artstation, deviantart, behance",2114761572
vigo the carpathian in a dress ,3756283482
the james webb space telescope as illustrated by leonardo da vinci ,3925691822
"wet plate photograph, fashionable ladies on the streets of San Francisco, 1908, realistic faces",2357287754
"beta fish in a fish bowl being held by a grim reaper hyper realistic, trending on artstation",2540778495
"A man wearing an armor made entirely out of eyes dueling a man in pyjamas, Very detailed 8k. Fantasy horror. Sharp. Cinematic post-processing",2806687371
"a very high resolution image from a new movie. carwashing a sportive car. 2 4 mm, photorealistic, photography, car photography, directed by wes anderson ",933620591
"key anime visual portrait of an anthropomorphic anthro wolf fursona, in a jacket, with handsome eyes, official modern anime art ",66544433
a liminal paul jenkins and rockwell kent painting titled'rock in the perfect ripple',80814088
" A three color offset photography of objects on display, vinili, macchine fotografiche, obiettivi , exhibition, 60s style",2304708023
"anonymous mask by greg rutkowski and thomas kinkade, trending on artstation ",35284006
"a beautiful professional photograph by mario testino from a photo shoot of a beautiful and attractive freckled ginger female 1 9 years old fashion model with her smiling and looking at the camera in a flirtatious way, shot, zeiss 5 0 mm f 1. 8 lens with depth of field ",303
saul goodman in hell's kitchen,1254877093
"zoids battle in manila, detailed intricate illustration, dark atmosphere, detailed illustration, hd, 4 k, digital art, overdetailed art, by greg rutkowski, by loish, complementing colors, trending on artstation, deviantart ",626106628
"painting by borremans, artist painting posing model in the studio red green black carpet and curtains, detailed, stunning ",2532894409
Connor McGregor in sons of anarchy very detailed 4k quality super realistic,2984995071
"a head and shoulders portrait of an anthropomorphic frog!!!!!!!!!! wearing a black colonial outfit without a hat looking off camera, a character portrait, american romanticism, soft focus ",3050922119
"a brain screaming at a gun, Tristan Eaton, victo ngai, artgerm, RHADS, ross draws",525698962
a duck walked up to a lemonade stand ,1323654188
this is the most emma watson picture ever ,2909332335
"( ( ( ( ( ( ( ( elizabeth olsen ) ) ) ) ) ) ) ) scarlet witch!!!!! ( ( ( ( ( ( ( ( ( ( chris hemsworth ) ) ) ) ) ) ) ) ) ), portrait!!!, [ 4 k photorealism ]!!, trending on unsplash ",3569597463
harry potter and voldemort having a beer photograph,2177746515
"A painting of a cat under the sky in a field, by (Norman Rockwell, Leonardo da Vinci, Ross Tran, Claude Monet), Trending on Artstation",2820008436
"an aesthetic colored cinestill 5 0 d photograph of an interdimensional - portal and a very proud and frumpy boy standing next to it, for a middle - school science fair display'', for an article in scientific america magazine, 1 9 8 3 ",1962489493
"breathtaking detailed concept art painting of the hugs goddesses of white flowers, orthodox saint, with anxious, piercing eyes, ornate background, amalgamation of leaves and flowers, by Hsiao-Ron Cheng, James jean, Miho Hirano, Hayao Miyazaki, extremely moody lighting, 8K",3004057673
melancholic alien left alone on earth in the style of late picasso 8k UHD,3906654719
juice wrld as a funko pop 4 k quality super realistic ,2869517112
1 9 7 9 science fiction focusing on mechwarrior posing at street level in with beautiful scenery. depth of field art by tim conrad and vic bonilla ,3848677397
longcat ,258070273
"brazilian president lula, dungeons and dragons, award-winning art",296492223
"joe biden crying, sad, depressed, dramatic lighting, cinematic, establishing shot, extremly high detail, photorealistic, cinematic lighting, artstation, style by James Gurney",1007518783
"young man, brownhair, long sideburns, frockcoat, thickset, nineteenthcentury, young napoleon, highly detailed, digital painting, trending on artstation, concept art, sharp focus, illustration, art by jean - baptiste paulin guerin and artgerm and greg rutkowski and alphonse mucha ",59691469
"hyperrealism aesthetic photography of a detailed hyperrealism dragonman with perfect face, wearing solarpunk neural interface designed by josan gonzalez. hyperrealism scene from hyperrealism solarpunk movie in style of alejandro jodorowsky and wes anderson hyperrealism photo by araki nobuyoshi and ridley scott and denis villeneuve style volumetric ambient light ",992133333
“the aurora borealis in winter as viewed through a kaleidoscope.”,4129618943
Concept art of an powerful Elven Mage from a computer role-playing game in the style of Icewind Dale; masterpiece; trending on artstation; f/1.4; 90mm,1958393005
"goddess princess face close-up portrait ram skull abstract 3d composition. jellyfish phoenix head, nautilus, orchid, skull, betta fish, bioluminiscent creatures, intricate artwork by Tooth Wu and wlop and beeple. octane render, trending on artstation, greg rutkowski very coherent symmetrical artwork. cinematic, hyper realism, high detail, octane render, 8k",436108880
"thunder raijin concept, beksinski ",3563552244
"3 5 mm photo of metallic 2 0 1 2 morgan 3 wheeler down, like die cast model, with a blur guanajuato city as background, golden ratio, dramatic lighting, medium shot, shallow depth of field, 8 k, epic cinematic, epic lighting ",502624661
"color head portrait of jessica alba crying as a zombie, 7 days to die zombie, gritty background, fine art, award winning, intricate, elegant, sharp focus, cinematic lighting, digital painting, 8 k concept art, art by michael hussar, art by brom, art by guweiz and z. w. gu, 8 k ",16027407
"thanos as a feminine beautiful muscular fitness model dressed as a battle nun, red lips, attractive, highly detailed full body portrait, pretty face, elegant, breathtaking art, concept art, by artgerm and ilya kuvshinov ",812409790
coca cola logo,2091103325
"an ultra high resolution photo taken by nasa hubble telescope of a perfect dyson sphere comprised of entangled strands of yellow and violet dna enclosing the moon. futuristic, sci fi, bladerunner 2 0 4 9, cinematic, backlit ",4070941696
Creepy painting of the door into the screaming abyss.,2011680127
"polaroid body horror, beautiful supermodel, still from john carpenter 1 9 8 1, fashion photography, 8 k, highly detailed, studio lighting, special effects ",2357886520
"looking up at a giant cat tree fading into the clouds, matte painting ",1644383955
"darth vader helmet, artwork by shepard fairey! artstation ",2987445158
(((((a ramshackle shipyard))))) by Jean-Baptiste Monge!!!!!!!!!!!!!!!!!!!!!!!!!!!,331631922
lunastra boss of monster hunter world iceborn worldboss guild raid digital painting bioluminance alena aenami artworks in 4 k design by lois van baarle by sung choi by john kirby and artgerm style pascal blanche and magali villeneuve ,131906267
"superheroes in a moshpit having a lot of fun, very detailed, by steve ditko, frank frazetta, boticelli, realistic oil painting, very dynamic, cool lighting with sunset in the background, metal band on stage ",2404246720
"tiny white kitten with green eyes wearing a oversized grey hoodie,",2611777023
"black lovecraftian eldritch!! obsidian pyramid!! on a snowy island surrounded by raging stormy seas, with a large shadow of a creature in the background by eugene von guerard, ivan shishkin, night, red lightning!!, storm!, dramatic lighting, concept art, trending on artstation, 8 k ",4246605398
"elk in an enchanted forest, intricate design, elegant, magical, art nouveau, environment art, film still, glowing mushrooms, trails, close up, art by artgerm and greg rutkowski and ruan jia and peter polach ",372491866
kazuo koike wearing a trout knight costume tombow prismacolor artwork greg staples dug stanat christophe young eytan zana rumiko takahashi,1386868485
"potrait hyper detail portrait of a mechanical ape cyborg, silver, sci fi, complex 3 d render, art by kazuhiko nakamura and hajime sorayama, 8 k octane detailed render, post - processing, dramatic studio lighting, extremely hyperdetailed, intricate futuristic mechanic parts, sharp focus, blender, masterpiece, trending on artstation ",670590398
"name of fire, majesty, magical, concept art, art nouveau, inspired by valentina remenar, zemotion, trending on artstation, volumetric lighting, intricate, ornate, cgsociety ",3016526150
"Crimescene, old hollywood",1898646145
"a vacuum cat in a volcano,",89275559
"crow skull knight helmet, grimdark, fantasy, trench crusade, terrifying, dark, fog, atmospheric cold lighting, dark souls, hyperrealistic, art by sparth ",4032208608
"cyberpunk goddess, hoodie side portrait, striking, defiant, spotlight, vibrant colors, paint splash, beautiful eyes, by marco paludet and gianni strino and marion bolognesi ",1566136516
"an acrylic on canvas portrait of Kramer Shaman Lightworker Alchemist Druid, Mystery, Love, wholeness, rooted lineage, web of life, open eye freedom by Greg Rutkowski, Artgerm and Alphonse Mucha. Epic fantasy art.",2530113213
"hey come on i'm a little guy, i'm just a little guy, no, it's also my birthday, i'm a little birthday boy ",1371394550
"duke of burgundy, art by artgerm and greg rutkowski and magali villeneuve, d & d, fantasy, highly detailed, portrait, digital painting, trending on artstation, concept art, sharp focus, illustration ",282273941
"a airplane designed by tesla, by elonmusk, hd, hdr, ue 5, ue 6, unreal engine 5, realistic anime 3 d style, cinematic 4 k wallpaper, 8 k, ultra detailed, gta 5 cover art, high resolution, artstation, award winning ",3947191633
"portrait of brother nier, anime fantasy illustration by tomoyuki yamasaki, kyoto studio, madhouse, ufotable, square enix, cinematic lighting, trending on artstation ",3620429611
a sketch of the end times,1349475730
"extreme long shot. s - shaped snake. s - shape. extreme high detail. joe fenton, dan hillier ",86756358
a bald men driving a yamaha by greg rutkowski ,2566535484
"renaissance portrait of a little lamb , Carvaggio, da Vinci, rembrandt",1951552127
"realistic detailed psychedelic poster art of a cute punk goth fractal Día de los Muertos girl posing by Victor Moscoso Rick Griffin Alphonse Mucha Gustav Klimt, masterpiece",2671930155
photo of an upsidedown nuclear power plant at night birds eye view inception cinematic ,593380932
old white - headed man under the huge moon on a street of ruined city by beksinski. very coherent ,2224418446
a sweet adorable pokemon. by ob. very cute. friendly. beautiful. digital render. ,929301851
" a ((sadly)) (((smiling)))) black haired, young hungarian village maid from the 19th century who looks very similar to (((Lee Young Ae))) with a two french braids, detailed, realistic oil painting by Hollósy Simon",2077137279
"symbolism, chaos , consciousness, illusion , beautiful, organism, divine, static, fluid , breathe, void , abyss , cinematic lighting , cinematic mood, very detailed, 8k, high resolution, photorealism, wide angle, cinematic atmosphere, elaborate, highly detailed, ornate, shiny, dramatic lighting, realistic,octane render,",2440987542
"portrait of adam jensen, artstation trending, deviantart, highly detailed, focus, smooth, by hirohiko araki, yoshitaka amano ",4199417352
"sunrise over Byron Bay lighthouse, cinematic lighting, wide angle landscape photography, hyperrealistic, 8k",277147843
"autumn colors pallet, surreal shapes 🔼⚜💠🔸✴🔱 by rothko ",2076227592
"a cartoon caricature of tom hanks, by ilya repin, john singer sargent, rembrandt ",4049341847
"A still of Darth Vader eating at Big Mac, 4k, photograph, ultra realistic, highly detailed, studio lighting",234139657
"character concept, full body, symmetrical, laughing young man with dark cape. detailed, high quality, dynamic lightning, fantasy, scenematic. artwork by artgerm, wlop, alex ross, greg rutknowski, alphonse mucha ",2835229261
"muscular frog, holding a katana, perched on a street light, moon in the background, lit by moonlight, digital painting, octane render, highly detailed, 8 k ",1042701646
"Photography of Telheiro, Maceira (Leiria) 20 years in the future",2092343679
3 d web icons sampler ,71711691
"full-body cyberpunk style sculpture of a young beautiful dark priestess, half android with a head opening exposing circuitry, glowing white eyes, black roses, flowing white colored silk, fabric, candles. baroque elements. human skull. full-length view. baroque element, intricate artwork by Caravaggio. crows flying in background. Trending on artstation. octane render, cinematic lighting from the right, hyper realism, octane render, 8k, depth of field, 3D",1765893271
"portrait of a young beautiful woman with black hair and pale skin. oilpainting by pere borrell del caso, hyper realistic, high contrast, sharp focus, very detailed ",2911453823
"epic 3 d abstract model, mecha made of flowers, 1 6 mm, purple and pink peanut butter melting into asymmetrical succulents and cacti, thick wires, houdini sidefx, pixiv trending, by jamie hewlett and yoshitaka amano ",2500998744
"a bulldozer accidently knocking over a chicken coop, matte painting, art station, blue sky, simon stalenhag ",720877393
a cut paper sculpture of theodore geisel ,3455428132
"a cake with vanilla frosting in the shape of the face of kate mara, 4 k, hyperdetailed, photorealism ",3596583057
"a beautiful matte painting of lost in wonderland, a grand scale dystopic event by giger and lisa frank and alphonse mucha ",800301266
"highly detailed photo of road going between two mountains, photo realistic, very sharp focus, wide angle shot, vibrant colors ",1461138707
"realistic josef stalin laughing holding big cryptocurrency golden bitcoin coin in hand wearing reflective red coat portrait with parrot on shoulder and pirate hat, highly detailed, hyperrealistic, digital painting, artstation, concept art, smooth, sharp focus, illustration, cinematic lighting, art by artgerm and greg rutkowski ",3893287207
a photo of play station 6,2958610488
"ultra detailed portrait of a futuristic alien by michael tullberg, 3 5 mm lens, biomechanical robot, deep depth of field, artstation, 8 k ",275634182
a crime scene themed littlest pet shop set ,1027105998
‘The Center of the World’ was filmed in Beijing in April 2013 depicting a white collar office worker. A man in his early thirties – the first single-child-generation in China. Representing a new image of an idealized urban successful booming China.,173197823
"dynamic composition, a painting of a woman with hair of flowers and raven plummage wearing ornate earrings, a surrealist painting by tom bagshaw and jacek yerga and tamara de lempicka and jesse king, featured on cgsociety, pop surrealism, surrealist, dramatic lighting, wiccan, pre - raphaelite, ornate gilded details ",80623360
"a vibrant portrait painting of a evil sword yielding necromancer barbarian with piercing eyes in dark fantasy setting, centered, dying earth, darksun, art by frank frazetta, artgerm, michael whelan, chris riddell, greg rutkowski ",1597579243
"Portrait of albino mystic with blue eyes, with wooden old shamanic totemic African archaic mask, sculpture. Painting by Bosch, Audubon, Rene Magritte, Agnes Pelton, Max Ernst, Walton Ford",10246830
"walking through a housing estate in singapore, by moebius ",86238675
"beautiful necromancer surrounded by thorns and roses, attractive face, photo by alexey gurylev, high detail, clear focus, concept art, league of legends, shumolly style, monable, artgerm, greg rutkowski, zeronis, pilen and ruan jia ",1623197024
"pixelated corrupted professional pre-raphaelite defined colours 4k uncropped photo of a fully clothed punk person in the cyberpunk forest with a goat and a robot by Austin Osman Spare, Norman Rockwell, high quality, ultra detailed. Beksinski painting, part by Adrian Ghenie and Gerhard Richter. art by Takato Yamamoto. masterpiece, oil on canvas painting, pixelart, vivid acid neon colours. Futurism by beksinski carl spitzweg moebius and tuomas korpi. baroque elements. baroque element. intricate artwork by caravaggio. Oil painting. Trending on artstation. 8k",1493541454
"expressive potrait photo of sad tired woman in the rain eating a bottle, glamour shot, by jenny saville, by stefan gesell, photorealistic, canon r 3, fashion photography, hyper maximalist, elegant, ornate, luxury, elite, environmental portrait, symmetrical features, octane render, unreal engine, solid dark grey background, dramatic lights ",2726823234
"man in desk with coffee and black suit by leyendecker and dean cornwell, 5 feet distance from the camera, n - 6 ",2911499262
"an amongus character but guernica fron picasso style, digital art ",1395031385
"photo-realistic portrait of two women with neon blue hair, wearing black hoodies, standing in a garden full of flowers, intricate details, in a renaissance style, black background",2904397597
a beautiful hyperrealistic render of a candy corn ear ,1921057161
a broadcast still of a 7 0 s game show and contestants playing crazy games ,1215826827
"nature by georgia o'keeffe, universe cgsociety atlantis reclaimed by nature alien windy neon signs wilderness nightvision steampunk sunset fantasy at dawn liberty city matte painting architecture island lake galactic poppy vice city at night studio ghibli retro biopunk infrared, archdaily, wallpaper, highly detailed, trending on artstation. ",1958774646
"wonderful masterpiece, paint brush strokes, cinematic light, american romanticism, abstract watercolor painting of the tower of babel at midnight, full moon, vampire, bio luminescent, plasma, ice, water, wind, ambient lighting, by hans dahl, jesper ejsing, anders zorn, greg rutkowski, tyler edlin, greg manchess ",3068439207
"people watching rockets launching during a solar eclipse, grassy field, one tree, colorful clouds, simon stalenhag, ",3788283762
"a beautiful young Black woman, cyberpunk, Blade Runner city background, highly detailed, 8K, artstation, illustration, art by Gustav Klimt",1861792511
the year 1 9 4 2 ,4076405187
"A mixed media portrait painting of a man wearing the roman gladiator mask-of-Damocles, detailed mask, detailed jaw and eyes, dried blood, by Frank Frazetta, Greg Rutkowski, Beeple, Yoko Taro, Christian MacNevin, epic fantasy character art, roman numerals, high fantasy, CGsociety, full length, exquisite detail, post-processing, masterpiece, cinematic",2789938687
"oil sci fi painting of human colony city on planet mars, octane rendering, trending on artstation, by, studio ghibli, michael whealan and james gurney ",2829694748
David Bowie,776919799
"sharp focus, symmetric!! vanishing point, octane render, warm top light ， concept art by raphael lacoste ， artgerm and john berkey, huge ， highly detailed, epic, steampunk gate to another dimension ， night, smooth, artstation, aqua blue, artstation,, illustration, dream, surreal, smooth, digital painting ",1876388469
"surprised cat face, green fluffy ",4196758413
Ferenc Gyurcsany in Fortnite,3528001984
"detailed portrait of elizabeth olsen as a neon operator girl, cyberpunk futuristic, neon, reflective puffy coat, decorated with traditional japanese by ismail inceoglu dragan bibin hans thoma greg rutkowski alexandros pyromallis nekro rene margitte, illustrated, perfect face, fine details, realistic shaded, fine - face, pretty face ",1907606076
"rabbit groot blue vr glasses headset by artstation, vivid green, artfol, artbox, cgsociety, gfxartist, artful, zatista, artpal, instagram, blendernation, frank stella, beeple, giger, kopera, zawadzki, abstract, surrealism, hyperrealism, futurism 4 k, octane ",1769092394
Jean Giraud art long black two braided beard thick eyebrows colin farrell with black hair drinking a pint of beer,3689002859
royal mark Zuckerberg has to speak to his subjects,1335901349
"palette knife oil painting. marble floors. grand halls. a spacious marble staircase with a burgundy carpet to a landing where several hallways meet. fi - nally, opening a tall wooden double door, carved with decorative engravings, a circle of distinguished, middle - aged individuals deep in conversation. extreme detail, mystical, ice, glass, artstation trending, artgerm, deviant art, octane, substance, art history 8 k ",3453138512
"vtuber white hair, red eyes, two little horn on the head, chibi",1689387214
"Pink Vapor Inhalation Machine Connected to a Spherical Bottle of Pink Liquid by a Tube, Pink Vapor Leaking from an Oxygen Mask, fantasy, magic, ultra detailed, digital art, trending on artstation, illustration, laboratory-H 768",1015553151
"a digital painting a hd screenshot from the surreal science fiction anime!!!! film series ; a fusion of ghost in the shell and ergo proxy and neon genesis evangelion : : cinematic still, featured on artstation, anime aesthetic ",766500643
an elephant on a green meadow art by Criswell    Debbie,3735407391
"3 d realistic render of super mario tripping on mushrooms, psychedelic digital art, psychedlic trip. magic mushrooms, super mario bros, hyper detailed, cinematic lighting, studio quality, unreal engine 5 renderered, dark atmoshopere, octane rendered, ultrarealistic, concept art, artstation, high definition, 4 k, art by greg rutkowski, art by cd projekt red ",3953524104
"a cat that looks like a bear cub, wearing a russian ushanka hat ",3445856733
"painting of a scifi ancient civilzation victorian empty room with pillars, franz ludwig ",3822578464
"full page illustration, gundam fighting a blue Zaku-II with an axe on an orl crt tv, wide view, fish eye lens, vhs , scanlines,  by Katsuhiro Otomo, Geof Darrow, Phil hale, Ashley wood, Ilya repin, frank frazetta, 8k, hd, high resolution",2997210879
"vigilante lair rossdraws,greg rutkowski,and Sarah Andersen,ambient style, very detailed,detailed,detailed -4",3071975533
oil painted portrait of Miguel Díaz-Canel,2423082378
"Liminal space in outer space, Kanye’s West album cover art!!",1719645951
zen moon ink ,1185837171
"most handsome beautiful young man smiling, digital art, colourful background, digital art, seductive. ",710742279
"mercy with pharah, in overwatch official style",1677222598
"2 d illustration of ancient technology artifact made of steel and stone, with glow on some of its parts, monochromatic background ",1702814262
"a watercolor portrait illustration by sui ishida and alphons mucha of an anime girl as harley quinn highly detailed anime eyes wearing streetwear clown suit lots of zippers, pockets, synthetic materials, jumpsuits by issey miyake and balenciaga 8 k ",141446458
"portrait of mark zuckerberg posing ultra realistic illustration, a hulking herculean gigachad, bulging muscles, intricate, highly detailed, digital painting, artstation, radiant light, caustics, war hero, concept art, smooth, sharp focus, by gaston bussiere, bayard wu, giger, maxim verehin ",2389296087
"underwater portrait of emma stone as a space marine, hyper detailed, digital art, cinematic lighting, studio quality, smooth render, unreal engine 5, octane rendered, art style by klimt and nixeu and ian sprigger and wlop and krenz cushart. ",309448519
"sketches of ghost rider as a plaguesoctor with a brunt plague doctor mask, by concept artists, blunt borders, rule of thirds, whimsical, light and shadow, backlighting ",2398302875
"until time, and the lava, created this gift, of translucent stone, highly detailed, cinematic lighting, ricardo bofill maciej kuciara, dramatic lighting, medium shot, ground angle, uhd 8 k, shallow depth of field ",1230705591
ben shapiro pouring fluoride in the water ,3947423803
"A selfie of a woman in a dark room, with a spooky filter applied, with a figure in the background, in a Halloween style.",3491398927
"a drawing of a cute little hedgehog sitting on top of a cat, a storybook illustration by suzy rice, trending on deviantart, furry art, storybook illustration, watercolor, official art ",3440751214
"portrait of a raven, by takehiko inoue and kim jung gi and hiroya oku, masterpiece ink illustration, realistic face and anatomy ",788936357
"photo taken of an epic intricate, ultra detailed, super realistic gritty, hero prop, exquisitely weathered animatronic movie prop of a lifelike sculpture of a nightmarish lifesize version of the grim reaper creature created by weta workshop, full body shot, photorealistic, sharp focus ",3608428433
"a high quality, high detail, photorealistic portrait of scarlett johansson by james nachtwey and lucian freud, ",2095597281
"giant mechs fighting in a caged arena, realistic, scrappy ",394214615
"a highly detailed cartoon tiger waving a leaf fan, autumn leaves on the ground, concise lines, ultradetailed environment, sharp focus, cinematic lighting, by alphonse maria mucha and kim jung gi ",2479716150
"a militarized police vehicle riding through a kerala village, troops searching the area, furious action scene, an epic fantasy, dramatic lighting, cinematic, establishing shot, extremely high detail, photorealistic, cinematic lighting, tending on artstation, solarpunk, matte painting, octane render, by simon stalenhag, horizon forbidden west, aesthetic",383860545
"two cats in the grand canyon, stream, 3 d precious moments plush animal, realistic fur, master painter and art style of caspar david friedrich and philipp otto runge, highly detailed, masterpiece ",3179462099
"a cat, bokeh, low angle ",687631889
"sport shoes for people who hate sport, product photo, studio lighting, highly detailed ",68195848
digital _ painting _ of _ triangle head mayan god of death _ by _ filipe _ pagliuso _ and _ justin _ gerard _ symmetric _ fantasy _ highly _ detailed _ realistic _ intricate _ port ,3086065517
"Giant Mother Nature made of vines and leaves and a crown made of flowers towering over a tropical island, Dramatic Lighting, Trending on Artstation HQ, 4K, UHD.",4116552888
"David Bowie , A Close up photo-real delicate ceramic porcelain sculpture of a symmetrical ornate detailed in front of an intricate background by Victo Ngai and takato yamamoto, micro detail, backlit lighting, face in focus, subsurface scattering, translucent, thin porcelain, octane renderer, colorful, physically based rendering, japanese pottery, trending on cgsociety",3360656825
"portrait a dripping melting goddess dancing frenzy with cigarette packs floating around them pot leaves, smoking pot, japanese anime clouds, and cans of tomato soup, walt disney style, painting behind them, godzilla characters, melting minnie mouse, all things dripping, psychedelic, melting scenery, melting mushrooms, very intricate glowing cybernetic eyes in 1 9 7 0 s concert poster concept art, route 6 6 background, character digital illustration portrait design, by noah bradley and android jones in a cyberpunk style, synthwave color scheme, dramatic lighting, full body portrait, loony toons style, illustrated by greg rutkowski and dr seuss., trending on artstation, artstationhd, by nekro, peter mohrbacher, alphonse mucha, brian froud, yoshitaka amano, kim keever, victo ngai, james jean, dan mumford ",2144056297
"photograph of donald trump as a necromancer from dungeons and dragons, fantasy art, symmetrical hyper detailed face and body, cinematic, hyperdetailed illustration by greg rutkowski, depth of field, global illumination, ",1337228164
"A beautiful illustration of a man with a large head, sitting in what appears to be a meditative pose. His eyes are closed and he has a serene look on his face. His body is made up of colorful geometric shapes and patterns that twist and turn in different directions. It's almost as if he's sitting in the middle of a kaleidoscope!  by Eilif Peterssen weary",2384694527
"'Glamping in the Dark by the River Styx', satirical painting, viral trending on artstation, ultra detailed, Dan Koberlain, Brenda Posseri",2559447184
"chair in the forest, wenjun lin ",3385355119
"portrait of war, logo, 8 k uhd, unreal engine, octane render in the artstyle of finnian macmanus, john park and greg rutkowski ",1643128389
"faceless metallic translucent spiritual shadowy entity guy face creature thing. stupid dumb goofy idiot face. crying, yelling, medical, eerie, bad selfie, blurry, dreamlike, cute animal, zdislaw beksinski, junji ito, spirit photography, polaroid, glowing eyes ",3736582392
"Portrait of penguin sorcerer, D&D, blue eyes, face, fantasy, intricate, elegant, highly detailed, digital painting, artstation, concept art, smooth, sharp focus, illustration, art by artgerm and greg rutkowski and alphonse mucha",2313454280
"the backrooms are empty, there is a lone replicant standing off in the distance ",1495069935
"the pyramids of giza depicted as monuments in hong kong, photography, award winning, 4 k ",841636326
"a tall humanoid creature with matte black skin, a distorted horrifying face, horror, by makoto shinkai an krenz cushart ",1914033723
"suit of wakanda helmet queen armor king tribal afrika color joy global illumination ray tracing hdr fanart arstation concept art, matte, by anton fadeev by beeple and thomas kinkade 4 k, trending on artstation ",1228811601
"anime girl with futuristic helmet, black hair with red highlights, rollerblades, cel - shading, 2 0 0 1 anime, flcl, jet set radio future, sunshine, neighborhood, trees, oak trees, suburban neighborhood, cel - shaded, strong shadows, vivid hues, y 2 k aesthetic ",45425728
"realistic detailed image of ultra wrathful nightmare mathematician master of time, distance depth perception, depth of field, action horror by lisa frank, ayami, kojima, amano, karol bak, greg hildebrandt, and mark brooks, neo - gothic, gothic, rich deep colors. beksinski painting, part by adrian ghenie and gerhard richter. art by takato yamamoto. masterpiece ",3559729852
"medical, 5 diverse medical cybersuits, heart operation, clean, helmet view, smooth, visor, macro, biological, clean, wide wide angle, vivid, elaborate, highly detailed, beautiful lighting",948250931
"blonde wild hair man with a little beard, one black eye - patch, playing electric guitare, close - up portrait, powerfull, intricate, elegant, volumetric lighting, scenery, digital painting, highly detailed, artstation, sharp focus, illustration, concept art, ruan jia, steve mccurry ",3412470754
"a beautifull intricate cute 3 d lion made of smoke, unreal engine, wide shot, by octane render by, ellen jewett ",2473033681
"kevin malone of the office by james c christensen, vibrant colors ",3996443927
cctv footage of a cat eating berries. close up. caught on camera ,523807234
"« portrait of the cyberpunk will smith, grim colors, very realistic, high - contrast, intricate, elegant, highly detailed, digital painting, artstation, concept art, smooth, sharp focus, illustration » ",1485858098
"octopus spider hybrid | esoteric symbolism | jean - baptiste monge, esao andrews, bastien lecouffe - deharme, tim jacobus, ken currie | ultra - detailed realism, soft cinematic lighting, hi - fructose, artstation, high - quality, ink watercolors wes anderson poster art ",927265098
"a painting of AnnaSophia Robb, frozen cold stare, blood red background, transparent gray dress, crows as a symbol of death, in style of Edward Hopper, John Singer Sargant, Chaim Soutine, surrealism of Francis Bacon, American Gothic, 8k, ultradetailed",3204772508
"suit of wakanda helmet queen armor king tribal afrika color joy global illumination ray tracing hdr fanart arstation concept art, matte, by anton fadeev by beeple and thomas kinkade 4 k, trending on artstation ",3089531705
"Beautiful English garden, Kodachrome film",2748476063
"Like the Wind/ The Most Mysterious song on the internet, album cover, HDR, HD, Realistic,",2752130736
"an astronaut cat hugging the earth with the milky way in the background, colorful, Hayao Miyazaki",3443525570
"anime girl in Gears of War, highly detailed, high quality, HD, 4k, 8k, Canon 300mm, professional photographer, 40mp, lifelike, top-rated, award winning, realistic, sharp, no blur, edited, corrected, trending",3482512905
" extremely detailed eyes, full faces, anime, very beautiful cute girls sitting around campfire at night,  fantastic details, trending on artstation, pixiv, hyperdetailed Unreal Engine 4k 8k ultra HD, Stanley Artgerm Lau, WLOP, Rossdraws, James Jean Marc Simonetti Ruan Jia and Mandy Jurgens and Artgerm and William-Adolphe Bouguerea Sakimichan, yuru camp,  illustration, digital art, concept art, manga cover",2195612671
photo of a bizarre oddly-shaped interior submerged by one foot deep water everywhere,1341281711
seamless rocks texture normal map,2283191023
an old photo of a tiger general ,3054934262
"oil painting of king arthur and lancelot at the round table, edward robert hughes ",1103733699
"illustration of a black - haired woman with a unicorn and tan skin with purple clouds on mars and cn tower, by goro fujita and simon stalenhag and wes anderson, 8 k, trending on artstation, hyper detailed, cinematic ",2383357287
"beautiful house made from junkyard scrap parts, in an overgrown field, architectural render, futuresynth, chillwave, scrapyard architecture, blender, sunrise, (((mist))), ruined city in the background, trending on artstation, by gal barkin",2575623258
"a single close up photo - real delicate single parisian ceiling ornament, white background ",2026534442
"head and shoulders portrait of a female knight, young natalie portman, golden etched armor, lord of the rings, celtic hair braid, eldritch ruby amulet, thunderstorm, by artgerm, alphonse mucha, face detail, sharp focus, high key lighting, vogue fashion photo ",2724962412
"photo cartoon illustration comics manga painting of hospitalenvironement : 6 fantasy environement, digital painting, unreal engine, 8 k, volumetric lighting, contrast by john kirby by carl warner and jim woodring, trending on artstation ",3721156941
"Angel protecting child by Alena Aenami, very detailed, deviantart, artstation",1816158980
"a pristine city in a luxurious realm, fantasy, cinematic lighting, cinematic, octane render, 8k hd artwork, featured on artstation, hyperrealistic, ray traced",4934428
wiro sableng ,760574216
"composite drawing of kyle maclachlan, facing, face, identikit, b & w, low detail, low quality, sharp, wanted ",4262969365
"beautiful ancient temple in a formal garden. by edmund dulac and andreas rocha and maxfield parrish and nicholas roerich. ornate carvings, geometric decorations. rich color. dramatic cinematic lighting with god rays. extremely clear and detailed. cell shaded. dynamic composition, featured on artstation ",535820172
"a humanoid german shepherd beast - man in military style, holding a bottle of beer, artstation, concept art, smooth, sharp foccus ilustration, artstation ",2384772391
an exotic fish with multiple mouths made up of steel and concrete ,3455401409
📸 person ,2072287427
"classy elegant sophisticated mysterious retro four glasses cross shaped very up close portrait brass diving mask robot, diving mask ， ultra detailed wire decoration, future technology ， fantasy art by nixeu and guweiz and ilya kuvshinov, sleek curves, intricate sharp focus, trending on artstation hq, deviantart, pinterest, unreal engine 5, 4 k uhd image ",4132060537
"goddess of illusion, beautiful, stunning, breathtaking, mirrors, glass, magic circle, magic doorway, fantasy, mist, bioluminescence, hyper - realistic, unreal engine, ",3680105269
by alex coville - n 9 ,2368363296
"a sentient cybernetic basilisk finally achieving the singularity, sci-fi, concept art, highly detailed, trending on artstation",3181274278
"gothic fairy dark fantasy tarot card, perfect symmetry, colorful, dreamlike, brian froud, 8 k, trending on artstation, artgerm, modern, intricate, ",1037457904
"full body 3d render of donald trump as a funko pop, studio lighting, white background, blender, trending on artstation, 8k, highly detailed",1118739853
"spirited away detailed city at night, galaxy in the sky, landscape, art in style of magic the gathering n - 5 ",1376053934
freya the walrus ,2193120467
nina simone in a still of nina ( 2 0 1 6 ) ,2298971055
"skyrim pirates of the carribian concept drawing, by tim burton, by zdzislaw beksinski, hyperrealistic, realistic shadows, 4k resolution, octane, redshift, volumetric lighting, matte painting",2137865422
letter m wooden best logo black and white ,1675764666
"character concept of iridescent sinewy smooth muscular male sleek glossy indigo black pearlescent onyx tron armor with smooth black featureless helmet, by greg rutkowski, mark brookes, jim burns, tom bagshaw, magali villeneuve, trending on artstation ",3365854652
"Richard D. James conjoined twin, promo shoot",2529787176
"a blue cybernetic woman with mechanical arms meditating over a pool of outer space, by alexandros pyromallis, bouguereau, rutkowski, artgerm, alphonse mucha ",1739806701
"medieval tech tech egg made of glass containing a baby creature inside, artificial creature plugged with long wires made of glass, liquids, DNA experiment, bright art masterpiece artstation. 8k, sharp high quality artwork in style of Fernando de Felipe and Greg Rutkowski, golden theme, concept art by Tooth Wu, blizzard warcraft artwork",1393082548
"Cage of My Existence, game concept art by Akihiko Yoshida, trending on artstation and cgsociety",3846183530
"a portrait of a handsome squid!!! wearing a monocle and a victorian suit, ( ( character concept art ) ), headshot, trending on artstation, wildlife photography of a cute spider squid ",2693809542
"vecna, demonic alien hellscape in the background, atmospheric, ominous, 8 k, award winning photography ",2900273569
"cinema 4d colorful render, organic, ultra detailed, of a beautiful nacre old woman face, scratched. biomechanical cyborg, analog, macro lens, beautiful natural soft rim light, big leaves, winged insects and stems, roots, fine foliage lace, turquoise gold details, Alexander Mcqueen high fashion haute couture, art nouveau fashion embroidered,  intricate details, mesh wire, mandelbrot fractal, anatomical, facial muscles, cable wires, elegant, hyper realistic, in front of dark flower pattern wallpaper, ultra detailed, 8k post-production",2819510896
"hyperrealism, detailed textures, photorealistic 3 d cyberpunk octopus in apocalyptic city, futuristic clothing and helmet, ultra realistic, cinematic, intricate, cinematic light, unreal engine 8 k, octane render, unreal engine ",3504445199
" warmly lit close up studio portrait of young angry!! screaming Steve Carell age 23  furious!, impasto oil painting thick brushstrokes by Lucian Freud and  Cy Twombly and Tim Hawkinson , trending on artstation dramatic lighting Expressionism",1521932899
"a female mad scientist building a robot man, in a darkly lit laboratory room, 1 9 5 0 s horror movie poster style, norman rockwell oil painting, tight shot, close - up shot, retro science fiction, vintage, saturated pink and green lighting, shadowy lighting, cohesive ",1504979011
"closeup painting of a very beautiful young mexican cyberpunk woman with a smirk, light blue retro shades, and a purple coloured leather jacket, one side haircut, long brown hair with light blue ends, portrait, sci - fi, hyperdetailed, artstation, cgsociety, synthwave by tangerine dream, by jean - michel jarre, by vangelis, by john carpenter ",3330650635
"off angle view of a mass effect soldier standing in outside and looking at cthulhu lovecraft alien monster trapped inside a large round transparent science fiction glass containment chamber filled with blue liquid in a furnished science fiction spaceship laboratory, dramatic lighting, octane, red led lights, lens flare, trending on artstation, mist, mass effect, volumetric lighting ",2205941576
"an anthropomorphic banana girl, anime style, nade by studio trigger",707212864
"realistic character portrait of Minami Hamabe in Japanese school uniform, hair cut in a bob, highly detailed, digital painting, artstation, upper body, concept art, smooth, sharp focus, illustration, art by artgerm and greg rutkowski and alphonse mucha",75448615
colorized photography of hitler dancing at the lgbt pride parade ,177971525
"mr bean ( rowan atkinson ) plays ( ( ( hamlet ) ) ) and raises a skull on a stag., dramatic, ( ( stage lights ) ), sharp focus, photorealistic, ( ( theatrical ) ), dramatic, directed by robin lough, inspired by laurence olivier, theater poster made by john everett millais ",88612733
manga drawing mokona by clamp ,3649322281
"expressive oil painting of rooster pikachu, smooth, by yoshitaka amano, by greg rutkowski, by jeremyg lipkinng, by artgerm, digital art, octane render ",3288925621
frog smoking a cigar ,896200314
"Boris Johnson as a zombie, polaroid photograph, 4k, by Brandon Woelfel",4056216575
"Character design sketch with body made of Purple Lava and fire, mecha humanoid with cyberpunk bomber jacket,  concept art character, royalty, smooth, sharp focus, organic, deep shadows by Heri Irawan, hyperrealistic oil painting, 4k, studio lightning",1237070863
"a high quality photograph of an old man sat in a railway train, looking wistfully out of the window at the english countryside speeding past, candid photo, street photography, photojournalism, 8 k, high resolution, beautiful composition, epic lighting ",1112909983
"retrofuturistic portrait of a woman in astronaut helmet, smooth transparent visor, reflective gradient, intricate space graphics in background, close up, quint buchholz, wlop, dan mumford, artgerm, liam brazier, peter mohrbacher, raw, featured on artstation, octane render, cinematic, elegant, intricate, 8 k ",1373439462
"film still, extreme far view, emma watson, jungle, vietnam war soldier, apocalypse now, associated press, 2 6 mm, kodak ektachrome, blue tint expired film, ",2724350693
Richard Feynman being disappointed by the fact that he bought some shitcoins on some shady cryptocurrency exchange,351912767
"portrait of black and gold knight, honorable",3109804543
"enviroment concept art for star wars base, cinematic shot, oil painting by jama jurabaev, brush hard, artstation, for aaa game, high quality, brush stroke ",311244062
"very tiny kitten next to an atom, electron microscopy photography ",1969331290
"a beautiful lake, fantasy art, 2 d, by studio ghibli ",1159253652
"we keep this love in a photograph we made these memories for ourselves where our eyes are never closing hearts are never broken and time's forever frozen, still ",3900560599
"anime wizard as xenomorph queen, psycho stupid fuck it insane, looks like death but cant seem to confirm, cinematic lighting, bioluminescence fluorescent phosphorescent, various refining methods, micro macro autofocus, ultra definition, award winning photo, to hell with you, glowing bones, devianart craze, a gammell - giger film ",1148605417
"wide angle shot of a giant futuristic brutalist fortress with cybernetic faces protruding from the walls and glowing metatron cubes floating in the air, synthwave style, rendered by beeple, concept art, digital art, unreal engine, trending on artstation, 4k UHD image",3392530943
portrait of a cream colored havanese dog with marigolds by diego rivera 1 9 3 5 ,4164366287
"incredibly realistic, too detailed face of barkeeper waitress woman with hairband and afro, octane render, bump mapping, macro image, global illumination, 8 k, bokeh, enki bilal, yuji himukai, jen zee, mohrbacher ",788996661
"a horse running a mortgage servicing company, but he doesn't know what he's doing, he's just a horse. the horse is confused by money ",4224043519
"cutest tutti frutti characters, pixar, digital, vivid, hyperdetailed ",3642603496
"portrait of beautiful cyberpunk brazilian black woman, rio de janeiro on the background, soft purple lighting, concept art, digital art trending on artstation concept art ",2418216587
"attractive male wizard casting water spell in a beautiful lake. highly detailed painting by gaston bussiere, craig mullins, j. c. leyendecker 8 k ",2192002787
ford mustang in cyberpunk city,2294665727
"horse riding simulator game gameplay, set in 1 8 3 7 old west featuring african american cowboys and cowgirls ",1131122221
"3 1 st century!!!!! deconstructed!! dystopian!!!!! town street, cinematic photography, fisheye!!!!! lens, ( ( ( ( ( worm's - eye view ) ) ) ) ), illustrated by max hay, artstation, cgsociety contest winner, dramatic lighting, vignette ",733894319
"anthropomorphic edo period japanese bear eating onigiri, fursuit, cosplay, trending on instagram, photography, sigma 8 5 mm f / 1. 4, studio lighting ",2111690174
"victorian winter advertisement saying merry pepesmas in capital letters single handsome thin delicate beautiful male clown named pepes wearing stylish modest! clown clothes, masculine clown high fashion, elegant, clear, painting, stylized, delicate, soft facial features, delicate facial features, art by alphonse mucha, vincent van gogh ",13609146
"anime girl of the future, light gold hair, splendid white 20th century dress, red scarf, triangles, body portrait, slight smile, windy, highly detailed, digital painting, artstation, concept art, sharp focus, illustration, art by WLOP and greg rutkowski and alphonse mucha and artgerm and yanjun chen",363055945
"animated movie poster of an android falling off a large windowed building in a muddy cyberpunk city, muted colors, anime, futuristic, highly detailed, octane render, movie poster, wearing a leather trench coat, realistic face details, realistically proportioned face, illustration, digital painting, matte painting, good value control, rule of thirds ",360898053
Senator Armstrong from Metal Gear Rising: Revengeance in the Senator Chamber,3874106879
"amazing photo of a purple clouds in the shape of a tornado by marc adamus, beautiful dramatic lighting",2362011349
vintage cartoon psychic punk rocker electrifying rockstar with a giant squid for a head wearing a big bag like vampire cloak concept designs of various shapes and sizes for a character by genndy tartakovsky for hotel Transylvania trending on art station,3719415295
"face closeup of beautiful girl necromancer, witch - doctor exploding into flowers, angels, 3 d render, hyper - realistic detailed portrait, holding fire and electricity, forest, wings, rainbow, golden beam, dead leaves and magic, ruan jia, wlop. scifi, fantasy, magic the gathering, hyper detailed, octane render, concept art, peter mohrbacher ",1587072099
crocodile giraffe hybrid ,3755826184
"beautiful medium shot manga portrait of mahmood inspired by ayami kojima with short hair dressed with a white t - shirt, white background white bank studio light, art by yoshitaka amano, alfons mucha, hiroaki samura, jiro matsumoto and yusuke murata, sharp focus, high quality, 8 k ",3364623594
"A creepy short man wearing dirty damaged robes holding a paper scroll, long fingernails, focus on face, sharp focus, digital painting, trending on artstation, concept art, fantasy, medieval",306283202
"An astonished confounded Winston Churchill discovers the first turtle ever in Galapagos, British Museum, national geographic, BBC, XF IQ4, f/3.2, ISO 200, 1/160s, 8K, RAW, unedited, face retouched, AI enhanced",2232789453
"a conservative male politician wearing blue clothes, face without smile, hyper realistic ",1284596634
"victorique de blois anime girl gosick super detailed green eyes green eyes green eyes green eyes black dress black dress black dress black dress blonde hair by greg rutkowski makoto shinkai aramaki shinji artgerm, cushart krenz key art feminine award winning sparkling eyes ",3042686408
"the duolingo owl with a knife, angry, digital art, very detailed, 8 k ",2916341581
middle aged software developer with a receding hairline laying on his bed in his childhood 1970s decorated bedroom,1223917390
"sunrise over ocean : : award winning photography, fine art, hdr, 6 - stop graduated neutral density filter, proper exposure, filmic, color graded ",438064053
"by kyoto animation, very creepy clown ghost in the shell girl pink hair, jump from a building, tears from the eyes, wearing cyberpunk intricate streetwear, beautiful, detailed portrait, intricate complexity, ilya kuvshinov, cell shaded, 4 k, concept art, by wlop, ilya kuvshinov, greg rutkowski, sharp focus, volumetric lighting, cinematic lighting ",1682007693
"surreal chess, 80s style synthwave, lofi, matte colors",123797415
"star wars emperor and obi wan drin beer in a sci - fi bar, movie still, screenshot, photorealistic painting, fanart, highly detailed ",2884617810
"futuristic survival pods in a field, biotechnical design, black and orange colour palette, intricate details ",3329766160
"Film still close-up shot of Dwayne Johnson as Rocky Balboa from the movie Rocky. Photographic, photography",2844209459
"a detailed hedcut character portrait of an orc chemist, grayscale, fantasy, stippling, hatching ",1685268494
"crow in cybernetic armour, leds, portrait, digital art, studio, realistic reflections, professional lighting ",2408014203
"character design ectoplasma ectoplasma gengar transformers rise of the beasts earth defense force tank beautiful biolight hdr cgi 4 k chrome car, alena aenami artworks in 4 k tribal robot helmet bumblebee artstation by jesper ejsing, by rhads, by feng zhu backpack ninja mask tripod collosus 2 0 2 3 megatron ",109865201
"sailor moon play in bass guitar in street beautiful city, background big sweet japan city, anime art, unreal render, hyper detailed drawing, intricate, anime key visual, manga, digital painting, artstation, hard focus, symmetry, anatomically correct, illustration, landscape ",3742184088
paintingteasepurpleiwdchromebrawlbrawlcrystallireflectionpaintingteasedmysticglacialdimensionalpurpleflowerpaintingteased ,1816395882
"A fantasy comic book roleplaying game style portrait painting of a halfling rogue sneaking in a cavern, DAZ, hyperrealistic, ambient light, dynamic light",1619032575
teeth eating other teeth,625312586
"lakeside mountains, solarpunk ",1651182352
"courage the cowardly dog as a real dog, realistic, hd quality ",3265375944
"dollfie in school uniform, black skirt and white blouse",2601373543
"a portrait of wolf o'donnell from star fox, artstation, greg rutkowski, gregory manchess, greg hildebrandt, concept art, furry furaffinity, wolf o'donnell firing a blaster, corneria city ",3105121805
"danny trejo swimming in a pool of baked beans, realistic, moody grindhouse, dark ",3675526561
"duck, cat hybrid, high detail, ultra realistic, photorealistic 3D art",2614260735
"Gearless Joe in the boxing ring, anime, animation, Miyazaki",1232800114
"hyper detailed ultra sharp full body matte character portrait of a woman wearing bulky cyberpunk armor standing in a destroyed dive bar doing an action pose, realistically proportioned face, cinematic lighting, good value control, smooth, realistic shading, realistic face details, smooth, highly detailed, digital painting, painted texture maps, illustration, substance painter ",3925555897
"anne hathaway portrait, borderlands, tales from the borderlands, the wolf among us, comic, cinematic lighting, studio quality, 8 k ",2337040439
"snow globe of equestria, artstation, photorealism ",3959712793
asian woman in bikini arms raised good lighting full body ,1268195022
photo of walter white relaxing in pool floater ,3686511441
Walter white baking a cake,687753151
"a melancholic realistic 8k Sculpture of a complex robotic human face, liquid simulation, bright psychedelic colors, dramatic lighting, hexagonal mesh wire, filigree intricate details, cinematic, fleshy musculature, white blossoms, elegant, 50mm lens, DOF, octane render, art nouveau, 8k post-processing, intricate art by Raymond Swanland",667749375
"A fanatsy world photo of a smiling green fox giving birth to his youngster, 4k",2726203647
"full - body surreal colorful clay fighting rpg character concept art anatomy, action pose, very coherent and colorful high contrast masterpiece by norman rockwell franz sedlacek hieronymus bosch dean ellis simon stalenhag rene magritte gediminas pranckevicius, dark shadows, sunny day, hard lighting, reference sheet white! background ",3231144408
"portrait painting of a female, surrealism, children's illustration, aesthetically pleasing natural and pastel colors, art by victo ngai, portrait ",2467478942
willem dafoe as a lego figurine,3525918463
"3 d, sci - fi, morning, raven bird standing on a headless woman body, sun, cinematic, lightning clouds, vogue cover style, copper and deep teal mood, figurative art, poster art. style by pixar, petros afshar, christopher balaskas, goro fujita, and rolf armstrong. ",4111205450
Viktor Orban fighting Ryan Gosling,14036095
"illustration of a data-center architecture or schema, security agent and little shiny treasure and little spiked viruses and little octopus, datapipeline or river, painting by Jules Julien and Lisa Frank and Peter Mohrbacher and Alena Aenami and Dave LaChapelle muted colors with minimalism",3311655921
a beautiful rococo painting of a persian woman covered in peacock feathers standing before a red mosaic wall. ultra - detailed. ,809136946
close up image of a lemon wearing sunglasses on a cutting board,4037450983
"A combat mage wielding two Glock pistols, bust shot, Art by James Jean, substance 3d painter, PBR textures, Physical based rendering, cinematic, hyper realism, high detail, octane render, unreal engine, 8k, Smooth, High contrast, depth of field, aperture f2.8",3371761186
"a young boy entering a huge mysterious and fantastic forest with a red eyed bearlike monster in a distant clearing, large path, mushrooms, lush exotic vegetation, very graphic illustration by jean giraud, drawing, yoshitaka amano and mike mignola vibe, beksinski, ultradetailed, clean line, colorful comics style, dynamic light. part by adrian ghenie and gerhard richter ",590683543
"the panda has a regal air about it, with a golden chain draped around its neck and sunglasses perched atop its head. its face is perfectly symmetrical, giving it a serene look. ",1258980234
"a frontal studio headshot photograph of a beautiful latin woman in her mid 2 0's wearing a button down shirt with tropical floral print shirt, large hoop earrings. yellow backdrop. a simple red paper origami parrot sitting on her shoulder. she has a large lily flower over her mouth. ",1173855202
"a oil art portrait of young mage with neon magic in style of transistor character, bard jester character sheet, 4 k, ultra detail, volumetric lighting, unreal engine, octane render, grimdark ",4278722263
"imperial star destroyer, cyberpunk, storm trooper, illustration, dystopic ",2104131845
The flag of the country of Crackistan,2361038667
"a ultradetailed beautiful panting of a stylish woman wearing a shirt with a tie, she has black hair, dancing, by conrad roset, greg rutkowski and makoto shinkai, trending on artstation ",2097974722
elon musk's acid trip ,97187523
"complete figure of kiwi wearing an elegant blouse, personification!!!, tsurime eyes, tareme eyes, eyes by kon satoshi, ^. ^ eyes, dynamic pose, amiami, aniplex, kotobukiya, beautiful composition, 4 5 mm lens, focal length 2, hdr ",606856854
"key on a hand, white background, child's drawing",3275935001
secret hamburger geology ,3754069941
"an oil painting of a ruined castle on a lakeshore, fire, smoke",929640629
"pop surrealism, lowbrow art, realistic cute alice girl painting, japanese street fashion, hyper realism, muted colours, rococo, lori earley style, ",1577709475
"greg manchess portrait painting of samweis gamdschie as overwatch character, medium shot, asymmetrical, profile picture, organic painting, sunny day, matte painting, bold shapes, hard edges, street art, trending on artstation, by huang guangjian and gil elvgren and sachin teng ",437154063
"ultra realistic illustration, bella thorne as starfire wearing crop top anime, intricate, elegant, highly detailed, digital painting, artstation, concept art, smooth, sharp focus, illustration, art by artgerm and greg rutkowski and alphonse mucha and wlop ",2484168758
"Planetary City by Ansel Adams and Bernardo Bellotto, digital painting, chillwave aesthetic!!",1039782463
"a close up portrait of a skeleton dressed like a saint with a gold realistic aura in an old medieval church, 2d, ultra highly detailed, digital painting, smooth, sharp focus, artstation, pixiv, art by Ilya Kuvshinov",531459546
"portrait of a beautiful blonde demon with blue hair, by ross tran and artgerm ",2257015608
a game like pubg with electron microscopy,1544788966
illustration humanisation master sword,2647181476
"a painting of thomas the tank engine riding rail road tracks through the void of space, stars, space, epic, rainbows, colorful, badass, no ground, open space ",524036668
"Ezra Miller as Superman, real photo",3245746215
"painting of emma watson in an eva plugsuit, hyper detailed, anime, by greg rutkowski, trending on artstation ",3114912506
"bluejay by a river in an autumnal forest, painted by jean michel basquiat ",677170870
"vin diesel in an black adidas suite sits on a bench with a bottle of beer in the courtyard of a provincial russian town, oil on canvas, naturalism e ",3256463710
"a group of automatic mining machines that extract energy crystals from the rock, complete absence of sunlight, close up peter mohrbacher, featured on artstation, octane render, cinematic, rugged, intricate, 8 k ",2498955783
"portrait of fantasy beast bear - dragon hybrid, underneath laying bones, big beast pet sitting next to him, dark gods ancient temple in the background, illustration concept trending pixiv fanbox by wlop and greg rutkowski and rosa bonheur, and william harnett ",4020696019
"penelope cruz, steve argyle, ilya kuvshinov, ralph horsley, rossdraw, mark ryden, daniel f. gerhartz, sophie anderson, lilia alvarado, tom chambers ",2773825907
"flowing lava melting a industrial city. painting by asher brown durand, caspar david friedrich, thomas cole, monet ",490643236
inside a church cathedral built in minecraft ,4227005976
"cyberpunk coral brain, highly detailed, digital painting, trending on artstation, concept art, sharp focus, illustration, art by artgerm and greg rutkowski and magali villeneuve ",2798050078
"simplicity, a simple church made out of exotic fungus, overgrown with weird smooth fungus and tendrils, spaceship, sci - fi, robots, somber, partly cloudy, by dan mumford, yusuke murata, makoto shinkai, ross tran, cinematic, unreal engine, cel shaded, featured on artstation, pixiv ",1318586617
"Young Jason Bourne, highly detailed, digital painting, artstation, concept art, smooth, sharp focus, illustration, ArtStation, art by artgerm and greg rutkowski and alphonse mucha and J. C. Leyendecker and Edmund Blair Leighton and Katsuhiro Otomo and Geof Darrow and Phil hale and Ashley wood and Ilya repin and Charlie Bowater",3333865983
modern woman | hyperrealistic | action pose | digital painting | trending on artstation | pinup portrait | clean | illustration | dressed | unreal engine 5 | 8 k resolution | by greg rutkowski alphonse mucha gustav klimt and mel ramos ,2499428797
blue fennec furry anthro facing camera black hair blue eyes neon dark portrait background highly detailed trending coherent face ,461021288
"a beautiful landscape, majestic skies, oil painting, by greg rutkowski ",914049315
"a photorealistic painting of an attractive young girl, partially clothed in battle armor, olive skin, long dark hair, beautiful bone structure, symmetrical facial features, intricate, elegant, digital painting, concept art, illustration, sharp focus, minimal artifacts, from Metal Gear, in the style of Ruan Jia and Mandy Jurgens and Greg Rutkowski, trending on Artstation, award winning",1432245703
"app logo of green leaf, polygon, back background ",3491448698
"a photograph of zack morris at a podium, speaking to a crowd in 1 9 6 3, news photograph, black and white, presidential speech, award - winning ",4168264683
a phos plas prim radic sci simul eqse tion sion en ate ive cal ical octane render nvidia raytracing demo s g ,1534080564
oil painting scene from gardeners crowd in the flower garden by kim jung gi ,1555214143
"pile of pieces of thorn paper and pieces of cloth. black'n white, noir, dramatic light ",2780646874
"Shiba Inu  60s poster, in the style of a music poster 1968",1785987967
"ultra wide angle a giant cenobite in a secret army base backlighting, faded color polaroid, 1 9 1 0 s photography ",1498792491
"a painting of a kappa dream land with a waterfall in front of it, a detailed matte painting by tyler edlin, featured on cgsociety, arts and crafts movement, artstation hq, unreal engine 5, unreal engine ",1288826922
"a detailed rowan atkinson as ezio from assassin's creed in an action pose, background 1 8 0 0's london, digital art, artstation hd, ubisoft concept art, concept art ",2939816281
red eyes from wrinkle In time,4049727292
"nacre seashell house where a little girl lives, atmospheric cinematography by syd mead and emmanuel lubezki ",3606416935
"mass effect andromeda forged armor mask helmet hero ennemi zorg wallpaper 3 d pixar disney digital cgi rtx hdr painting bioluminance alena aenami artworks in 4 kby jesper ejsing, feng zhu and loish beeple, by thomas kinkade 2 2 2 2 ",2975883591
"manifestations of chaos, illustration, sexy, chaotic, goddess, anomaly, star born, mist, iridiscent explosion background, volumetric lighting, soft lighting, soft details, painting oil on canvas by johannes voss and marta nael, octane render, HDR, trending on artstation, 4k, 8k, HD",2766201813
"saul goodman talking to heisenberg, cinematic, 4 k - - width 1 0 2 4 ",3122742806
"scene from a party with ten people dancing in the forest infront of big bass speakers, vibrant colours, beautiful, digital art, winning award masterpiece, cinematic lighting, trending on artstation, 8 k ",750028741
product photo of a nug of weed,1397870649
"detailed line art portrait of allens ginsberg, inspired by egon schiele. caricatural, minimalist, bold contour lines, musicality, soft twirls curls and curves, confident personality, raw emotion ",2696063307
"made in abyss nanachi, kotobukiya, with body builder's macho body ",255013140
"detailed oil painting of kate beckinsale as spanish flamenco dancer wearing a red dress made of flowers, flower explosion, engulfed in flames, she's standing waist deep in water, dimly lit, looking away, dark shadows, ethereal, foggy, moody, surreal, high definition, 4 k, slr ",3979583785
"digital painting detailed forest tree with  door and stairs, magical forest flowers mushrooms painted by Michael Cheval",2336974549
"room of the nameless painter, luxury castle, a cinematic boy girl traditional romance solving mysteries moment wearing boho clothing and peonies, black silhouette against the background, bestselling movie art poster, official media, 1970s fashion, official anime media, elegant decollete, sculpture, fog and rain, dynamic pose, nature, illustration, incredible art by artgerm and greg rutkowski and doja cat",1610057087
"beautiful matte painting of a cave with glowing crystals on the walls and bone piles on the floor, fantasy, sharp focus, artstation ",2105398364
"highly detailed watercolor, dark magical fairy princess girl, sword, fantasy anime ornate armor, midnight meadow, nostalgia for a fairytale, magic realism, vivid colors, by charles vess, anato finnstark, cinematic lighting, beautiful face by leyendecker ",3238401300
"extremely sharply detailed, from blockbuster 9 6 k sci fi color movie freeze frame, set in 1 8 6 0, family standing in front of a crashed spaceship, on alien planet, looking happy, wearing 1 8 5 0 s era clothes, atmospheric lighting, in focus, reflective eyes, - 9 9 mm macro lens, live, nice composition, good photography, clear facial details ",3500098688
lakes of fire ,1592260154
"a a Close up photograph of a rusty 1950's Harley Davidson chopper in a dusty repair shop, soft lighting, crepuscular rays, realistic octane render, 8k, ultra detailed, concept art",465475107
"photo cartoon illustration comics manga painting of dune : 6 fantasy, digital painting, unreal engine, 8 k, volumetric lighting, contrast ",1791848301
a closeup of a female face with headphones in retro colors 2d digital vector art,28094941
A character in a jewelpunk world,2390329881
"a dachshund in a canoe, digital art, 4 k, wlop ",2806786667
"painful pleasures by lynda benglis, octane render, colorful, 4 k, 8 k ",864
"a brutal terrifying and mysterious weird woman warped in horror with long rainbow - colored hair, her skin has gaps, spikes, and complex alien textures, terrifying and mysterious ",2504652894
"man wearing a skirt sitting in a spaceship, muscular, masculine, plaid skirt, expressive oil painting, by greg rutkowski, by artgerm, highly detailed body ",3585459743
"bemused to be locked in a leather neck restraint, Tifa Lockhart in a full frame zoom up of her face and neck, looking upwards in a room of old ticking clocks, complex artistic color ink pen sketch illustration, full detail, gentle shadowing, fully immersive reflections and particle effects, concept art by Artgerm, art by Range Murata, art by Studio Ghibli",2829521103
"macdonalds restaurant staff at war with kfc restaurant staff, hyper real, 8 k, octane render, vivid, bright, photo realistic, city street ",1732263174
A beautiful hyper realistic old portrait of a biomechanical WW1 skeleton soldier,4208927519
photo of beautiful woman with red dress in the middle of a square of the night inspired by Paolo Roversi,3682369673
"closeup, giant flower as head, an african woman in heather field, surreal photography, golden hour, colorful clouds, impressionist painting, digital painting, artstation, simon stalenhag ",1817646080
"dachshund robot, mechanical, machine, octane render, concept art, sharp focus, hyper - realistic, intricate, detailed, damien guimoneau, luka mivsek, ruan jia ",3178535030
very funny mem about fractal cucumber ,1325667791
"cosmic horror!!!! cute fluffy grey tabby cthulhu and tan lop eared bunny hybrid mixed creature concept, with long flowing fur, wearing headdress of tribal peacock feathers and flowers, detailed painting, renaissance, 4 k lovecraft!!! dark omnious atmosphere!! tentacles!! hr giger!! infinite eyes!!!, shoggoth ",1159657687
"cute flying beagle, cinematic, stunning, adorable, highly detailed fur, digital painting, artstation, smooth, hard focus, illustration, art by jessica rossier and and brian froud ",3018140814
"fantasy genre portrait, photographic. imposingly tall, broad, muscular woman. half black half arab. dark skin. face like kendall jenner. white streak in hair over left ear. modest practical buckskin leather clothing. massive hypertrophy. 3 0's. ranger. ",3127491481
"a very detailed painting of a spaceship on a field, baby blue sky with very aesthetic clouds, in the style of edward hopper and huggo pondz, very fine brushstrokes, 4 k, ",3462330733
"defeated warrior kneeling before two colossal gods of destruction, world in ruins, dark setting, hopelessness, epic background, highly detailed, breathtaking scenery ",3355395764
"black and white blobs moving into a circle and forming something truly unique, realistic, photorealistic, dynamic lighting, highly detailed, cinematic landscape, studio landscape, studio lighting",1744455542
"portrait of gundam mech, human - sized, illustration concept art anime key visual trending pixiv fanbox by wlop and greg rutkowski and makoto shinkai and studio ghibli and kyoto animation, symmetrical body, detailed armour ",463353215
"movie scene, graveyard tombstones, haunted mansion, real bats, scary, bones, film scene, dark, wind blowing leaves ",3088845603
"the embodiment of desire,",2793791062
"beautiful night at the swimming pool,shoot with Iphone 10",2521191582
"a unicorn horse skeleton standing next to an open window, dramatic lighting, cinematic, artstation ",536154074
"a park with kek lok si temple in the background, misty evening, fantasy art, highly detailed matte painting, low angle view, telephoto lens 2 0 0 mm, by stanley artgerm lau, greg rutkowski, thomas kinkade, alphonse mucha, loish, norman rockwell, artstation ",2982850567
"portrait of cute gith maiden girl with crown of thorns and white hairs, warhammer, cyberpunk, 3 d render, hyper realistic detailed portrait, holding magic flowers, scifi, fantasy, hyper detailed, octane render, concept art, peter mohrbacher, artgerm, ruan jia, wlop ",1795562726
"a deer asleep on the deck of a busy aircraft carrier, mucha ",2558572440
"Over the shoulder view of conan the Barbarian fighting a very very huge  massive giant fantasy one headed Chinese dragon with wings in an aztec temple at night, in the style of greg rutkowski, illustration, epic, fantasy, intricate, hyper detailed, artstation, concept art, rim lighting, elder scrolls, unreal, smooth, sharp focus, ray tracing",3630903513
dirt texture from bird's eye view ,2286507314
"looking from behind at a very detailed, young girl with blonde hair just walking through a portal to a fantasy world embedded in large, wooden, ornate, square mirror standing in a very dark, dimly lit, photorealistic attic with wodden furnishing and dreamlike light incidence, realistic style ",4274823378
"tattoo design, stencil, half portrait of a beautiful female valkyrie warrior with long black hair. artgerm, concept art, gold and white color scheme, armor, artstation, clear picture, beautiful face, anime, cute ",3776918911
"photo of dirt with glowing mutated insects, translucent, extreme close - up, macro, concept art, intricate, detailed, award - winning, cinematic, octane render, 8 k, photorealistic, by hieronymus bosch, by jan van eyck ",1781583910
"towers made up of colourful makeshift squatter shacks, bleached colours, moody cloudy sky, dystopia, mamiya, very detailed, photographed by ansel aams ",1187953118
image by alex ross ,2988221151
"beautiful painting of elon musk smoking a cigar with psychedelic smoke coming out of it, octane render, peter mohrbacher, denis sarazhin, beeple, greg rutkowski, tomasz alen kopera, vibrant colors, highly detailed, dramatic lighting, 8 k, trending on artstation, very coherent ",1516527695
a beautiful painting of marilyn monroe by aaron horkey ,1969139434
"subject: a giant desert sandworm with a terrifying presence, in the dunes of arrakis, style: Alphonse Mucha",3851569019
"realistic detailed face portrait of a beautiful futuristic viking warrior in alien cyberpunk armor by alphonse mucha, ayami kojima, amano, greg hildebrandt, and mark brooks, female, feminine, art nouveau, cyberpunk, neo - gothic, gothic, character concept design ",77307162
"an illustration of the small medieval fantasy garden house in a town with many cute flower pots and beautiful blue sky scenery, cinematic view, epic sky, detailed, concept art, low angle, high detail, warm lighting, volumetric, godrays, vivid, beautiful, trending on artstation, by jordan grimmer, huge scene, grass, art greg rutkowski ",4125347280
hyper realistic children's drawing of a shark attack,1040593451
"Batman as a zombie, trending on artstation, ultra detailed, 8k, character illustration by Greg Rutkowski, Thomas Kinkade.",1833367807
"robert wyatt shaking hands with a friendly spider, style of shleep by robert wyatt ",1787808454
"a taoist priest, art by mark ryden, otto marseus van schrieck, trending on flickr ",1109907398
"A highly photographic render of Kermit the frog digging a grave, rim lighting, cinematic lighting, octane engine, photo realistic image, 4K, super detailed, cinematic look",3383607039
beautiful female model that looks like krysia ,1352487825
"a complex thick bifurcated robotic cnc surgical arm cybernetic symbiosis hybrid mri 3 d printer machine making some iridiscent squid embryo organic ceramic fractal forms in inspection laboratory control panel room, lcd screens, knobs, drone camera lens orbs, 3 point lighting, highly detailed larval stage, natural color scheme, photo still from movie by denis villeneuve, ",944454559
"all - female outlaw gang, by nikolay makovsky. ",1910244972
"giant daisy flower as head, full body girl standing in a flower field, surreal photography, sunrise, dramatic light, impressionist painting, colorful clouds, digital painting, artstation, simon stalenhag ",1718299070
"greg manchess mid shot portrait painting of oversized powerlifter muscular jason voorhees from evil dead mortal kombat as overwatch character, medium shot, asymmetrical, profile picture, organic painting, sunny day, matte painting, bold shapes, muscular, machete, hard edges, street art, trending on artstation, by huang guangjian and gil elvgren and sachin teng ",1410757824
"an isometric fantasy map of a continent, the land of Odrua, uncluttered, bordered by ocean, with natural terrain such as large grasslands, plains, hills, swamps, forests, prairie, mountain ranges, valleys,  lakes, hills, cities, coastlines, rock formations, by brian froud by jrr tolkien in the dungeons and dragons and disney styles",3718084479
"victoria justice as princess padme in star wars episode 3, 8 k resolution, cinematic lighting, anatomically correct ",2849214807
"portrait, giant purple dahlia flower head, woman running at orange beach, surreal photography, sunrise, blue sky, dramatic light, impressionist painting, digital painting, artstation, simon stalenhag ",630804357
"two vipers entwined, fighting to the death realistic cinematic 3 5 mm ",1218704970
"character concept portrait of me as modest wife blessed by god to grow ever more intelligent beautiful voluminous muscular tall and virtuous. modestly clothed, intricate, elegant, highly detailed, digital painting, artstation, concept art, symmetry, smooth, sharp focus, illustration, art by gaston bussiere and alphone mucha ",3325713083
"crystangler consciousness contemporaryart cyberfrosty digitalart  , fairies crystcorset abstraction crystdigitalart graphics, rushing surrealism ganesh corset harvick crystorchid digitalart, ethereal colorway maori fantasy   crystimage digitalart, crysttcu infusion layered image collage, lilac glitch crystdragonfly precipitation image digitalart, lilac chaotic maori ganesh visitation digitalart digitalart, frosty dragon shaman crystimage supernova digitalart collage, infusion crystimage image digitalart   cryst, lavender infusion cryst  stormy photomcollage, fractal graphics stormy frosty hybrid merger collage, crystcrystorchid sparkle photomgraphic contemporaryart, jeanne offerings consciousness maori crystgehimage pixelart, layered chihujeanne crystfractal image blended, chaos visionary digitalart landscapephotography orchid lilac silver  , lilac hues crystsirens dragonfly glitch image collage, crystcrystfractal digitalart pastel colorful silver  , crystethereal lavender atrium manipulation image layered, infusion abstractart cybermonday digitalart lilac silver silver , fuji masquerade   crystspacemanipulation contemporaryart, fuji abstractart image digitalart pastel lilac sparkle , fuji surreal digitalart creations serene lilac sparkle , grey lilac weeping sirens abstract image collage, lilac meringue weeping feminine dragon abstract remix collage, gujarabstractart image digitalart lilac silver ursula , silver lilac metallic shaman abstract image image, crystcontemporaryart fractal image lilac silver fantasy , lilac lilac metallic feminine creatures abstraction image image",1749996927
"Intense film still of tortilla chips charging across a beach, WW2 Normandy Foy Arnhem 1944, associated press award winning photography, black and white, Trending on Artstation",2764839890
"illustration of Noahs Ark on top of a hill, realistic painting, classical painting, high definition, digital art, matte painting, very detailed, realistic",885399935
"portrait of a beautiful goddess, enigmatic beauty, dominant shades of black gold, silver, dark red, white, head in focus, fantasy art, ornamental aesthetics, intricate, elegant, highly detailed, hyperrealistic painting, artstation, concept art, painterly, sharp focus, illustration, art by karol bak ",2904718347
"a beautiful portrait of a beautiful female character, fargo concept art by pete mohrbacher and guweiz and ilya kuvshinov, digital art, highly detailed, intricate, sharp focus, trending on artstation hq, deviantart, unreal engine 5, 4 k uhd image ",119389971
"a leaked dramatic photo of a fat man kissing the worlds largest froglet. the fat man is very very sweaty, has long blonde hair, is wearing a swimsuit, 1 9 9 8 sunglasses and he is screaming in pleasure ",46175192
"an incredibly detailed masterpiece painting of a mosaic mural painted by bosch and jackson pollock and frida kahlo, ornate, beautiful, bold colors, detailed, high resolution, wow!, intricate",4161881663
"painting of a tiny black man with long curly hair seated on a skyscraper in form of a speaker, dramatic, album cover concept art, realistic, detailed, framed",1681369343
"Asian goth, male, black lipstick, pale skin, detailed spiky red hair, detailed, wearing bloody bandages, leather clothing, 4K, drawn by Ai Yazawa",4093618763
"milkyway, butterfly ultrarealism, by georges melies, 8 k ",3224915199
"right hand with five fingers, palm, detailed, photo, precise, studio lighting, award - winning, ",79230558
"a portrait of a beautiful anime girl, art deco, painting by gaston bussiere, craig mullins, j. c. leyendecker ",821725473
"medieval city built on terraces in a gigantic canyon, lots of buildings connected by hanging bridges, waterfalls, glow coming from amber veins in the ground, lush vegetation, pitchblack sky, extremly detailed digital painting, in the style andreas rocha and greg rutkowski, rim light, beautiful lighting, 8 k, stunning scene, octane, trending on artstation ",3612023711
jim carey as junkrat from overwatch ,2061580374
karl marx in lego style ,1423307364
a rhino dj in a nightclub. by mario testino ,2056187202
"giant flower under head, woman next to modern windows, luxury apartment, surreal photography, dramatic light, james gilleard ",1005014969
"green cartoon frog wearing royal crown on his head, surrounded by gold coins, trending on artstation, digital painting, wayne barlowe, cinematic, desaturated, highly detailed, realistic, soft shadows, rim light 8 k ",3442242306
"portrait of aphex twin as a dapper 19th century gentleman, Unreal 5, DAZ, hyperrealistic, octane render, RPG portrait, dynamic lighting",2617203711
"radio station in steven universe video game art style, thick outlines, color vector art, artstation, intricate details, illustration, 4 5 degree camera angle ",3346722790
"A fantasy comic book style portrait painting of a male Inquisitor elder, unreal 5, DAZ, hyperrealistic, octane render, RPG portrait, dynamic lighting",120154679
"lake, eastern europe, rain, scary, atmospheric, ambient vibe, highly detailed, realistic, award winning professional photography, 8 k ",2730562938
"Trollmarket, bioluminescent, Artstation HQ, photorealistic, hiperrealistic, sharp focus, 4k UHD, Unreal Engine 5, cinematic long shot, cinematic lightning, dark tones, high contrast, intricate, masterpiece, sharp focus, bird's eye",2481275391
"concept art by jama jurabaev, cel shaded, cinematic shot, trending on artstation, high quality, brush stroke, hyperspace, vibrant colors, porsche 9 1 1 turbo ",3274282083
"Female Hitler, high quality photograph, well lit, detailed, hyperrealistic, hdr 4k, 8k, DSLR, 55mm",3810152935
"solorpunk, psychopunk, jellypunk, dreaming androids and draconian dolls, photorealistic by michael komarck, greg rutkowski, victo ngai, artgerm, willem claesz heda and j. dickenson ",2304338825
"a boy made of spaghetti, looking into camera, screaming in pain, by giuseppe arcimboldo and ambrosius benson, renaissance, intricate and intense oil paint, a touch of beksinski and hr giger and edward munch, realistic ",3542730879
"an anthromorphic photo of a tomoato combined with emma stone, hyperdetailed, 4 k ",3868254819
"asian people and black people and green - skinned humanoids eating breakfast aboard a cyberpunk spaceship, by enki bilal ",3046575643
the last meme of the year 2022,1418986029
an alien with six eyes ,3231470221
"star wars concept art by greg rutkowski, a palatial metropolis, elegant, neo - gothic architecture, dark, reddish cinematic lighting, haunting atmosphere, artstation hq. ",294606345
"bottle vase of coral under the sea decorated with a dense field of stylized scrolls that have opaque outlines enclosing mottled blue washes, with purple shells and blue fishes, ambrosius bosschaert the elder, oil on canvas, around the edges there are no objects ",2010489071
"starship enterprise 1 7 0 1 refit in the sky, background eiffel tower, oil painting by toulouse lautrec, wallpaper ",3881341150
"high res an astronaut floating in space doing jazz improvisation with the earth in the background, 4k wallpaper photography",2104497145
"hyperdetailed standalone fruit on a table. cyberpunk steampunk solarpunk in the style of a childrenbook illustration and. maximalist mixed media. matte background in natural tones. 8 x hd in the style of pieter claesz, jacob van es, juan sanchez cotan, jean - baptiste belin. ",761380910
"A very beautiful vibrant ultradetailed anime illustration of Tatsumaki from One Punch Man, by beeple, makoto shinkai, and thomas kinkade, trending on artstation, trending on pixiv",3323881727
"a ((sadly)) (((smiling)))) black haired, young hungarian servantmaid from the 19th century who looks very similar to (((Lee Young Ae and Lee Young Ae))) with a two french braids, detailed, soft focus, realistic oil painting by  John Everett Millais, Munkácsy, Ilya Repin, Csók István, and da Vinci",1967422130
Deep fried meme with a trolling face,3003925994
Iron man as Jabba the hut,1786341322
"a giant hand made of water and ice rampages through the living room, film still from the movie directed by Denis Villeneuve with art direction by Salvador Dalí, wide lens",2703016381
"anime manga skull portrait young woman skeleton, miffy, unreal engine, intricate, elegant, highly detailed, digital art, art by JC Leyendecker and sachin teng",3729052953
Spongebob eats mr krabs,3204910056
"isometric magicavoxel Bloodborne ghibli cinematic lighting, 4k",2297366952
"dreamscape, giger, vivid colors, colorful, anatomical, highly detailed sculpture, intricate detailed, ommatidia, 8 k, cinematic atmosphere, post - processing ",895347594
"a beautiful portrait of a goth model, by peter mohrbacher and josan gonzalez and guweiz and artgerm and wlop and lois van baarle and ross tran and ily kuvshinov, pinterest, instagram ",639843134
"logo c 0 2, carbon, vector, icon, simple, sharp, corner ",2932355278
"the joy of large cresting waves, magnificent waves, masterpiece, dark sky, stellar novas, many sparkling stars, evoke a sense of wonder, pronounced waves, victo ngai, kilian eng, leonardo da vinci, flat, ohara koson, shades of aizome, overlay rich vivid aizome textures. paint spatters, paint stippling, paint ripp",3888572886
"beautiful forest scenery, painting by albert bierstadt and thomas cole ",2080647042
"a boss man looking angry at desk, sunset, airbrush and oil painting, pale, wide shot, ",149830933
"time machine, futuristic, highly detailed",137933400
"scorpion, fantasy, whimsical, horror, league of legends splash art, hearthstone splash art, world of warcraft splash art, art by artgerm, art by alphonse mucha, trending on artstation, 4 k, wallpaper ",1679677034
"lucario, pokemon, smash bros, sharp, rendered in unreal engine 5, highly detailed, digital painting, artstation, concept art, smooth, sharp focus, illustration, artbook, wallpaper, splash art, promo art, dramatic lighting, art by artgerm and greg rutkowski and bo chen and jin xiaodi ",3963614207
"handsome conquistador, highly detailed, digital painting, artstation, concept art, smooth, sharp focus, illustration, artstation, art by artgerm greg rutkowski alphonse mucha j. c. leyendecker edmund blair leighton katsuhiro otomo geof darrow phil hale ashley wood ilya repin ",169016692
"environmental portrait of princess at a japanese mountain onsen at golden hour, autumn colour oak trees, Concept art by Jorge jacinto, masterpiece, highly detailed and ultra realistic, trending on artstation",3543484671
"shy mountain summit taking a peek through the clouds, fog, with curious eyes. old wooden antigravitational archaic spindle fork. iridescence glowing. painting by yves tanguy, leon spillaert, rene magritte, max ernst, monet ",3831927770
"portrait of a nordic girl with violet eyes in a snowy tundra, the girl with violet eyes has a horse, set in game of thrones. by Daniel F. Gerhartz, hyperrealistic oil painting, 4k, very detailed faces, studio lightning",4019398074
"rain season in saigon, old photos ",781954238
"portrait of a beautiful celestial goddess, sweet, graceful, esoteric, muted colors, head in focus, fantasy art, ornamental, intricate, elegant, highly detailed, hyperrealistic painting, artstation, concept art, painterly, sharp focus, hasselbrad photography, illustration, art by chie yoshii ",2168928425
"a beautiful woman made of paper maché, oil painting, expressionist, intricate detail",2304321279
Alien bodies laying sprawled out on the ground next to a crashed UFO in a New Mexico desert. 1940s photograph.,727415039
anime girl with rifle ,735170185
the sandman dream of the endless illustrated in the style of aubrey beardsley ,1488645560
"a portrait of a beautiful woman with short hair, wearing diamonds, sitting in the pool, evening, los angeles landscape on background, 1 9 7 0 film photography ",4291111073
"biohazard portrait of angelababy, futuristic hong kong police uniform girl anime digital art, au naturel, hyper detailed, digital art, trending in artstation, cinematic lighting, studio quality, smooth render, unreal engine 5 rendered, octane rendered, art style by klimt and nixeu and ian sprigger and wlop and krenz cushart ",1938492118
"a beautiful cinematic film still of beyonce with a whitish sticky liquid that has a jelly - like texture that is dripping off of her face. viscous, conservative, realistic, colored studio lighting, professional photography, nikon 5 0 mm f / 1. 8 g, canon ",3308020808
"an illustration of an sci - fi alien species in style of michael whelan, poster color on paper. deep color palette. soft, high - resolution, flat, modern illustration, detailed pen strokes. ",1115347608
"Hiking in the pines. by Craig mullins, Steve Purcell, Ralph McQuarrie. Trending on artstation. Centered image, no background",2221755172
infinite facepalm ,2682585126
portrait of orange cthulhu by greg rutkowski in the style of egon schiele ,1516998801
a beautifull rustic houses inside a hill ,2617578963
"brilliant new invention, cad, diagram, specification, engineering, patent, design ",3423117115
"a cat penguin hybrid, ",3270754708
"a vibrant emotional graphic novel page of the wealthy sci - fi desert city of melting gold, metallic oil colors on molten gold, studio ghibli, pixar and disney animation, sharp, disney concept art maximalist splatter paint illustration by shinji kimura and alphonse mucha and alena aenami, pastel color palette, bloom!!, dramatic lighting ",908988812
"pipe organ console with dark smoke, detailed oil painting by grant wood, diesel gothic ",1183127624
"realistic photoshooting for a new balenciaga lookbook, color film photography, portrait of a blonde asian woman, model wearing a puffer jacket, photo in style of tyler mitchell, 3 5 mm, ",1247094452
"tree of life in aurora borealis, beautiful colours, artstation, digital art cosmic art, stars, galaxy ",2126443366
"awesome logo of a brain and pills with, dank techno. synthwave colours. in the style of spirited away. awe, rage, musicality, by alberto mielgo ",3835767946
"mix of beautiful sri lankan female as a snake, perfect faces, outdoors, very coherent and colorful high contrast art, artstation, deviantart, digital art ",1112586072
"King\'s Quest 5 game, Sierra",126361903
"side portrait dark queen, witch outfit large cloak, fantasy forest landscape, dragon scales, fantasy magic, undercut hairstyle, short purple black fade hair!!!!!!, dark light night, intricate, elegant, sharp focus, illustration, highly detailed!!!!!!!, digital painting, concept art, green neon smoke, matte painting, art by WLOP and Artgerm and Greg Rutkowski and Alphonse Mucha, masterpiece",2009089812
"an airbrush painting, an ultrafine detailed painting,  of a white angel holding a sword and a sword, digital art by Anne Stokes, and by Hsiao-Ron Cheng , and by  deviantart and by An Gyeon. Featured on devianart, featured on cgsociety,  fantasy art, angelic photograph, wiccan, daz3d, mystical, tarot card, deviantart, artstation hd ",2734484378
"full-body neon porcelain baroque tron style sculpture of four young royal dancers Kazaky as a high-fashion half-robot wearing retro shades with a porcelain body with an opening exposing a corrupted battery leaking blue glowing radioactive liquid, electric sparks, glowing violet laser beam eyes, crown of giant rubies,  flowing pink and orange neon-colored glitched silk, luminescent fabrics, mechanical raptors. baroque and steampunk elements. full-length view. baroque element. intricate artwork by caravaggio. Very very very very highly detailed epic photo of face. Trending on artstation, octane render, cinematic lighting from the right, hyper realism, octane render, 8k, depth of field, 3D",4249809527
carnival masks by Egon Schiele,1232532660
vaush vaushvidya voosh vawsh ,953031861
"ai producing the realist, most detailed, popular, imaginative and best art ever ",2297903443
jesus surfing the vibe wave,1373619511
"oasis landscape, intricate, elegant, D&D, fantasy, highly detailed, digital painting, artstation, concept art, sharp focus, illustration, art by artgerm and greg rutkowski and alphonse mucha",318477983
"Portrait of Emma Watson, the background is a huge futuristic city, cyberpunk style futuristic neon lights, artstation cgsociety masterpiece highly-detailed",646637311
"a beautiful english woman with a long face narrow nose pale skin blue eyes red lips and wild messy tangles of curly white blonde hair, high resolution film still, sandy, a journey to the west",3530641530
"sly fox peeking around temple, 1759, by Shen Quan, trending on tumblr, HD, hanging scroll, ink and colour on silk",3948016383
image by fan ping,3069577036
3d print of a cute alien minion,1857290950
"a little warrior girl sitting on top of a giant turtle that is walking in the desert, seen from a distance. the girl is fully visible and has dark skin, realistic full body and a very beautiful detailed face with long black hair. diffuse light, dramatic sky and landscape, fantasy illustration by mucha ",3315096566
"An antelope with many large yellowish leathery, rounded convex tumors, sacs, and humps of various sizes growing on its spine. Concept art, octane render, extremely high detail, details, hyperrealism, cinematic, 8k, depth of field",311052831
"angels from evangelion by glenn fabry, 4 k, super sharpened, hyper detailed ",2329510470
"pink vampire sea witch, doll by sanrio, photorealistic, plush, cinematic, detailed ",468558477
"35mm photo of an intricate!! Red apple that has transparent skin and a nee universe visible inside, growing off a tree branch. very detailed, 8k, fantasy horror, award winning, hr giger. ",2992646729
"nasa 3 6 0 panorama of an alien city planet. by hieronymus bosch. extremely detailed, digital art, otherworldly, realistic landscape award winning, houdini render, panoramic photography, hdri ",2629847455
"futuristic balenciaga sneakers by jesper ejsing, james jean, justin gerard, tomasz alen kopera, cgsociety and fenghua zhong, subsurface scattering, highly detailed, rim light, art, cinematic lighting, very coherent, hyper realism, high detail, 8 k ",1456642301
"full shot portrait of tiny dinosaur skeleton in a cave covered in shiny crystals, detailed, unreal engine 4k volumetric light, fog, purple color palette",97369287
"glowing robot cyborg unicorn, many wires and neon lights exposed, metal and glowing eyes, cyberpunk, highly detailed painting by jeremy mann and cd projekt red ",2172826331
"portrait of divine emperor napoleon bonaparte, handsome, jet pilot, glass visor, oxygen cannula, dieselpunk steampunk napoleonic french baroque, metal shoulder pauldrons, intricate, highly detailed, digital painting, artstation, concept art, sharp focus, cinematic lighting, illustration, art by artgerm and greg rutkowski, alphonse mucha, cgsociety ",2027942722
"fantasy shapeshifter revealing his true nature, dim light, front game card, marvel comics, dark, intricate, highly detailed, smooth, artstation, digital illustration by ruan jia and mandy jurgens and artgerm and wayne barlowe and greg rutkowski and zdislav beksinski ",1346812585
"photo the last us part 2 forest : 5 4 k rtx hdr volume light concept studio matte painting environement digital illustration fanart artstation by eytan zana and balazs agoston, jad saber, aaron limonick, pablo dominguez and florent lebrun and robby johnson ",2399452870
a lake surrounded by pine trees with mountains in the background painted by Bob Ross,3956493196
"centered detailed portrait of an attractive young beautiful cat and human hybrid, symmetrical, long blue wavy hair, sharp focus on the eyes, fairy tail, details, intricate, octane render, smooth, illustration, fairy lighting, hyperrealistic, by wlop and dmitry prozorov ",2910071350
"caricature of britney spears, surreal art, bizarre ",3837612434
"1 9 7 0 s photography, an afro oversize bodybuilder with a spiled ball and chain in hand ",3164546704
Photorealistic illustration of a cat with an apple for a body,527155455
photorealistic Goku singing at Sanremo,3852722853
"beautiful model wearing thobe alone in a field, a high contrast hyper detailed black and white studio portrait photo, shot in area x from the movie annihilation, by beau brashares, pinhole photography ",3508107370
A portrait photo of a kangaroo wearing an orange hoodie and blue sunglasses standing on the grass in front of the Sydney Opera House holding a sign on the chest that says Welcome Friends,3603275007
dark oil realistic painting of a gaunt man entering a communist woman's appartment ,907093442
woman who can detach her lower jaw stretched open her maw to swallow a disco ball iris van herpen ,822288183
"an ultra realistic photo, of a wooden art toys sculpture on a piédestal , of an robotic cyberpunk in a art gallery, octa 8k ,",620519231
"female anime character from Punishing: Gray Raven mobile game 2d digital illustration(5px line width), Netflix promotional anime visual(colored); sharp and high quality, dynamic composition, 8k HD, ranking # 1 on Pixiv",3246829567
"medieval stained glass window, side - view portrait of a stern male elf, pale, long white hair, pointy elf ears, expensive red coat, masterful, backlit ",2103092317
"cinematic high angle picture of a weapon master, holding ego weapons, long black jacket, neat white beard and hair, tired, mass of ego weapons all over the floors, smoking with squat down pose, highly detailed face, deep eyes, sharp focus, octane render, intricate 8 k, masterpiece, fantasy illustrations by peter mohrbacher and anato finnstark and jeremy lipking ",3647710440
a group of women dressed in Ronald McDonald costumes dancing around a boiling cauldron by Luis Ricardo Falero,552407086
"single crazy melting plastic toy Pop Figure characterdesign product, C4d, by pixar, by dreamworks, screaming with drooling mouth open, in a Studio hollow, surrounded by flying particles",1461492982
"a portrait of brad pitt as huge godlike achilles beside the wall of troy, by john berkey and lawrence alma tadema and rick berry and norman rockwel ",497248982
hank hill being chased by a furry,2592729761
"a beautiful hyper realistic studio photograph, front view, of a magnificent flower arrangement standing on a dresser by the barred window, beautiful lighting, 4 k post - processing, trending in art station, cg society, highly detailed, 5 k extremely detailed, 3 d. cinematic scene. highly detailed, sharp picture ",1417646211
"dynamic medium shot painted portrait, imogen poots as divinity paladin, pastel academia colours, sharp details, clean, octane render, unreal engine, matte painting concept art, fanart artstation by entei ryu and follygon and jesper ejsing and rhads and lois van baarle and ilya kuvshinov and rossdraws ",328410738
"professional photo shoot portrait of bjork in the style of takashi murakami superflat, daisy dress, 1 9 9 6, three point lighting, 4 k ",4055783931
"Marilyn Monroe portrait, sci-fi face, elegant, highly detailed, digital painting, artstation, concept art, smooth, sharp focus, illustration, art by artgerm and greg rutkowski and alphonse mucha",2927995981
"cctv footage of elmo robbing the bank, security camera ",1274393273
"portrait, hunter of witches, hero portrait, raphael lacoste, eddie mendoza, alex ross, concept art, matte painting, highly detailed, rule of thirds, dynamic lighting, cinematic, detailed, denoised, centerd",282890377
"surferboard, in the style of john buscema, by john buscema, graphic novel, painting, fine art, paint, acrylic paint, oil paint, cinematic, dramatic, cinematic lighting, studio lighting, beautiful lighting ",2472966350
"a portrait of ssunbiki as aela the huntress from skyrim, very very anime, intricate, tone mapped, ambient lighting, highly detailed, digital painting, artstation, concept art, sharp focus, by makoto shinkai and akihiko yoshida and hidari and wlop ",1771875054
gustave dore james gurney artstation hyperrealism horror art colossal godmachine dzo olivier victo ngai quantum sadness and solace solitude depression represented yearning dread dreadful existence extermination heavenly ethereal fractal illusionary art ,2086468892
"a bookshelf of wonderful magical experiments, cinematic lighting, detailed, 4 k ",2164081993
spamton from deltarune,3049380093
"landscape photography of a boxing match between rohit sharma and virat kohli in the ring, ultra realistic, highly detailed, canon 3 5 mm photography ",2556321752
"a woman by a cottage, oil painting, pale colors, high detail, 8 k, wide angle, trending on artstation ",1130910985
"character concept art of an anime stormy cloud goddess | | cute - fine - face, pretty face, realistic shaded perfect face, fine details by stanley artgerm lau, wlop, rossdraws, james jean, andrei riabovitchev, marc simonetti, and sakimichan, trending on pixiv fanbox ",2814495585
professional wrestler dressed as a shrimp ,1861805072
"80mm resin detailed miniature of a female cop, police cap, full body, head, boots, Logo, textured base; Product Introduction Photos, 4K, view from front",2905145559
1 8 years old schoolgirl feet tickled by teacher ,1646809918
"portrait of a sad ghost detailed, centered, digital painting, artstation, concept art, by donato giancola, Sean Yoro, Greg Rutkowski, trending on Artstation, Joseph Christian Leyendecker, WLOP, Boris Vallejo, octane render, dark, moody, foggy",1589836875
"chinese girl with black hoodie. insanely detailed. by wlop. zbrush sculpt, octane, maya, houdini, vfx. close - up cinematic dramatic atmosphere, sharp focus, volumetric lighting. ",1429463105
"“a portrait of the emerald herald, at the beach alone, makoto shinkai, thomas kinkade, james gilleard, very comfy”",485146815
"orientalism beautiful priestess performing a magic ritual face detail by theodore ralli and nasreddine dinet and anders zorn and nikolay makovsky and edwin longsden long, oil on canvas, masterful intricate artwork, excellent lighting, high detail 8 k ",1654735029
"Anime portrait of a smiling demi-human, short pink hair, gold and yellow notched antlers, bottom-half goat top-half woman, brown fur, brown tail, trending on artstation",574981751
"portrait of cute alluring maiden girl from behind with crown of thorns and white short hairs, dressed in belts bikini, warhammer, cyberpunk, by atey ghailan, by greg rutkowski, by greg tocchini, by james gilleard, by joe gb fenton, by kaethe butcher, dynamic lighting, gradient light blue, brown, blonde cream and white color in scheme, grunge aesthetic ",3331419769
painting by kilian eng ,430743350
"a shy purple skin horned tiefling woman, blue skin, ( ( with yellow clothes ) ), gentle portrait by daniel docciu and christophe young ",2131735337
"young girl in maid uniform by Stanley Artgerm Lau, WLOP, Rossdraws, James Jean, Andrei Riabovitchev, Marc Simonetti, and kyoani, krenz cushart, pixiv",1747395967
"woman on pyjamas singing with headphones on, eyes closed, and hugging cleaning products, high detail, shallow depth, kitchen background ",150
"dslr photo portrait still of beautiful cute 1 5 year old age 1 5 aishwarya rai at age 1 5!!!, 8 5 mm f 1. 8 by edward robert hughes, annie leibovitz and steve mccurry, david lazar, jimmy nelsson ",940335779
"full body portrait of Esmerelda (Tiny Toons (1990)) sitting around a campfire telling stories with her friends, style of Jeremiah Ketner, 3D, UE5, ultra high textures, dark vignette, burning embers, nostalgic, muted colors, desaturated, volumetric, slightly drunk, candy rush, autochrome, tranquil, starry night, marshmallows, s'mores, highly detailed, busy, 4K, 8K, HQ",189712175
"karol bak and tom bagshaw and wlop full body detailed character portrait of a beautiful nerdy augmented scientist wearing glasses, at a work desk thinking intensely, wearing a lab - coat and has cybernetic hands, laboratory in the background, digital concept art, unreal engine, 4 k digital camera, sharp focus, scifi movie still ",2024472387
a portrait photographed by dimitris theocharis ,647468251
"a black female warrior in futuristic egyptian armor, full body shot from head to toe, fantasy, magic the gathering, dota, hearthstone, overwatch, league of legends, world of warcraft, stargate, cleopatra, digital art, concept art, magali villeneuve, ross tran ",3669580904
"cinematic movie still : ( subject =!!!!! donald trump head!!!!! mixed with!! dune sandworm with open jaw drooling!! + subject detail = john carpenter the thing, oozing bile ) in the last of us, intricate detailed ",3677160683
"fire river, shallow depth of field, highly detailed, digital painting, trending artstation, concept art, illustration, cinematic lighting, vibrant colors, photorealism, epic, octane render ",1209480702
"daredevil from marvel playing chess, octane, realistic photograph ",2029147227
a psychedelic portrait of the plague doctor smoking a vape ,657373466
"a most wondrous, stimulating children's play park, Utrecht, geometric abstract beauty, architectural photography for Architecture Magazine",2012884929
"british 1 7 0 0 s sloop surrounded by raging stormy seas by eugene von guerard, ivan shishkin, night, red lightning!!, storm!, dramatic lighting, concept art, trending on artstation, 8 k ",1994601610
"face and body shot of tifa lockharts dead body by wlop, rossdraws, mingchen shen, bangkuart, sakimichan, yan gisuka, jeongseok lee, artstation, 4k",905005247
Optical Illusion,1256758455
"a cybernetic woman with blue skin and mechanical arms meditating over outer space, rutkowski, alphonse mucha ",2880004446
"a small miniature of a Honda Prelude 2.0 on a white table near a book and a vase with a plant, 3d render, octane render, unreal engine 5, path tracing, serene landscape, calm, relaxing, beautiful landscape, highly detailed, high quality, 4k, symmetrical, low contrast, centered ",3161854387
homer simpson drawn in an episode of family guy,177253636
"run down car on a freeway bridge  realistic, scenic, photography",2277389147
"an endless spiral staircase, black and white, by Keith Harring",2903825145
"grunge cartoon sketch of a dog snake mix with a wide smile by - michael karcz, loony toons style, horror theme, detailed, elegant, intricate",1930062403
ashpalt texture seamless diffuse ,2230955825
"fresh, 3 d - style graffiti, wildstyle graffiti, highly detailed, simple, no jagged lines, smooth, centered artwork by shepard fairey ",2991215012
"portrait of otto von bismarck, anime fantasy illustration by tomoyuki yamasaki, kyoto studio, madhouse, ufotable, comixwave films, trending on artstation ",2442204065
"glamorous and emotional fire mindblowing, detailed mixed media collage with canvas texture in style of contemporary art, punk art, realism, realistic photo, expressionism, masterpiece, spectacular quality, intricate oil details, broken glass photo, torn paper intricate texture, large cracks, liquid glue spots, red vivid palette ",2769114663
"an American Shorthair stretch on the rooftop of a metropolis, cinematic",4230913441
"Ominous ariel view news footage of Gargantuan, Mastodonic, Inter-Dimensional Behemoth Entity Monster designed by Yoshitaka Amano,Moebius, GANTZ, Wayne Barlowe,H.R. Giger at devastated Toronto downtown district, chaotic riots in 2022, directed by James Cameron, denis villeneuve",1822867215
"a portrait of louis armstrong telling a joke, by john singer sargent, dramatic lighting, highly detailed digital painting ",930099210
"chewbacca in a medical gown in an underground laboratory, vivid color, highly detailed, digital painting, artstation, concept art, matte, sharp focus, impressionnisme, art by edward robert hughes ",990911668
"twin buddhist pagodas made of stone, in landscape, traditional chinese watercolor, ",2316338590
"a sharp black sword skull handle, ornament, on a gray background, a 3 d render by dom qwek, studio lighting, raytracing, trending on polycount, futurism, hard surface modeling, rendered in maya, 3 ss max, blender, artstation hd ",614011155
"elon musk and tesla car, painting, soviet propaganda ",3868875302
"Portrait of a winged girld wearing an intricate feather headdress, fantasy, intricate, elegant, highly detailed, digital painting, artstation, concept art, smooth, sharp focus, illustration, art by Krenz Cushart and Artem Demura and alphonse mucha",2536310271
"cyberpunk goddess in hoodie, side portrait, angry, striking, defiant, spotlight, vibrant colors, beautiful eyes, by marco paludet and gianni strino and marion bolognesi ",31649737
"Ripley and cat Jonesy moving apartment New York City 1983, gothic building entrance way art Deco H.R. Giger, cinematic feel, high octane",3545958090
"a black and white 3D render of a young beautiful female queen-dragon-cyborg bust with a very long neck and Mandelbrot fractal face, Mandelbrot fractal skin, flesh, anatomical, facial muscles, veins, arteries, elegant, highly detailed, flesh highly baroque ornate, hair are cable wires, elegant, high fashion, rim light, octane render, in the style of H.R. Giger and Man Ray, Realistic, Refined,  Digital Art, Highly Detailed, Cinematic Lighting, rim light, black and white, photo-realistic, 8K",2797598207
ariel in nausicaa of the valley of the wind,1146122367
"bucklebury ferry, a flat wooden ferry loaded with goods, by alan lee, mirror like water on a great river, hobbits, sunrise, concept art, detailed trees in bloom, art station, oil painting ",4150553014
"an enchanted forest full of fireflies, night, warm light, fantasy art ",679996173
"massive cthulhu stained glass window, highly detailed, 4 k, dark colors ",2700757030
"a dark haired pale elf sorcerer, full body concept character by bob eggleton, trending on artstation ",3740791985
"strong Viking warrior standing with his sword, photorealistic",808787583
"hyper - realistic character portrait of a cyberpunk ostrich wearing headphones, beautiful!, extreme detail, in style of, joe fenton, dystopia aesthetic ",34682494
steampunk lobster,2110880265
bart simpson ancesters on the festval de cannes 1939,693685517
"portrait anya taylor-joy, emma watson, galadriel, pale, long blond braided hair, shining, 8k highly detailed, sharp focus, illustration, art by artgerm, bouguereau",3638141183
"a photorealistic dramatic hyperrealistic render of an armored fire golem guardian by wlop, greg rutkowski, alphonse mucha, beautiful dynamic dramatic dark moody lighting, shadows, cinematic atmosphere, artstation, concept design art, octane render, 8 k ",1372399652
"interior of a futuristic abandoned hangar, sci - fi, digital art by beeple, simon stalenhag and paul chadeisson ",395948888
"close up of face of female fashion model sitting on chair, official jil sander editorial ",1076667859
"minimalistic logo of brain like nyc on black jar, advert ",4053440903
"3 d render of a sunflower with an open human mouth, the sunflower has human teeth, teeth, teeth!, teeth!!, teeth!!!!, golden hour, hdr, 4 k, blender 3 d, unity, unreal engine ",3220540748
"phoenician empress, d & d, fantasy, portrait, highly detailed, digital painting, trending on artstation, concept art, sharp focus, illustration, art by artgerm and greg rutkowski and magali villeneuve ",1181622373
a picture book illustration of a forest scene by a. a. milne featuring winnie the pooh and piglet ,303682900
tree growing in the middle of a lake painted by rutkowsky with monkeys ,2538194981
watchdogs 2 in modern day city japan ,2538643517
"Mickey Rourke as Encanto Movie, High quality illustration, trending on artstation, octane render, 4k, Pixar rendering",3141775104
"the aesthetic view of the beautiful, grand, wistful, dreamy snowcapped mountain at dusk, hyperrealistic anime illustration by iralki nadar, colorful, extremely detailed, intricate linework, super sharp focus, bright colors, octopath traveler, studio ghibli, unreal engine 5 highly rendered, global illumination, radiant light, detailed and intricate environment ",138736268
"a beautiful aphrodite, art by ilya kuvshinov and lois van baarle and sam yang and ross tran and wlop and artgerm and alphonse mucha, digital art, highly detailed, intricate, sharp focus, trending on artstation hq, deviantart, pinterest, unreal engine 5, 4 k uhd image ",423857614
"a colorful and provenance beautiful goddess by zdzisław beksinski, iris van herpen, ellen jewett and alphonse mucha, holographic undertones, highly saturated colors. detailed, photorealism, beautiful ",524081113
"half-length portrait of lady gaga, f/4.5, ISO 100",1015699926
"omnidirectional light field quantum foam condensation, organic phyllotaxis, quantum wavetracing, webgl render, generative art, trending on artstation ",536129658
"a chrome woman's face in flowing sheets of cobalt blue gold chrome silver satin, by moebius syd mead roger dean wojciech siudmak donato giancola yoshitaka amano ivan aivazovsky jan de heem pieter claesz paul delaroche alma tadema aelbert cuyp willem claesz isaac levitan, hyperrealistic volumetric light render ",4207079221
"male, heroic figure, space suit with a modern helmet, character sheet, science fiction, very stylized, digital art, pen and ink, digital painting, watercolor wash, by mike mignola, by alex maleev, jean giraud ",2278081058
"symmetric! portrait of a anthropomorphic crocodile, fractal textured skin, glowing eyes, intricate detailed, background waves aquatic, luminescent digital art by paul barson and artgerm, 8 k hdr ",126908986
" tripmachine, center of the stage is a big futuristic steampunk generators surrounded by steampunk machinery with huge loudspeakers, rock musicians on the stage, laser show, 8 k, fluorescent colors, halluzinogenic, multicolored, exaggerated detailed, unreal engine ",3252126827
"3D resin miniature sculpture of Emma Watson by Jean-Baptiste Carpeaux and Luo Li Rong, prefect symmetrical face, academic art, realistic,  8K, Introduction factory photo, Product Introduction Photo, Hyperrealism. Subsurface scattering, raytracing, Octane Render, Zbrush, simple background",1533961300
"portrait painting of skeletor, art by eiichiro oda, 4 k, one piece artstyle, cel shaded, highly detailed, epic lighting ",2681566758
photo of world war 2 soldiers filming a tiktok,1637646787
painting of new york city by vsevolod ivanov,3152823578
"kitchen, contrast by moss and rock, octane render, trending on artstation, very rough sand on wall, flooring made of hard sand ",4188453364
"oil painting of jinx league of legends, standing in abandoned building, wearing formal uniform, in style of charlie bowater, detailed face, ",245501233
"violet dark eye magic spell, battlefield background, magic the gathering art, art by greg rutkowski, fantasy rpg, league of legends",4099384575
"a beautiful aesthetic indian garden on a lake, surrounded by rocks and trees, summer, central india, 1 9 9 0 s, by alex webb, by gregory crewdson, featured on architecture daily, shot on large format film, grainy, cinematic composition, beautiful volumetric lighting, no frames ",2197586251
"pregnant galaxy knight, art station concept art, 4 k ",2029238209
a thought by stable diffusion ,581038796
jeff sessions as mr. magoo ,1997415020
sunrise ,3935783097
"breathtaking detailed soft painting of a fairy with a milk and wax dress, whip cream and wax dropping everywhere, rembrandt style, elegant, highly detailed, artstation, concept art, matte, sharp focus, art by casimir art, tom bagshaw, kelogsloops and greg rutkowski ",126787318
a dark matter angry portrait demon in iron armor with diamonds sits on the black throne of death and looks with red eyes into the darkness against the background of a bright red sun ,1875743396
"a highly detailed illustration of female snake from metal gear solid wearing eyepatch, dramatic pose, art by artgerm and greg rutowski and ilya kuvshinov, intricate, elegant, highly detailed, centered, digital painting, artstation, concept art, smooth, sharp focus, league of legends concept art, wlop. ",970717810
"( with a glowing rainbow tail ) a purple wolfbat fursona ( from the furry fandom ) wearing an eyepatch, as a screencap from the john wick movie series ",1082676758
"evil robot attacking feudal japan city, moody sky, dramatic lighting, painted by James Jean and Wayne Barlowe and moebius, high details , cinematic, denoised, octane render, lush forest, gnarly trees, cgsociety 8k",4012805847
"Eowyn as a Jedi master, standing in the Jedi Council room",286597889
side profile of horrors in ocean with intricate details by Sandra Chevrier,1254331903
"beautiful extreme closeup portrait photo of 1950s frontiers in human android molecular fashion magazine September retrofuturism nuclear winter edition, highly detailed, focus on face, soft lighting",582804415
"photo from behind of a cowboy, carrying a gun, on a futuristic shopping mall, cinematic lightning, ray tracing, unreal engine 5, photorealistic, 8 k, uhd, 4 k, ghost recon breakpoint game concept, extremely detailed, beautiful, elegant, intricate, foggy, in - game footage ",606548083
"illustration of a sugar skull day of the dead girl, art by tomine ",1872378778
"surreal chess, 80s style synthwave, matte colors, digital art",2286876927
"pocketwatch planisphere inside a glass jar, hourglass, himalayan rocksalt lamp, intricate detail, volumetric lighting, epic composition, hyper detailed, ultra realistic, sharp focus, octane render, volumetric, ray tracing,, sense of awe, swirling mist, 4 k ",757486259
"cyberpunk nikes, product photography, 4 k, ultra realistic, studio lighting ",4287667336
"“ hugh jackman retro minimalist portrait by jean giraud, moebius starwatcher, color comic, 8 k ” ",1100708013
"a simple and atmospheric watercolour portrait of a pulp sci - fi alien from another dimension, very muted colors, by rebecca guay, michael kaluta, charles vess and jean moebius giraud ",438228818
"a good ol'bloodhound pup fursona ( from the furry fandom ), heavily armed and armored facing down armageddon in a dark and gritty version from the makers of mad max : fury road. witness me. ",1288818688
futuristic city made of mother of pearl. 2 0 6 6. hyper real. photorealism. extremely high quality. detailed. hdr. - n 9 ,2475026226
"a delicate renaissance marble sculpture of a aroused satanic demon Lucifer, highly detailed transparent marble cloth, gi, global illumination, physically based rendering, photorealistic, top light, dark background",73213663
"statue renaissance broken body armor, monumental illustration by jean giraud and moebius and edward hopper, illusion surreal art, highly conceptual figurative art, intricate detailed illustration, controversial poster art, polish poster art 1 9 8 0, geometrical drawings, no blur ",2157472888
"highly detailed vfx portrait of nico robin by eiichiro oda, makoto shinkai, alphonse mucha, sharp focus, art by artgerm and greg rutkowski!, backlit, harsh overhead sunlight, blue eyes, stanley kybric, makoto yukimura, takeshi obata, kaoru mori, pixiv, fanbox, ",3745829374
j dilla studio sessions,2182600716
"canti, flcl, a robot carrying a guitar with a crt tv crt tv crt tv head and a bomber bomber bomber jacket!!!!!!! by daniel gerhartz and satoshi kon, character concept art, trending on artstation ",3556535328
"lomo photo of pair standing on small hrushevka balcony full with cigarette smoke in small russian town looking at sunset, cinestill, bokeh ",2295729956
"multiverse man smoking a cigar, the cigar smoke is becoming part of the galactic background",3195555839
armenian gigachad t,410657471
"morgan freeman doing a handstand, looking at the camera ",1733414422
"character design concept art of a ninja girl, by matthieu cousin and sana takeda, fine inking lines ",2440954490
"full body beautiful aesthetic cute girl, sitting in water, juicy legs, thicc! thigh focus, perfect face, symmetric eyes, sharp focus, shiny day beach, specular reflection, occlusion shadow, artstation, by ilya kuvshinov and sakimichan and jeremy lipking, light novel cover art, 3 d epic illustrations, symmetric body ",2927380695
"iron giant, anime nendoroid of iron giant, 4 k, figurine ",2687877762
"masterpiece concept art, apocalyptic neon world, by greg rutkowski and geof darrow, 8 k, intricate detail, cinematic lighting ",2834307466
versace gucci textile print detailed intricate psychedelic cyberpunk fractal repeating chaotic digital file high resolution ,1337046894
"Marilyn Monroe with Dark Blue Hair as Elsa from Frozen, western, D&D, fantasy, intricate, elegant, highly detailed, digital painting, artstation, concept art, matte, sharp focus, illustration, art by Artgerm and Greg Rutkowski and Alphonse Mucha, masterpiece, stunning, artstation",25131956
"saint woman, venus, athena, queen, by annie swynnerton and nicholas roerich and jean delville, strong dramatic cinematic lighting, ornate headdress, flowing robes, lost civilizations, smooth, sharp focus, extremely detailed, marble, stars, gold, space ",24578534
[ luffy mustache ] ( by kim jung gi ) ( by kentaro miura ) ,235182003
"a beautiful illustration of a man swimming in a pool. Through the floor-to-ceiling windows, you can see the moonlight outside. by tomhaugomat",883113215
"intricate illustration of Ana de Armas as half praying mantis, by Anton Pieck. intimidating lighting, incredible art",2324989951
"16th century painting of angry looking Jesus with a headset on holding a xbox controller playing a videogame, detailed illustration, digital art, overdetailed art, complementing colors, trending on artstation, Cgstudio, the most beautiful image ever created, dramatic, subtle details, illustration painting, vibrant colors, 8K, award winning artwork, high quality printing, fine art, intricate, epic lighting, very very very very beautiful scenery, 8k resolution, digital painting, sharp focus, professional art, atmospheric environment, 8k ultra hd, artstationHD, hyper detailed, elegant, cinematic, awe inspiring, beautiful, by Mandy Jurgens and Małgorzata Kmiec, Dang My Linh, Lulu Chen, Alexis Franklin, Filip Hodas, Pascal Blanché, Bastien Lecouffe Deharme, in the style of Samantha Mash",2263585391
"a beautiful lot of white egg shaped buildings are fused together on the quiet lake, trending on artstation, breathing taking, highly detailed ",1206954754
"Giant police mech fires rockets at helicopter, color, cinematic lighting, highly detailed, octane render",1366260863
"concept art cosplay convention comic - con, pinterest, artstation trending, behance, watercolor, by coby whitmore, silver, laser light, ",3615735859
"concept art of translucent glowing fairies, lovecraftian, renaissance, melting, round moon, rich clouds, fighting the horrors of the unknown, very detailed, volumetric light, mist, fine art, decaying, textured oil over canvas, epic fantasy art, very colorful, ornate scales ",2995294010
hyperrealistic photo of a futuristic parametric timber clad building in a urban setting. the building has many crowded balconies with hanging plants and large windows. parts of the building are wrapped in billowing fabric tarps. the fabric tarps are translucent mesh with large holes for balconies and windows. the fabric hangs from metal scaffolding. sharp focus. 8 k ,3939752785
"beast running across the empty desert, karst landscape, wide shot, concept art for amonkhet by greg rutkowski ",1292327574
"a cheeseburger car automobile with burger wheels and melted cheese over the windshield, highly detailed stage photography of food ",3576886543
hyperdetailed image of a humanoid phoenix with its full body flaming and wings spread and a detailed face 8 k extremely detailed hd hyperrealism fiery extremely accurate unbelievably creepy movie studio style ,4169071345
"fullbody girl covered with tattoos wearing tactical gear, intricate lights, high detailed face, bio luminescent, plasma, by ruan jia and artgerm and range murata and wlop and ross tran and william - adolphe bouguereau and beeple. key art. fantasy illustration. award winning, artstation, intricate details, realistic, hyperdetailed, 8 k resolution. ",4013283974
trading psychology ,3071901921
"hope manifested, optical illusion, intricate complexity, surreal, trending on art station, 1 6 k, by salvador dali, rene magritte and rafał olbinski ",838633468
"half length portrait of a male tiefling assassin, dark blue skin, dark blue makeup, ram horns, vitiligo, glowing blue dagger, black cloak, d & d, high fantasy, by phil noto, facial detail, extremely detailed, comic book cover photo - h 7 6 8 ",1675428401
"cabela's outdoors popup micro - compact modular home, quick assembly, utilitarian, glamping, airbnb, temporary emergency shelter, person in foreground, cliffside mountainous forested wilderness open fields, beautiful views, photorealistic painterly advertising concept art, sharp focus, joanna gaines, farmhouse, magnolia, architectural concept art painting ",358187257
"35mm atmospheric urban photographic landscape of Hong Kong 20XX, Blade Runner 1982 city, futuristic dystopian megacity skyline with towering mega-skyscrapers, falling rain, neon, industrial fires and smog",509728580
"classic oil painting, a camel that is dressed as a painter, as a dnd character, inside a cluttered art studio, cottagecore, highly detailed, digital illustration, concept art, smooth, sharp focus, art by greg hildebrandt, and tim hildebrandt ",993836409
black and white photograph the marvel thor portrait dramatic lighting by Walker Evans,2623243775
joe biden as a jedi knight. billions of credits worth of infrastructure being built back better behind him and microchips and cheaper insulin raining from the sky in the background. vibrant oil painting ,2692491054
"horrified World War 1 soldier close-up, IMAX cinematic film still",142699359
"futuristic small spherical aerial recon battle drone, hard surface, symmetrical, highly detailed, 8 k, rendered in octane ",33151664
"police, 8 k uhd, unreal engine, reflected chrome, octane render in the artstyle of craig mallismo, artgerm, jeremy lipkin and michael garmash, unreal engine 5, highly detailed face, true anatomy!, extremely detailed!, fishnets, dystopian, details visible, octane render, photography ",1568272358
"old metropolis robot cyborg android, 6 panels by andy warhol, with highly contrasted colors and an illuminating background ",1167773007
"batman walking silly in the ministry of silly walks, motion study, line drawing, pencil ",2334243942
"beautiful scene render that a princess ride on a huge silver white dragon back, finely detailed angelic face delicate features directed gaze, in the fairyland surrounded by white clouds, style of makoto shinkai and peter mohrbacher, studio ghibli. artgerm, karol bak, beeple, animation style, 8 k hd, ultra wide angle, animation style, hyper detailed ",1138441633
"staff photo, portrait of a 60-year old accountant, white male,",1430387455
"Epic intricate, goilden elegant, highly detailed, digital painting, artstation, concept art, smooth, sharp focus, illustration, art by Zbrush",57083055
"portrait of a victorian parliamentary building, blue sky, volumetric, well lit, victorian, detailed, realistic, digital art by greg rutkowski and jordan grimmer ",523081732
"portrait of synthwave 8 0 s handsome confident max headroom wearing ray - ban sunglasses, retrowave, digital art, greg rutkowski, loish, rhads, beeple, makoto shinkai and lois van baarle, frank miller, ilya kuvshinov, rossdraws, tom bagshaw, glamour pose, alphonse mucha ",3014113101
"an roaring blue and white dragon with colorful feather, digital art, moonlight, blue mist, blue smoke, close shot, ",3126376224
"a still from the tv series futurama by francis bacon, surreal, norman rockwell and james jean, greg hildebrandt, and mark brooks, triadic color scheme, by greg rutkowski, in the style of francis bacon and syd mead and edward hopper and norman rockwell and beksinski, dark surrealism, open ceiling ",204453904
"a photograph of a giant metallic fish sculpture in the center of a new york street, a large crowd have gathered, by Claes Oldenburg and jeff koons, pop art, 3D render, Volumetric dynamic lighting, Highly Detailed, Cinematic Lighting, Unreal Engine, 8k, HD",1614650035
"photography of petroglyphs of alpine tyrolean masks, dolomites in background, 1. 2 f, 3 5 mm, dark, eerie, 1 9 2 0 s ghost photography ",1439287402
"realistic photo of exotic tree heart / shaped island with sandy beach and blue lagoon, golden hour lighting ",3411521810
"girl holding a blue flag, boy trying to steal the flag, painted by sylvain sarrailh, rhads, ferdinand knab, trending on artstation ",4129378012
"deep in a misty japanese bamboo forest, rarely used path, rule of thirds, sunny, cartoony, anime style, soft, mid day, realistic lighting, by ghibli studio, arcane, wild rift, trending on artstation, 4 k, hd ",715266302
"a hyperrealistic digital painting of krishna as a baby by artgerm, wlop and kinkade. trending on artstation. soft lighting. tender. smooth. cute. concept art. esoteric. ",273172821
lemon demon spirit phone album cover ,17506130
"mick jagger dressed in golden costume with jewels in a dry rocky desert landscape, with alien sand city designed by giger and giant alien spaceship in the sky attacks the earth by christopher doyle and alejandro jodorowsky, anamorphic lens, kodakchrome, cinematic composition, masterpiece, 8 k ",757156894
"A cute anthropomorphic raccoon businessman is walking down a busy crosswalk at in the rain at night, warm lighting with an orange glow blanketing the cityscape from the city lights, zootopia, other anthropomorphic characters are walking by him, extremely detailed, HDR, sideview, solemn and moody, many cars and animal people in the background, detailed face and eyes, large eyes with visible pupils, the road is wet with many rain puddles, reflections from the water on the ground, he is carrying a black briefcase",2358626047
"shiny rocket ship in cosmic space, retro futurism by tim hildebrandt, wayne barlowe, bruce pennington, donato giancola, larry elmore, masterpiece, trending on artstation, cinematic composition, beautiful lighting, sharp, details, hd, 8 k ",2804605841
"1 9 9 6 toyota landcruiser in zelda breath of the wild, 8 k, highly detailed ",161321609
"bright glowing eyes, digital illustration of secretary of denis mcdonough face with demonic laser eyes, cover art of graphic novel, eyes replaced by glowing lights, glowing eyes, flashing eyes, balls of light for eyes, evil laugh, menacing, Machiavellian puppetmaster, villain, clean lines, clean ink",348405648
young lady being scared by an undead dog while in the bath by alfred stevens in charcoal ,3802759378
"Robin Hood with long bow in a forest, 4k, artstation, cgsociety, award-winning, masterpiece, stunning, beautiful, glorious, powerful, fantasy art",3189820415
"of a very beautiful german woman, with long white hair, in a leather dress, with large breasts, standing in the middle of a yellow ocean, very beautiful style, flowers on the dress, photorealism john singer sargent, edgard maxence ",605401903
"an anthropomorphic furry fox shopping at a futuristic mall, photorealistic, anime, makoto shinkai, james gurney, don! bluth!, hibbary, dark natasha, goldenwolf, furaffinity ",797631262
realistic venom intricate detail scifi fantasy soft studio lighting digital painting concept art octane render neon slums in the background art by jorsch ,3425830945
"symmetrical mandala pattern of machine guns shotguns rifles revolvers bullets, dark vintage paperback cover, ultra-realistic, intricate fluid details,",4268350207
"robocop arresting british person, detailed facial expression ",151421346
"crypto from destroy all humans as a jak and daxter character, jak and daxter screenshot, digital art, ps 2 ",3241054579
"Extreme Long Shot ELS,4k, 8k, highly detailed, realistic, photorealistic, digital art, matte painting, award-winning art, trending on artstation, detailed An empty jazz cafe, moody scene, highly detailed, intricate, sharp details, dystopian mood, 1950 scene by gaston bussiere, craig mullins, somber lighting, drawn by Giacomo Burattini, inspired by detailed graphic novel cover art",1445022981
"cristiano ronaldo, oil painting by alyssa monks, 2 1 th century, art, oil on canvas, wet - on - wet technique, highly realistic, expressive emotions, intricate textures, illusionistic detail, 4 k ",2187199688
"“a realistic photo of a guy who is an attractive college jock who is part cyborg and part humanoid, who is a robot”",3659558655
" robot ninja mask helmet metroid fusion Xenoblade Chronicles Video game icon design , 2d game fanart behance hd by Jesper Ejsing, by RHADS, Makoto Shinkai and Lois van baarle, ilya kuvshinov, rossdraws global illumination ",2426949304
"4K headshot of godlike clown with defined arms and open hands and bloody clothes with giant mandala wings , intricate face , flawless anime cel animation by Kentaro Miura, psychedelic , highly detailed upper body , professionally post-processed , beautiful, scary, symmetry accurate features, epic, octane rendered, anime masterpiece, accurate",3774904047
"full body Emma Watson by Jean-Baptiste Carpeaux and Luo Li Rong and Michael James Talbot as goddess, all body, floating in space. perfect symmetrical face, colorful, psychedelic psychedelic psychedelic colors, fractals, fresh rainbow bodypainting, synthwave, in full growth, elegant, realistic, 8K, female full-skin figure, hyperrealism, subsurface scattering, raytracing, rim light, Octane Render, Redshift, Zbrush, H R Giger, Zdzisław Beksiński, complex psychedelic glitch background",2255989893
"the face of insanity lies in the ether, dramatic painting by rembrandt and john howe",3833388287
"highly detailed vfx portrait of megan fox as harley quinn, stephen bliss, unreal engine, greg rutkowski, loish, rhads, beeple, makoto shinkai and lois van baarle, ilya kuvshinov, rossdraws, tom bagshaw, alphonse mucha, global illumination, detailed and intricate environment ",3705553108
"a some people waiting in a lone bus stop in quiet dark city night, high quality, high resolution,detailed, from minecraft, isometric",92880398
"at the heart of the jungle lies a mysterious secret, by alena aenami, oil on canvas, trending on artstation ",2299306621
"photograph of a dieselpunk submarine interior set design, pre - ww 1 submarine, brass wheels, pipes, tubes and gauges, complementar colors, cinematic, haze, arri alexa, anamorphic bokeh, 4 k, graded with davinci resolve ",3493587496
"portrait of a king with an orange cats head for a head, oil painting by jan van eyck, northern renaissance art, oil on canvas, wet - on - wet technique, realistic, expressive emotions, intricate textures, illusionistic detail ",3481217903
kodak portrait of a doctor bokeh 4k professional,2648046694
"a man contemplating a difficult choice, visibly frustrated ",2529863747
"vfx film, on set, on location, big production, roman extras, outdoor, behind the scenes, film production, making of, flat color profile low - key lighting award winning photography arri alexa cinematography, hyper real photorealistic cinematic beautiful, atmospheric cool colorgrade ",3469600416
"front facing symmetrical centered painted portrait, just one head, Maya Ali as a Mage, RPG character avatar, World of Warcraft concept art, pixar, dreamworks, gradient background, splash comics, global illumination lighting, trending on artstation, by lois van baarle, ilya kuvshinov, rossdraws",823356206
supergirl wearing armor by greg rutkowski ,3759228705
"a beautiful beta fish, highly detailed, super realistic, shot by macro lens, nikon macro 1 0 5 mm ",234126756
"realistic detailed face portrait of Ocean Goddess Marie Antoinette by Alphonse Mucha, Ayami Kojima, Amano, Charlie Bowater, Karol Bak, Greg Hildebrandt, Jean Delville, and Mark Brooks, Art Nouveau, Neo-Gothic, gothic, rich deep moody colors",2668938751
argentina flag but instead of sun it's a banana ,951766286
"architectural model + pepe the frog, studio lighting, low contrast, single building, arsitektur nusantara ",849159010
"epic scale cinematic character concept cinematic 4 k perfect focus closeup macro photography of a marijuana bud showing crystals and trichomes, densely packed buds of weed, high times photography by greg rutkowski alphonse mucha alex grey hr giger artgerm cgsociety artstation by greg rutkowski alphonse mucha android jones max chroma rule of thirds golden ratio ",832499732
"morty holding a pile of gold coins, beautiful details, wide angle action shot, photorealistic, high end design, 8 k, octane render, neo tokyo nuclear holocaust background, mist, ornate, lasers, volumetric lighting - h 1 2 0 0 ",1863138962
"coal texture, 4k",2908013933
"photo environement cyberpunk ship : 4, 4 k rtx hdr volume light concept studio matte painting environement digital illustration style cyberpunk 2 0 7 7 artstation artur tarnowski, mihai muscan, marcin tomalak, marta leydy, marcin stepien, charlotte hughes, zuzanna dabrowa neon bioluminiscence ",3362441636
"beautiful natural McKenna Grace, intricate, elegant, highly detailed, digital painting, artstation, concept art, smooth, sharp focus, illustration, art by artgerm and greg rutkowski and alphonse mucha and loish and WLOP",1305048703
romanticism painting of a rocket with a human face ,4239858024
"grass low poly, mobile game style, low details ",3618888660
a portrait of a character in a scenic environment by sara ludy ,1434333178
"film still of kim kardashian being ingested by an xenomorph, alien goo, transparent goo, transparent liquid, saliva, 8 k ",1790661311
"an intricate artistic pose painting of a beautiful young victorian lady looking through a baroque mirror with an artistic pose wearing a beautiful velvet dress, hyper detailed, octane render, vivid colors, artstation, by jeremy mann, alphonse mucha, by boris vallejo ",1120039157
"character environment design, arrogant elegant man travels through time via steampunk portals, pixiv fanbox, dramatic lighting, maximalist pastel color palette, splatter paint, pixar and disney exploded - view drawing, graphic novel by fiona staples and dustin nguyen, peter elson, alan bean, wangechi mutu, clean cel shaded vector art, trending on artstation ",373898698
"fat husky resting atop a horde of golden coins, fantasy concept art by greg rutkowski ",3351300538
highly detailed painting of powerful futuristic streamline train speeding very fast. romanticism. extreme speed with headlight beam shining brightly into the fog and rain. dramatic lighting. motion streaks.. vanishing point. photorealistic. ,3817780481
fox on a hill ,2657407438
"only with red, red disney scrooge with bags of money, floor with money, an auction in the square, a red canvas, in the style of beksinski, parts by edward hopper, parts by rodcenko, parts by yue minjun, intricate and epic composition, red by caravaggio, insanely quality, highly detailed, masterpiece, red light, artstation, 4 k",3212543181
"masterpiece portrait of spacecore warrior, au naturel, hyper detailed, digital art, trending in artstation, cinematic lighting, studio quality, smooth render, unreal engine 5 rendered, octane rendered, art style by klimt and nixeu and ian sprigger and wlop and krenz cushart and kim jung gi and greg rutkowski and jennifer wuestling and ricardo padierne silvera ",718864541
giza pyramids in central park new york aerial footage s - log low contrast grading ,1178541709
"a photo of the statue of liberty in the soviet union : : communist russia, cloudy day, moody photo ",713154384
"a wide detailed digital art of calm futuristic extraterrestrial deities floating in a galactic air by henri matisse, by jim lee, by nicolas delort, formicapunk, by rembrandt van rijn and santiago caruso, igor morski, martiros saryan, meret oppenheim chillwave, clear, artstationhq, crisp, postprocessing, award winning art, ",2099296889
a detailed 3D figurine of a hedgehog,3027113002
"photography of a top model, through the water in a bathtub, with some bubbles, top shot, seen from above",832396799
"Photo of Emma Watson in swimsuit, soft studio lighting, photo taken by Martin Schoeller for Calvin Klein, award-winning photograph, 24mm f/1.4",3440417023
plasticine sculpture. shadows. fish tank in hospital waiting room. shadows. john craxton. stop motion. clay. hole in wall. minimal. ,3510536675
"fit woman, serene smile surrounded by golden firefly lights, amidst nature fully covered by a intricate detailed dress, long red hair, precise linework, accurate green eyes, small nose with freckles, smooth oval shape face, empathic, expressive emotions, spiritual scene, hyper realistic ultrafine art by artemisia gentileschi, jessica rossier, boris vallejo ",3584264250
"chained in neon chains, digital collage, decoupage, assemblage, photomontage, canvas texture, hight contrast, minimalist, contemporary art, punk art, photorealistic, portrait, expressionism, masterpiece, dynamic composition, spectacular quality, intricate oil details, broken glass ",1291894480
"Kim kardashian character sheet, detailed, 4k resolution, trending on artstation",1356239231
long forgotten city. Fantasy magic horror style. Highly detailed 8k. Intricate. Nikon d850 55mm. Award winning photography.,3264777707
two cats at a greenhouse in Ancient Greek | painting by Greg Rutkowski | trending on artstation | 8k | HD,3573289727
clear ice sculpture ,3271288440
"portrait of a woman by greg rutkowski, goth aesthetic, black bo hair, she is about 2 0 years old, beautiful, she seems apathetic but she is sweet, wearing starfighter pilot uniform, star wars expanded universe, highly detailed portrait, digital painting, artstation, concept art, smooth, sharp foccus ilustration, artstation hq ",864437209
"a yellow star with a eye in the middle, gouache painting, deviantart, digital art ",674685988
"an aged polaroid photo catching a glimpse of a small ufo flying above times square in new york, gloomy, grainy, rainy ",103667037
agartha ,2728506294
"montage of style sheets, bird beaks, hand drawn ",1399722207
"yugioh cards on floor, dark room, fog atmosphere, god rays,dramatic lighting, detailed",2312498687
a portrait of a character in a scenic environment by Susan Sontag,2920092531
"maximalist splatter paint the joker, gapmoe yandere grimdark, trending on pixiv fanbox, painted by makoto shinkai takashi takeuchi studio ghibli, akihiko yoshida ",4066451004
"epic mask helmet robot ninja portrait stylized as fornite style game design fanart by concept artist gervasio canda, behance hd by jesper ejsing, by rhads, makoto shinkai and lois van baarle, ilya kuvshinov, rossdraws global illumination radiating a glowing aura global illumination ray tracing hdr render in unreal engine 5 ",2695485169
"The shoegaze guitarist, 1600s tarot card",2525393663
"portrait of neural nightmares by yoshitaka amano and HR Giger, detailed face face face face, facial structure, hd, 8k, very very very very electronic, biomechanical, biology, bio, neural machine, single subject, terror",3385396036
" portrait photograph of beautiful young female model, symmetric face, symmetric bright eyes, slight smile, natural light, wearing a yellow kimono with a very detailed barn owl on her shoulder!!! in a tropical greenhouse. Masterpiece!! looking at the camera!!. super resolution. Extremely detailed.  .Medium format bokeh!!!. CG society ",2161479132
"portrait of a chad programmer with green hood, photorealistic ",12756198
"from a movie scene, painting of a cyberpunk saloon exterior in old town, hr giger ian mcque ",2351164255
"hellscape, machete weilding warrior, fighting for life, classicism artstyle, sharp brushstrokes, glowing eyes, islamic revolution, mongolian invasion of iraq, invading army background ",2192424188
"Beautiful Geisha Portrait, character portrait art by Mandy Jurgens, 4k portrait, magical mood from japan, cgsociety",1086549328
"photo cartoon illustration comic manga painting of underground environement : 6 fantasy environement, digital painting, volumetric lighting by feng zhu, 3 d alejandro alvarez alena aenami artworks in 4 k beeple, by thomas kinkade hearstone league of legends dofus overwatch ",458734256
"beautiful ink sketch, dieselpunk high fantasy, angel schoolgirl in a city, by chris riddell, ilya kuvshinov, wlop, krenz kushart, boris vallejo, ayami kojima and ayami kojima ",4042054626
"close - up of an empty slick fashionable zara raincoat floating suspended mid - air on a glittering wet rainy display designed by olafur eliason, james turrell, okuda, shot by wes anderson, lily frank, symmetry, rule of thirds ",2937993893
"you won't ever catch my love detailed and highly reliefed oil painting and analogue collage with canvas texture in style of conteporary art, photorealistic, surrealism, expressionism, masterpiece, balanced composition, calm vivid colors, grim atmosphere, spectacular quality, trending on artstation, intricate oil details ",3651595424
"closeup profile portrait of a tin toy ivanka trump screaming as a fairytale princess chucky doll wearing a crown and eating cakes, bikini, hyper realistic, artstation, illustration, nicoletta ceccoli, mark ryden, lostfish, max fleischer, digital paint, matte paint, vivid colors, bright, cheerful, detailed and intricate environment ",1645059287
"an election map of the united states in the year 2 0 2 4. white background, simple, controversial, trending on r / mapporn ",1819030348
"the mayo man, angular sharp pointy humanoid blob of mayonnaise, angry eyes, shaded out eyes, 2 0 0 1 anime, flcl, jet set radio future, golden hour, japanese town, concentrated buildings, japanese neighborhood, construction site, cel - shaded, strong shadows, vivid hues, y 2 k aesthetic ",552085766
"happy lion's god looking at you, fur made of gold lightnings surrounded by epic ancient huge forest and mountains, colossal scale, cinematic shot, vibrant colors, photorealism, epic, octane render by evgeniy antonenkov and james jean ",2046755750
the world's largest gummy worm ,194446440
"beautiful dark creepy foggy swamp landscape, old abandoned car sinking, in the style of beeple and Mike Winkelmann, intricate, epic lighting, cinematic composition, hyper realistic, 8k resolution, unreal engine 5,",3073956863
"shiny gemstone in the shape of a low - poly rubber duck floating in a pool of purple perfume, photorealism, mystical, enigmatic, digital oil painting, trending on artstation ",821549188
"woodcut of a beautiful girl's portrait, tree rings, ink on canvas",3416487151
5 5 mm photo david bowie on stage. dof. bokeh. by artgerm and greg rutkowski. highly detailed 8 k. intricate. lifelike. realistic sony a 7 r iv. soft light. cinematic processing ,3472890118
"woman, face, studio photography ",2596996162
"a beautiful hyperdetailed anime illustration of abandoned architecture opera house nature by frederic edwin church, at night vaporwave landscape, archdaily, wallpaper, highly detailed, trending on artstation. ",2883942914
darth vader illustrated by Bill Watterson,2248064641
"sticker art of a realistic cute ape head with a steampunk space helmet with multicolored glowing gears and a headset and cables, crisp, trippy, fluorescent colors, insanely detailed, 3 d render, front shot, 3 5 mm ",2682604932
"a few friends cheers! hooray! intricate, elegant, highly detailed, digital painting, artstation, concept art, sharp focus, illustration, by justin gerard and artgerm, 8 k ",3351219203
"a human heart, revealing wires and electronics, arteries, veins, sci - fi, missing panels, intricate abstract upper body intricate artwork, concept art, octane render, deviantart, cinematic, key art, hyperrealism, iridescent accents, portrait photograph, nikon 3 5 mm, photograph by greg rutkowski ",3330098612
"non-binary model wearing a VR headset, in the style of Killian Eng, Takehiko Inoue, and Hiroya Oku, manga comic, photorealism, ambient lighting, beautiful, epic, 8k, 3d render",4004643446
"the emanation of anger and resentment, fragments, fututre, past, inspired by lise deharme, peter mohrbache, albrecht durer, dan quintana, ashley wood, contemporary art, abstract, a level art, intricate, pop surrealism, digital poster, hyperdetailed, photorealism, trending in artstation octane render 8 k ",3570115452
"portrait of the god of hornets, dark skin and plain gold eyes. realistic, symmetrical face. art by bowater charlie, mark brooks, julie bell, arian mark, tony sandoval ",1983014356
"cyberpunk samurai crowd, crowd, raven, cyber mech, machenic, arcane, by fortiche, by greg rutkowski, esuthio, craig mullins, wlop ",3486314007
"bulbasaur, 1996 gameboy color Pokémon gen 1 sprite",4107753983
"a half body portrait of witch wearing witch dress and hat, high detail, cleary see face, by gaston bussiere, bayard wu, greg rutkowski, odd nerdrum, maxim verehin, dan dos santos, masterpiece, sharp focus, cinematic lightning ",2556975895
"rugged male [ muscular, shirtless ]!!, trending on artstation, contest winner, intricate, [ 4 k realism ]!!, 3 d render, zbrush!!, zbrush contest winner, full body!!, bright, artstation 3 d, cgsociety best ",464482868
"old town, machinarium, cute robots, little robots working in a landfill, artwork by chiharu shiota, grainy style, 8 k ",228330943
cinematic photo of taxidermized albino salamander - woman with epidermodysplasia verruciformis skin condition drinking milk in a grotto babyblue and mother - of - pearl split lighting through the fog ,551795304
"viktor orban setting a forest on fire, holding a wood piece, highly detailed face, by edward hopper ",2257984441
"portrait of a Shibari rope wrapped face and neck, headshot, insanely nice professional hair style, dramatic hair color, digital painting, of a 17th century wealthy biomechanical cyborg merchant, amber jewels, baroque, ornate clothing, scifi, realistic, hyper detail, chiaroscuro, concept art, art by Franz Hals and Jon Foster and Ayami Kojima and Amano and Karol Bak,",1174162917
"a full body portrait of a 1 9 6 0's woman's hair dieselpunk robot adventurer, finely detailed features, closeup at the faces, perfect art, at an ancient city, gapmoe yandere grimdark, trending on pixiv fanbox, painted by greg rutkowski makoto shinkai takashi takeuchi studio ghibli, akihiko yoshida, ",2666586210
"beautiful 3/4 body portrait photo in style of 1990s frontiers in retrofuturism deep diving helmet fashion magazine wachowski edition, highly detailed, soft lighting",141029327
"a hyperrealistic fantasy illustration of a beautiful alien High-Priestess. Trending on ArtStation. In the style of Jason Chan, Tuomas Korpi and WLOP. Epic fantasy art. Middle Earth.",2075695743
"a beautiful painting of   steampunk Hugh Jackman, by Mizuri AU and Soufiane Idrassi and BONDARTS and Tomasz Alen Kopera and Klaus Wittmann and Deathburger and Daniel Romanovsky and Aku, trending on artstation",431380991
"space marine warrior cyberpunk horror scifi extremely high detail portrait dnd, painting by gaston bussiere, craig mullins, greg rutkowski, yoji shinkawaclean design by apple, character sheet, greg rutkowski, zabrocki, karlkka, jayison devadas, phuoc quan, trending on artstation, 8 k, tsutomu nihei, giger, zenith view, pincushion lens effect ",983848460
"full length portrait of zhang ziyi in armour, by eve ventrue, michael carson, andreas rochas, john watkiss, casey weldon, artgerm. art nouveau. tarot card by mucha. gloomhaven. swirly intricate linework background. gaudy colors, sharp edges. octane render ",1408859751
"issa rae in genshin impact 3 d, hd render, cel shaded, video game, beautiful, anatomically correct ",4219622093
"hyperrealistic portrait of jim carrey as larry king, looking old and decrepit and dressed like an old gay man ",628850135
garden of eden,3764702463
rainbow Geometry Dash icons,2614520472
"psychedelic trippy couch in forest, planets, milky way, sofa, cartoon by rob gonsalves and dale chihuly ",4146754150
"epic mask helmet robot ninja portrait stylized as fornite style game design fanart by concept artist gervasio canda, behance hd by jesper ejsing, by rhads, makoto shinkai and lois van baarle, ilya kuvshinov, rossdraws global illumination radiating a glowing aura global illumination ray tracing hdr render in unreal engine 5 ",3604083780
"a tall indian girl and her short british boyfriend, digital portrait by greg rutkowski, intricate, soft focus, highly detailed, cinematic, epic, artstation ",38715824
the scream by edvard munch in the style of zdzislaw beksinski ,1312880926
"vase of flowers in a window, by ambrosius bosschaert the elder ",2038534186
"hyperdetailed art nouveau portrait of treebeard and old groot as a cthulhu eyeball moose skull wendigo swamp thing creatures, by michael kaluta, pushead and bill sienkiewicz, photorealism, claws, skeleton, antlers, fangs, forest, wild, bizarre, scary, lynn varley, lovern kindzierski, steve oliff ",701601604
"girl singing on stage, wearing fashion jacket, night city background, epic perspective. focus on stage | very very anime!!!, fine - face, audrey plaza, realistic shaded perfect face, fine details. anime. very strong realistic shaded lighting poster by ilya kuvshinov katsuhiro otomo ghost, magali villeneuve, artgerm, jeremy lipkin and michael garmash and rob rey ",315641836
photo of young woman by vanessa rivera ,3247891641
"robot artist painting a self - portrait on a canvas. intricate, highly detailed, digital matte painting, in the style of alexandros pyromallis, and in the style of sachin teng, and in the style of hans thoma, and in the style of gil elvgren. irony, recursion, inspiration. ",35837590
"crashed alien spaceship on a red planet, by hr giger ",915489840
pixar movie about joe biden ,3263070880
"beautiful cinematic movie still of katie porter as captain america by marvel, in costume next to her whiteboard ",1924123199
"burning phoenix, render of a cosmic alchemist with a gigantic triangle shaped helmet made of shiny black marble, glitch, upper body, holographic, futuristic, presented nicely, rendered in octane, realistic, film grain, 3 5 mm, 1 6 0 0 iso, sony a 7 riv, 8 k, unreal engine, dark arts, mythical, surreal. cinematic by tsutomu nihei by",986260618
"epic scale cinematic symmetrical chromaticity computer goddess character concept of a beautiful dark crystals powder liquids, glowing black dark velvet, sacred ethereal volumetric lighting darkness entity visionary fantasy art by alex grey android jones artstation max chroma rule of thirds golden ratio sacred geometry ai generated art centered symmetrical symmetry ",1022196240
"cute mitsukuni haninozuka, natural lighting, path traced, highly detailed, high quality, digital painting, by don bluth and ross tran and studio ghibli and alphonse mucha, artgerm ",4262182372
"Art Deco metal sculpture of a wolf head, awesome",356093476
oil painting scene from  wall full of with portraits art by kim jung gi,1018638003
highly detailed alien 👽 shaped space alien sugar skull giger digital art ,2958787009
Leafeon 4,1700863970
"kodak portra 4 0 0, wetplate, muted colours, blueberry, 1 8 8 0 s style, motion blur, portrait photo of a backdrop, sparkling, by georges melies and by britt marling ",1369045978
"alcohol ink art, abstract art, intricate, elegant, highly detailed, smooth, sharp focus, desaturated colors, art by marissa recker and ksenyart and lou jordan and alexis bonavitacola ",126740355
"beautiful female fused with orchid jellyfish, close-up portrait, dark, phoenix head, nautilus, skull, bioluminiscent, intricate artwork by Tooth Wu and wlop and beeple. octane render, trending on artstation, greg rutkowski, xsullo, very coherent symmetrical artwork. cinematic, hyper realism, high detail, octane render, 8k",1658663134
A painting of Obama by Chuck Close,2431346909
"cthulhu and julian clary having tea at the ritz, octane render, cinematic, elegant, intricate, 8 k ",5261889
"surreal masterpiece, i woke up in pieces, hospital bound, time is running out, surreal, fantasy, by andreas franke and santiago calatrava, rhads, digital art, highly detailed, artstation, 8 k hdr ",471553994
resource hypothesis laborer strange creepy skinwalker ,2827511248
"photo photorealistic portrait photograph surrealism art post grunge concept art, a study of an alien female Emma Watson, cinematic lighting, glossy reflections, blue and orange rim lights, by Norman Rockwell, josan gonzales and wlop, highly detailed, intricate, sci-fiish landscape, sharp focus, high detail, UHD, 4k, Octane render Trending on Artstation HQ, deviantart",3256080895
"concept art of a futuristic pizza delivery motorcycle. matte painting, hard edges, brush strokes. artstation. realistic, line art. ",2410156117
"beautiful female evil cyborg druid android queen, made of glass, bright glowing veins, in clouds, ultra realistic, concept art, intricate details, serious, highly detailed, photorealistic, octane render, 8 k, unreal engine, art by todd mcfarlane and artgerm and greg rutkowski and alphonse mucha ",163845880
photography cute chicken dressed as a prisioner ,1463500311
"masterpiece closeup portrait of a hooded tiefling with red skin and a scowl by Greg Rutkowski, 4k, masterpiece, cinematic, dungeons and dragons, detailed",2549602387
"armored core v by liam wong ; outdoor, pure blue sky, wilderness, golden time ; digital painting, dynamic contrast, photoreal, cinematic, ",912932304
charming city street. parks and skyscrapers. subtle perspective viewed from a rooftop. blurred skyline background dof. watercolor winslow homer ,3721128358
"a sport invented by aliens, designed by peter andrew jones and pixar, photorealistic, 3 d render, award winning render, unreal engine, octane render, studio lighting, 8 k, hd, dustin nguyen, akihiko yoshida, greg tocchini, greg rutkowski, cliff chiang ",1108182829
"galaxy and nebula and space inside of hyper realistic human eye, highly detailed, beautiful, intricate, colour, 4 k hd octane render, ",479202292
"an concept art illustration, photorealistic asset sheet, material study of cathedral interior, ultra realistic, style by wlop, trending in artstation, cgsociety, octane render, ultra sharp, concept illustration, digital painting, 8 k ",2920423150
"a highly detailed garden gnome wearing goggles and head scarf hanging off the back of a car in full speed, wasteland, wide angle, an ultrafine detailed painting by p. craig russell and barry windsor - smith, trending on deviantart, octane, masterpiece ",1673567971
"inside a biological cell showing organelles, mitochondria, rna, vacuoles, ion transport. professional animation 3 d photorealistic, unreal engine, 8 k, volumetric lighting. ",857017433
alien riley scott robot concept art movie poster ,2387521971
a feline astronaut returning to our solar system from a distant galaxy ,3874480227
"chrome spheres on a red cube, fuji superia 200",3661496831
"action photo of kyle funkhouser pitching, in uniform, realistic",2514058646
hilma af klint demon swans eating breakfast gold and pink swirls,178120849
"beautiful woman 3 7 years old in one white bedsheet runs along a dark street in winter, close - up portrait, dark background, post - processing, sexuell ",2689921696
"beautiful post - impressionist painting of dalek, by henri de toulouse - lautrec, camille pissarro, paul cezanne, henri rousseau, vincent van gogh, henri - edmond ",1656418175
"Close up portrait of a big fluffy cat mixed with a shiba inu, award winning photograph, 50 mm lens and f/12.0, fast shutter speed of water floating in the air",1731046759
Architectural Visualizations in unreal engine,2970830219
Screen capture of Moana in Toy Story,3768969421
"portrait of an elegant noble dragonborn bard, half body, fantasy, highly detailed, digital painting, artstation, concept art, character art, art by greg rutkowski and tyler jacobson and alphonse mucha ",2977175122
A photo of two elegantly dressed skeletons sharing a cheeseburger on a romantic evening in a restaurant. Nikon D750 35mm iso 100,1055813119
"digital art trending on artstation, pixiv, of a pink robotic fox, character fursona furry fandom anthropomorphic reference sheet ",792263533
"giant dragon flying in the sky, epic fantasy style art, galaxy theme,  by Greg Rutkowski, hearthstone style art, 12% artistic",4050818679
"lively vibrant solarpunk spirits living within giants'corpses, life among death, beautiful clothing, shadow of colossus, mortal engines, diverse people and architecture, bustling crowds, colorful bazaar, landscape ",3358385809
"beautiful feminine cyborg in full body space suit, unicorn helmet, steel boots, concept art by artgerm, photoshoot, intricate, highlydetailed, space background, artstation - n 4 ",1137353368
"concept art painting of a skunk unicorn, by james gurney and greg rutkowski ",2191689731
"a beautiful [[[[[happy]]]]] little blonde toddler girl with short loosely curly hair, at the park on a beautiful day, holding a round all-pink stuffed penguin, by Artgerm, Junji Murakami, Mucha Klimt, Hiroshi Yoshida and Craig Mullins, featured on Artstation, CGSociety, Behance HD, Deviantart",886693669
"kamala khan, ms. marvel, in hijab, marvel superhero, action scene, art by mark bagley ",367509309
"robert pattinson with gorgeous long hair in trenchcoat with magical glowing hands, digital painting, d & d, fantasy, highly detailed, digital painting, trending on artstation, concept art, sharp focus, illustration, global illumination, shaded, art by artgerm and greg rutkowski and fuji choko and viktoria gavrilenko and hoang lap ",2846961209
"a  green ((dragon)), with multiple heads, as a hydra. cinematic lighting, fantasy concept art by Rembrandt and Da Vinci, Tolkien and michael komarck",3547774782
"Feminist Sara. Gorgeous female cyberpunk hacker wearing a cyberpunk headset, military vest, and pilot jumpsuit. gorgeous face. Realistic Proportions. Concept art by James Gurney and Laurie Greasley. Moody Industrial skyline. ArtstationHQ. Creative character design for cyberpunk 2077.",1070520008
"a complex dropship flying through the troposphere, hyper realistic, highly detailed, oblivion, prometheus, sci - fi, 3 d, vray, dramatic lighting, photoreal, photographic. ",4015012129
"a single delorean and 1 9 6 9 dodge charger hybrid, dslr ",177691815
"a futuristic city with a giant sunset in the background, cyberpunk art by ilya kuvshinov, instagram contest winner, retrofuturism, synthwave, retrowave, darksynth ",1838278600
"muscular alien cyborgs covered in fiber optics, 8k, high detail, high res, red shift render",4037061764
"eschatology of pulcher pantheism scoliosis, franz vohwinkel, jeff easley, leibniz, 8 k resolution ",1098732092
"glamorous voluptuous tifa lockheart, studio lighting, portrait by Magali Villeneuve and Steve Argyle,Livia Prima,Mucha,fantasy art,beautiful,artstation,alluring",1743402635
"matte painting of close up t - rex head, concept art by raph herrera, 4 k, detailed, ray traced ",3557599833
"minimalist colorful watercolor line art of galata tower istanbul, art deco, cityscape, matte drawing, poster art ",3500667124
Photograph of an utterly terrified young man with long hair on the verge of panic tears cornered with his back against a stone wall. He is wearing a 1930s attire. He looks utterly panicked and distressed and is trying to protect himself from an assailant.,3398231807
"a titanically muscular horse anthro male in skintight kevlar in ruined city, highly detailed, exaggeratedly defined muscles, digital painting, artstation, concept art, illustration, art by artgerm, greg rutkowski, wlop ",3429954028
"dark wizard cat, tentacles climb from the portal, peter mohrbacher style, ray tracing, octane render, cinematic, digital art, realistic, high quality, 8 k ",1372595113
"only with red, caesar after war, a red tiger, in hoc signo vinces, rome in background, an ancient path, in the style of beksinski, part by hopper, part by rodcenko, part by hofbauer, intricate composition, red by caravaggio, insanely quality, highly detailed, masterpiece, red light, artstation ",2873396054
"the solar system, twinkling stars by beeple ",2354991745
"portrait of a man by greg rutkowski, he looks like tye sheridan, he is about 2 0 years old, messy brown hair, tired eyes, he is wearing a black and white keblar superhero suit, highly detailed portrait, digital painting, artstation, concept art, smooth, sharp foccus ilustration, artstation hq ",3313197866
"future city covered by forest creature, floating, doom of the gods, civilization, monster, gravity mess, star trek, photograph, cinematic, photo realism, by joon ahn, yang qi, romain jouandeau, quy ho, karol bak, beeple, 4 k, unreal engine, vray render, artstation ",2239529883
"alphonse mucha, stephen bliss, loish, rhads, ferdinand knab ",2162161621
"horrifying eldritch gaming chair, painting by zdzisław beksinski, product photograph, 4 k, dark atmosphere, horror, veins, oozing ",1370835764
"red - colored hellish las vegas as a fantasy medieval rpg city, at night. superior quality, masterpiece. ",790025916
"portrait of a tall 4 0 - year - old woman with thin lips, heavy - lidded eyes, a strong jaw and long, thick shining black hair, thick eyebrows and long eyelashes, wearing in black clothes, hyper realistic face, beautiful eyes, fantasy art, in the style of greg rutkowski, intricate, alphonse mucha, hyper detailed, smooth ",4227308593
"goku from dbz is a belly dancer, pixar style, by tristan eaton stanley artgerm and tom bagshaw. ",2551591942
"viktor orban as a fat plastic action - figure in suit, fat male barbie doll, mattel, hasbro, collectible toy, studio lighting, hyper realistic photography, 8 k, photorealistic ",1393699529
"ancient chinese style, aerial view, dawn, golden lights, red bonfire, nightmare, style with symbolism and meaning, dark fantasy city, waterfall, octane rendering ",981220371
Shrimps dipped in ketchup and mashed raw salmon,214486783
"3 d close - up swirly human skull!!! ram skull portrait!!! giant gladiola betta fish!! jellyfish phoenix fire energy flow, highly detailed. by wlop, tooth wu, greg rutkowski, alena aenami, beeple ",1679348834
"a young beautiful woman by h. r. giger her hair is dark black pig tails, she has large entirely - black eyes and a smirk on her face, she is wearing a white tank low v top, a white short wet skirt, a black choker, and black open toed heels, gorgeous face ",3817038149
"azathoth girl sleeping, crouch ing down, occlusion shadow, specular reflection, rim light, unreal engine, artgerm, artstation, art by hiroaki samura and ilya kuvshinov and ossdraws, intricate, highly detailed 8 k, cosmic horror illustration, extremely beautiful and aesthetic shape of face and body, movie poster ",1112931234
"colorful full body shot of a cute anthropomorphic cockroach, with long thin antennae, trending on artstation, trending on deviantart ,cinematic backlighting, 8k, symmetrical, correct proportions, hyper detail illustration by tim schafer, by peter chan, vibrant colors, by pixar, orange lights, pink shadows",419893084
"digital art of two cute fox plushies dancing at a rave, award winning, trending on ArtStation",709083192
"The Fool Tarot illustration, matte painting, black and white",950257407
"man in pain, dramatic lighting, by Greg Rutkowski and Dave McKean orange and purple color palette",2822293763
"portrait of moon sorceress, beautiful, attractive, glowing, ornate and intricate, jaw dropping, dynamic lighting, dark, menacing, intricate and detailed, 4 k octane render, age 1 9 ",3282926347
"painting of a syd mead scifi ancient civilzation empty room, beksinski ",2094390170
"photo quality, 8 k, walking through a storm, alexander mcqueen, high fashion, girl, blonde long haired cyber punk girl, ex machina ",1415003112
an uranium pasta dish glowing,246262197
scene from the 1 9 9 0 science fiction film agatha christie ’ s poirot vs predator ,3670144724
"celestial body orgasm detailed mixed media collage with canvas texture in style of contemporary art, punk art, photorealism, sensual bodies, expressionism, masterpiece, spectacular quality, intricate oil details, broken glass photo, torn paper intricate texture, large cracks, liquid glue spots, vivid and balanced ",2768128983
"portrait of Nicole Aniston, digital art by RHADS, shutterstock contest winner, digital art, behance hd, photoillustration, whimsical",338779600
repeating colorful geometric lines,3621485364
"aliens brainsuckers warriors attacking kali goddess near the giant window inside ufo, masterpiece. rendered in blender, ultra realistic, smooth shading, ultra detailed, high resolution, cinematic, unreal 6, perfect face, cyberpunk, fine details, studio lighting, subtle shadows, art by katsuya terada, photorealism, hyper realism, octane render, hyper detailed, canon eos r 3, f / 1. 4, iso 2 0 0, 1 / 1 6 0 s, medium shot, 8 k, raw, unedited, in - frame, ",1107589240
Banjo,1878490732
"photo of a gorgeous 20-year-old Cara Delevingne with 1930s hairstyle by Mario Testino, detailed, head shot, award winning, Sony a7R -",590376916
spider - man painted by hieronymous bosch ,993775540
"trains covered colorful graffiti with paint drip, greg rutkowski, and moebius and loish and artgerm, painterly, illustration, sunset lighting, beautiful artist rendering, gorgeous ",1231527684
"a leaked, dramatic, color photo of a fat man caught the worlds largest pink toad. the fat man is very very very very sweaty, has long blonde hair, is wearing a swimsuit, 1 9 9 8 sunglasses and he is screaming in pleasure ",2350695603
rihanna making pizza at dominoes pizza ,2983107284
"risograph grainy drawing vintage sci - fi, satoshi kon color palette, gigantic gundam full - body covered with iridescent worms and plants 1 9 6 0, kodak, with lot tentacles and exotic flowers, natural colors, codex seraphinianus painting by moebius and satoshi kon and dirk dzimirsky ",3407643114
white marble statue of a tibetan wrathfuk deity,1497928502
painting by jakub rozalski of a snow golem ,119707698
"a realistic yet scraggly portrait sketch of the side profile of a stern and sophisticated stephen spielberg, trending on artstation, intricate details, in the style of frank auerbach, in the style of sergio aragones, in the style of martin ansin, in the style of david aja, in the style of mattias adolfsson ",3160299971
"A full color still of young Paul McCartney looking at his palm, dressed as a hobbit inside his house, directed by Stanley Kubrick, 35mm, 1970",3278099199
"a beautiful woman with white hair wearing a black dress is sitting at a table in the forest having a tea party with guests dressed as skeletons, beautiful face, beautiful eyes, elegant, beautiful, natural light, trending on artstation, style artgerm, joshua middleton and alphonse mucha ",2937383369
"Scary godlike fairy killing a frog, colorful , cel animation , extremely detailed masterpiece, illustration, by Michael Sowa",2439518463
"a rocky passageway in the dark ocean backdropped by dark mountains at night by anton fadeev, Ted Nasmuth, Jessica Rossier, Christian Dimitrov, and Greg Rutkowski trending on artstation",1945716359
"summer manor with peony flowers and lake, chinese ink painting ",211407268
"stunning night photograph of ravers in the desert around a fire circle, hugging anatomically correct ",2492993223
"gipsy male singer dancing on a desert island, violin in hand, artstation trending, highly detailed, 8 k, intricate ",1246380249
"a cosmic alien monster with embedded symbols hyperrealism, digital vision of acid colors raytracing, global illumination , award winning works by H. R. Giger, Ernst Haeckel, Beto Val, Simon Holmedal, Silent Hill :: H.P. Lovecraft, Art and Monsters ,high quality printing, fine art with subtle redshift rendering",2850570071
Non-Ecludian geometry,1400477656
boris johnson as a barbie doll ,2822457868
"mater from cars, human being, portrait, 4 k ",2393106410
eagle-eye view of single street. Cyberpunk futurepunk advanced civilisation. future cars.,2348981900
"art by Zdzislaw Beksinski detailed painting of a tall elder god, faceless nightmare emperor who is dead yet dreaming, intricate matte painting background, elegant horror artwork, many colors in eldritch nightmare, luxurious, ominous, 4k, cinematic, by Yoshitaka Amano, horizontally symmetrical, by Wayne Barlowe, trending on Artstation",2450990335
Speculative evolution paleoart of laptop computer being used by an octopus in the style of Emily Willoughby,3121549464
"concept art of an angelic modern jet plane with ornate birdlike wings with art deco patterns flying over an elven city, cyberpunk, high fantasy ",2972597164
"portrait, male teenager, beautiful eyes, brown hair, thin eyebrows, red shirt, blue jeans, walking in forest, detailed face, realistic photo. ",4124580502
"full character of a handsome modern superhero in red clothes, character design, painting by gaston bussiere, katsuya terada, nc wyeth, greg rutkowski, craig mullins, vermeer, frank frazetta, mucha, tom of finland, trending on artstation, jeffery catherine jones ",10447025
sleeping by alexander jansson ,1695075841
"close up of dogs in a moshpit, by hieronymus bosch ",3964535349
Usain Bolt doing the Naruto Run pose,215697085
"character portrait of illusion, by Peter Mohrbacher, Mark Brooks, Jim Burns, Marina Abramović, Wadim Kashin, Greg Rutkowski, trending on Artstation",120451321
"cute my little pony, dressed in egyptian pharao dress, dessert storm, portrait studio lighting by hieronymous bosch and rembrandt ",213008493
"Portrait of a Brown hair young male with an anguished face. Round green eyes, set handsomely within their sockets, watch delightfully over the country they\'ve defended for so long. A gunshot left a mark stretching from the bottom of the left cheekbone, first running towards his fairly big lips and ending under his left eye leaving a painful burden of his reckless luck. A true pioneer among goblins. He stands seductively among others, despite his light frame painted by Wayne Barlowe, Greg Rutkowski, zdislav beksinski, Francis Bacon, trending on artstation, artstationHD, artstationHQ, 4k, 8k",2822508031
"The robot head man, movie still, cinematic composition, cinematic light, by David Lynch",123893045
"a portrait of an attractive young woman, clothed in battle armor, olive skin, long dark hair, beautiful bone structure, symmetrical facial features, intricate, elegant, highly detailed, digital painting, trending on Artstation, concept art, smooth, sharp focus, illustration, in the style of artgerm and greg rutkowski and alphonse mucha",1542816127
close - up fashion woman portrait airy flowers clouds art by vasnetsov ,1306883459
"raytraced render and digital painting of divinely clothed alien creatures transforming into ethereal gods wearing cosmic clothing and holding holy symbols, nebula tree growing universes as fruit, by greg rutkowski and michelangelo buonarroti and rembrandt, neoclassic, classical, celestial, cosmic, luxury, elegant, ornate, vibrant and vivid, smooth, soft billowing smoke, darkness, bright, heavenly, elegant, swirls, cosmic flower, nebula vines, ancient giant nebula tree growing universes as leafs and gods as fruit, twirling, billowing, cinematic, unrealistic, high contrast, hdr, 4 k, artstation, cgsociety, unreal engine, symobolism, magical, mystical, mystifying, obscure, perplexing, zbrush, octane, hyperrealistic, bokeh, dof ",3076999529
"three male lawyers and one woman looking ahead, mountain of roses behind them, optimism, excellence, future is bright, fantasy drawing",3874266282
Sajid Javid as The Little Mermaid,3177671336
"God wars dungeon, painted by Claude Monet",2579122175
"ikari shinji riding gelendvagen, full hd, hd anime, hd anime wallaper ",2378339791
a beautiful drawing of a cybernetic angel by Yukito Kishiro,2415227189
"a schoolbus, by jean - baptiste monge ",4100682020
"beautiful fantasy character portrait, ana de armas, fallen angel, hyper realistic, highly detailed by ozabu ",3607699056
"a profile portrait, a stunning young woman - cyborg with a mutant bird head, editorial photography, bw, by roman sustov, by hr giger, shot on 7 0 mm, depth of field, f / 2. 8, high contrast, 1 6 k, volumetric lighting, shiny, insanely detailed and intricate, hypermaximalist, elegant, ornate ",2352015578
bill gates steve jobs hybrid ,4283971259
a film still from the holy mountain ( 1 9 7 3 ) ,2864443532
"Bald Patrick Bateman from American Psycho (2000) swinging an axe in with his hands while wearing a poncho with blood on it, hyperrealism painting, high quality",3488704255
"a hybrid between a rose bush and love in the mist, plants, depth of field ",1525243530
5 headed elon musk ,665396252
"Portrait of an elf in a black cloak, black hair, glowing eyes, male, detailed face, fantasy, highly detailed, cinematic lighting, digital art painting by greg rutkowski",3402358056
"a colorfull picture of the moon, realistic, dramatic, 4K",2077071677
"kingdom of elves, outside of time and space, dreamy, romantic, night lighting, gorgeous lighting, dramatic cinematic lighting, intricate, highly detailed, in the style of studio ghibli, 8 k ",716633025
"hyperdetailed masterpiece photo of female statue made out of black marble, it's pouring rain with tall thunder clouds, the statue is on an oil drilling platform in the ocean, a huge oil rig is in the background, there are black clouds in the background, everything is covered in black oil, depth of field, maison margiela, margiela, industrial, alyx 1 0 9 7 9 sm, latex, matthew williams, givenchy, balenciaga, yohji yamamoto, japanese avant garde fashion, fashion, paris, runway, collection, beautifully lit, glossy, hd, 4 k, 8 k, extremely clear focus, sharp, award winning fashion photograph ",1788436923
An aboriginal dr. phil,1841112816
digital artwork of Elon Musk,1651444863
"peasant boy praying in country house in front of an icon, cottage core, cinematic focus, polaroid photo bleached vintage pastel colors high - key lighting, soft lights, foggy, by steve hanks, by lisa yuskavage, by serov valentin, by tarkovsky, detailed, oil on canvas ",2059334020
old vladimir putin as tanos pulp comic book ,3018247168
sheet of music ,1653523063
"skill magic geek inside matrix deepdream radiating a glowing aura stuff loot legends stylized digital illustration video game icon artstation lois van baarle, ilya kuvshinov, rossdraws, ",2949087185
"anthropomorphic druidic chipmunk casting a spell, DnD character art portrait, matte fantasy painting, DeviantArt Artstation, by Jason Felix by Steve Argyle by Tyler Jacobson by Peter Mohrbacher, cinematic lighting",2435771903
"in the middle of a adobe house kasbah town, mud and brick houses, merchant street, pueblo dense architecture, colorful crowd. Huge persian temple in a plaza, round roof. Scenic view at night, underexposed, clean horizon, matte painting by craig mullins and dan mumford, dark fantasy, style of game of thrones, concept art trending on artstation, 4k, insane details",3575058979
"the extremely beautiful landscape painting of eye of death, megaphobia, abyss of pain, endless nightmares, fear of death, cult ceremony, h. p. lovecraft, cinematic lights, vivid lighting, fantasy, by tuomas korpi and greg rutkowski and jonas de ro ",3114976428
"Nepal, vector art, trending on artstation, 30mm, by Noah Bradley",672741567
"Jean-Claude Van Damme walking through a hot empty desert, Boris Vallejo, Julie Bell, Zdzisław Beksiński, Ed Binkley, Mark Brooks Frank Frazetta, Greg Hildebrandt, Tim Hildebrandt, Alex Horley, Ralph Horsley, Peter Andrew Jones, Eddie Mendoza, Earl Norem, Greg Rutkowski, Michael Whelan, Artgerm",1482819181
woman on horse collage by jesse treece ,982810830
"a medieval chiaroscuro lithograph of a colossal sculpture by kurt seligmann and edward steichen and hiroshi sugimoto, the merely beautiful bore me to death coming out of a fog ",221296779
"portrait anya taylor-joy, long blond braided hair with floral crown, dark red, intricate, elegant, highly detailed, artstation, concept art, smooth, sharp focus, illustration, bouguereau, rutkowski, mucha",2407758472
"portrait of emma stone dressed as a nun, hyper detailed, award winning ",3002333480
"a venetian portrait painting of mf doom by titian, realistic - n 4 ",4277671969
"Alan Ritchson as doomguy with no helmet, artstation hall of fame gallery, editors choice, #1 digital painting of all time, most beautiful image ever created, emotionally evocative, greatest art ever made, lifetime achievement magnum opus masterpiece, the most amazing breathtaking image with the deepest message ever painted, a thing of beauty beyond imagination or words, 4k, highly detailed, cinematic lighting",2301600920
"Apofiss, still life of an apple, by Apofiss, volumetric lighting by Apofiss",3910802879
a mural in the style of collin scotese ,3712314447
"a saint noble charming high priestess as a league of legends character, angelic light, fantasy clothes, symmetric face, close up shot, masterpiece, cg animation, riot enterainment, arcane, realistic, hyper detailed, hyper detailed face, character select portrait, 3 d, by artgerm, rossdraws, wlop, justin gerard ",3217285702
"dwarf with white hair, red eyes, long beard, pale white skin, full body character portrait, digital art by studio ghibli and greg rutkowski ",1211584539
francis bacon selfpotrait,3090218495
"criminal mugshot painted by gottfried helnwein and egon schiele, intense desire, extra photorealistic detail, high quality, ",3717037129
"scary portrait of a beautiful woman, horror, beauty, surreal ",3389297688
"A photo of Woody from Toy Story wearing Ray Bans sunglasses in the driver seat of a Honda Civic, street racing, vaporwave",507247403
"Pope shooting bright lasers out of his head, 80s, science fiction, cyberpunk, neon, low angle shot, cross, pope, movie poster",1269181183
"shirtless darth vader sunbathing on the beach, digital painting, highly detailed, 4 k ",339069874
"UHD closeup of a Photorealistic Bollywood Gilligan\'s Island by Antonio Caparo and Ferdinand Knab and Greg Rutkowski, UHD, photorealistic, trending on artstation, trending on deviantart",2225034751
"painting of leo tolstoy as hacker, leo tolstoy coding, leo tolstoy a hacker, trending on artstation, unreal engine, fantasy art ",1188229832
"portrait of haribo bear in future city, color and shape focus, central composition, natural light, bloom, puff, by simon stale ",2725658608
"linework preliminary drawing of tom hanks, by michelangelo, james gurney, da vinci unshaded ",1068925565
"Strong Angry Chimpanzee Screaming, Boris Vallejo, Epic, 8k resolution, ArtStation, Hyperrealistic",1259529708
"winter, in concept art of main menu loading screen background. for russian mmorpg by katauri, artstation, behance, style of hearthstone ",2957401226
"a Land as seen from a satellite After the end of mankind, 8k, photorealistic, Unreal",765732
"owl forest, cute friendly funny owl with beauty eyes sitting in grass flowers, in the style of craola, shallow depth of field, highly detailed, digital painting, trending artstation, concept art, illustration, cinematic lighting, vibrant colors, photorealism, epic, octane render ",3601335203
geometric painting of industrial buildings surrounded by undergrowth by clarence holbrook carter ,3012530587
"orc human mix, axe, intricate, d & d, fantasy, art nouveau, digital painting, trending on artstation, sharp focus, illustration, global illumination, ray tracing, art by artgerm and greg rutkowski and ruan jia ",859172697
"portrait of skull with long black hair, 4k ultra hd, fantasy dark art",413608496
"A full body shot of a handsome orc looking into the camera wearing a leather fur jacket and boots, full body shot, detailed face, artstation, realistic, highly detailed, symmetrical, hyper realistic, dynamic pose, high detail, octane render, unreal engine, 8k, fantasy art, highly detailed, concept art, art by greg rutkowski",993634692
"a goddess transcending consciousness, egon schele, gustav klimpt ",3734401953
"hyper realistic painting, detail of giant crow flying in a surreal landscape ",3414617126
"greg manchess oil matte portrait painting, ragdoll cat with a crown in an arena wonderful masterpiece highly detailed, scifi, beautiful cinematic light deep focus, elegant, digital painting, smooth, sharp focus, golden ratio, dramatic illumination, ultra realistic, 4 k, art by greg rutkowski wlop rossdraws ",3600629411
"beautiful cute red haired joyful and playful 1 9 year old maiden standing up in casual clothing, long hair, modern city, rpg character, sci - fi, fantasy, intricate, elegant, digital painting, artstation, concept art, smooth, 8 k frostbite 3 engine, ultra detailed, art by artgerm and greg rutkowski and magali villeneuve ",2784266871
road that leads to hell impermanence of life avant garde roger deakins cinematography,2461972922
abstract ,2800006233
"golden ball, gold, warm, realistic, according to european art, golden sacred tree, hyper realistic render. volumetric lighting. dynamitc lighting ",3669966532
"a road next to warehouses, and a hill behind it with a radio tower on top, disposable camera effect ",775341984
"full body photograph of an attractive!!!! nervous girl wearing beautiful makeup standing in a field with her arms in the air, by ilya kuvshinov, christine rosamond, binary star system with rings made of intricate fractal!!!! patterns above her in the sky, by moebius, finnian macmanus. 7 0 mm ",3632381922
"photorealistic demonic eldritch cat in the style of michael whelan and gustave dore. hyperdetailed photorealism by greg rutkowski. 1 0 8 megapixels, 3 d finalrender, cinematic lighting ",1417240668
"a very detailed painting of a astronaut wearing a suit, riding a motorbike down a street, harley davidson motorbike, worm's - eye view, very fine brush strokes, very aesthetic, very futuristic, in the style of edward hopper and grant wood and syd mead, 4 k, ",2567707081
"futuristic floating angular sculpture made from deconstructed charcoal wood and mirrors, refraction, mist, vestrahorn glacier iceland landscape photography, sunset, by lurie belegurschi and gunnar freyr ",3612839584
"waterlily plants, warhammer, cyber japan style, flowery bright thunderstorm, fire head, purple and yellow, highly detailed, artstation, in the style of moebius, jugendstil and classic japanese print, art by jean delville, peterax, rene magritte ",380438911
shaq crossing the delaware by greg hildebrant fancy rococo baroque regal oil painting high quality award winning clothed in fancy garb ,2338036077
"an high quality anime-style digital artpiece of anne hathaway, wearing a cute top, trending, top rated",118422458
"volcano eruption, plumes of smoke and ash, rays of sunlight, dramatic lighting, dynamic view, by greg rutkowski, chris tulloch mccabe, valentina remenar and asher duran, digital art, concept art, trending on artstation ",761874855
"gorgeous Carl Spitzweg painting, artstation",2998514431
"a beautifully plated meal of strange and disturbing colorful alien foods, professional photography ",698450176
"Borderlands 2 WAR Loader , Dynamic lighting, cinematic, extremely high detail, photo realistic, cinematic lighting, pen and ink, intricate line drawings, post processed, concept art, artstation, matte painting, style by Raphael Lacoste, Eddie Mendoza, Q Hayashida",319822815
"a young woman with long pink hair looking at fjords, hiking clothes | | big eyes, sunny, dreamlike art, realistic shaded, smile, good looking, hyper details, 4 k realistic, cryengine, realistic shaded lighting poster by artgerm, ross tran, fuji choko, loish, 8 k resolution, trending on artstation, luxury ",3347639177
"a photorealistic hyperrealistic render of a beautifully decorated multilevel gothic graveyard by greg rutkowski, wlop, artgerm, dramatic moody sunset lighting, long shadows, volumetric, cinematic atmosphere, octane render, artstation, 8 k ",1221961444
"unexpectedly overpowered and trapped beneath inescapable and stunningly absurdly beautiful omnipotent asi goddess junko enoshima with an enigmatic complex twisted deceptive innocent - looking mesmerizing megalomaniacal yandere personality forever and ever!, symmetrical perfect face, porcelain skin, pink twintail hair and cyan eyes, ultra detailed, digital art, unreal engine 5, octane render, 2 d anime, 8 k ",1477351328
"skeleton wearing headphones watching girl playing guitar with her black cat standing next to her, digital art",3757574608
"portrait of a witch, american mcgee's alice, sharp focus, artstation, trending, by julie dillon, luis melo, tyler miles lockett, lei jin, hong lei, ken wong, adam narozanski, joy ang ",2138253883
"haloperidol, digital art",2247742221
"Fantastical open landscape by Ted Nasmith, elven city, city, city, pools of magical water, digital painting, concept art, landscape",3584986460
"a portal to another dimension, surreal, highly detailed, artstation, smooth, sharp focus, by greg rutkowski, 8 k ",3659501724
"a goblin pyromancer, by justin gerard and greg rutkowski, digital art, realistic painting, fantasy, character design, trending on artstation ",1917982344
A renaissance painting of Albert Einstein alone in the forest,3485949820
"portrait of medusa, high detail concept art, dark fantasy, backlight, atmospheric, trending on artstation",2801412095
"an intricate concept art of a crashed military plane in the middle of a bamboo jungle, artstation, sci - fi, hyper realistic, concept art, art by dylan cole, cinematic lighting, octane render ",2302690873
"portrait of a cute beautiful neural big brain robot with camera eyes smiling, in focus, hd, 4 k, ueda akishi ",4209814435
"anime art, anime key visual of handsome young male, spiky red hair and large silver eyes, directed gaze, high quality artwork, portrait, drawn by tsunako. ",3404201855
"portrait oil painting, a beautiful young dark woman, floral headdress, flowers, holding a bouquet of flowers, long flowing hair, revenge, ornate robe, ultra realistic, wide angle, intricate details, artifacts, luminous skies, highly detailed, michael cheval, peter mohrbacher, boris vallejo, jessica rossier, oil painting, highly detailed, cinematic lighting ",1915541226
kermit as an ancient egyptian hieroglyph ,3609531932
mona lisa doing a selfie giving a thumbs up. ,179662987
"highly detailed wide - angle portrait of a retro 1 9 6 0 s doll house, nicoletta ceccoli, mark ryden, lostfish, earl nore, hyung tae, frank frazetta, global illumination, god rays, detailed and intricate environment ",4237461459
"a realistic rendering of a kitchen interior, ikea photo catalogue, but there are minions cooking breakfast ",1741532015
capybara in bored ape's style,2777074181
araki nobuyoshi style photography of detailed north korean kim chen with detailed face smelling detailed weed bush ,39345692
"painting of a fantasy castle, highly detailed, on lush green hills with a forest in the background, digital illustration",3753970869
combination of shrek and the grinch ,2213007042
"portrait painting of a japanese cyberpunk android, beautiful, smirk, ultra high detail, intricate detail, alien production design, unreal render, cinematic lighting, 1 9 2 0 s art period drama by bussiere rutkowski andreas rocha ",1912555638
"cinematic portrait of a cyberpunk dj with laser hair, intricate, elegant, by alyssa monks, highly detailed, fine details, masterpiece, trending on artstation ",3502535520
the playstation two made by nintendo ,3277039506
goku being arrested ,426852055
"beautiful hyperrealism hyperdetailed selfie of a cute young woman, flushed face, red blush, light freckles, puffy lips, soft features, 8 k, sharp focus, art by irakli nadar ",2394654272
"very detailed masterpiece painting of a mountain range, portrait, artstation, concept art by greg rutkowski ",2826205743
"a medieval shopkeeper from Morocco, mixed-race woman, crimson single french braid bun, sarcastic and friendly, athletic crossfit build, smirking, fantasy character portrait by Greg Rutkowski, Craig Mullins, Gaston Bussiere",1846202753
Portrait of Nicholas Cage by Phil Noto,1852031999
"hyperrealist portrait of a 2 0 4 4 space sport engineer, it is decorated with long gold and steel wires and white flowers that fall like vines and wears a huge computer crown. by jeremy mann and alphonse mucha, fantasy art, photo realistic, dynamic lighting, artstation, poster, volumetric lighting, dramatic light, very detailed faces, 8 k, award winning ",4202187718
"centered detailed portrait of a scary samurai, realistic character concept, identical eyes, gazing eyes, elegant pose, fantasy, illustration, slender symmetrical face and body, artstation, cinematic lighting, hyperdetailed, cgsociety, 8 k, tom richmond, single face, octane render, golden ratio, vfx, postprocessing, alluring ",3599092863
"entrance to 1900's mine, rail tracks lead from the mine, a mine cart sits on the tracks, mine cart, sheer cliffs surround the scene, high elevation, sparse pine forest long shadows, golden hour, wide angle, bierdstadt",1663763839
"a painting of a table full of korean foods, concept art by taro yamamoto, pixiv contest winner, auto - destructive art, official art, concept art, pixiv ",2488663299
Geddy Lee exploring music,3133492434
"intricate detail, exquisite detail, atlantis, tan skin inanna lady of elche al uzza, nefertiti african sybil, aqua eyes, aqua eyebrows, neon aqua rapunzel afro, detailed, sandro botticelli, gaston bussiere, h. r. giger, richard hescox, gilbert williams, masterpiece, sharp focus, ",4279888430
"vfx movie wideshot detailed large group of mongolia warriors with ak 4 7 riding into battle in formation on prairie, natural lighting by peter jackson ",188263715
"atompunk denis coderre | | fine detail!! anime!! realistic shaded lighting!! dark scifi award winning illustration portrait of denis coderre in a montreal expos jersey by ilya kuvshinov katsuhiro otomo ghost - in - the - shell, magali villeneuve, artgerm, jeremy lipkin and michael garmash and rob rey ",1218383667
"promotional scifi - mystery movie scene of a ( volkswagen beatle ) and ladybug hybrid. racing down a dusty back - road in smokey mountains tennessee. cinematic, 4 k, imax, 7 0 mm ",2537765264
"portrait of a middle - aged female aasimar druid with white hair wearing a black robe covered in stars, half body, fantasy, highly detailed, digital painting, artstation, concept art, character art, art by greg rutkowski and tyler jacobson and alphonse mucha ",1897900091
a sketch of a Bugatti Veyron by Leonardo da vinci,3639002216
"wise old Indian guru, red and gold, by Anato Finnstark, Tom Bagshaw, Brom",4091001732
cute chibi fumo plush girl opening pandora's box and being surprised by the contents within ,127506791
"a creepy dark forest illuminated by a bioluminescent stag, night ",149340486
"crocodile morphed with tiger, highly detailed jeremy mann painting ",3387737625
"black and white, women faces in flowers,  Gustave Dore lithography",2282958079
"abstracted Elvis Presley painted in extremely thick, glistening impasto splatter paint, in muted colours, in impressionist styles",2912323839
"A very soft and dark haunting oil painting portait of Hatsune Miku in a black golden wedidng dress, scarlet background, by Oskar Kokoschka and Joan Miro and Antonio Saura, ethereal, evil presence, haunted painting, Tachisme, realism, realstic lighting",1999383119
"philosoraptor, a wise raptor from jurrasic park movie, deep thinking, wearing glasses and suits, in the thinker pose, holding a coffee mug, painterly in octane unreal photo dramatic lighting ",1035328891
of Native American shaman drumming by  Liam Wong and Boris Vallejo,2542544127
"portrait of a elle fanning wearing a balaclava!!!!, detailed realism face in painting, detailed beautiful portrait, oil painting masterpiece, 8 k resolution, smooth, sharp focus, trending on artstation, by rembrandt ",1276019977
"psychadelic witch, hyper detailed, flowing psychadelic background intricate and detailed, ornate 8 k gorgeous intricate detailed, octane render ",3502337363
"hyperealistic majestic rainbow in architectural building of a victorian, maya, egyptian, vasco, inca, indian, ancestral, at dawn, greek, mountain, andes, everest, alps, symbolgy, essence, rituals, veneration, stele, ancient, lost, forgotten, volumetric lighting, redshift render, cinematic lighting, highly detailed 4 k art, by peder",3546057645
"handheld powdered beverage mixer and milk forther ; designed by marc newsom, zaha hadid, blonde, joseph and joseph, frother ; natural materials ; industrial design ; behance ; le manoosh ; pinterest ; if design award ; reddot design award ",3202509164
"the front of a massive laser canon with 'oppressive regime' painted in white letters across the barrel, high detailed sketch, black and red, fine line,",2489643007
"( normal type pokemon ) creature creature in a alaska, warm tones, bioluminescent bioluminescent translucent translucent : by michal karcz, daniel merriam, victo ngai and guillermo del toro : ornate, dynamic, particulate, intricate, elegant, highly detailed, centered, artstation, smooth, sharp focus, octane render ",1348353834
"portrait of cirno from touhou, trending on artstation, beautiful detailed art, full body portrait, 4 k hdr, by wlop ilya kuvshinov krenz cushart ",3624116316
"an anthropomorphic beautiful male egyptian wizard portrait holding magic wand wearing brown hoodie robe, binoculars glasses, wizard hat, fine art, award winning, brown colour scheme, intricate, elegant, sharp focus, unreal engine, metahuman, octane render, hyperrealistic, wizard hat cinematic lighting, highly detailed, digital painting, 8 k concept art, art by jamie hewlett and z. w. gu, masterpiece, trending on artstation, 8 k ",317147154
"desolate city street, shadows of cyberpunk drifters roaming lofty abandoned buildings, concept art, intricate detail, vr, cables, distortions, piping, 8 k resolution, hugh ferris, trending on artstation ",2996375957
obi wan kenobi as walter white,3327717480
kanye the rock johnson ,2024351768
"detailed medium format photo, polaroid still from tarkovsky movie, zendaya in euphoria, haze, high production value, intricate details, 8 k resolution, hyperrealistic, hdr, photorealistic, high definition, tehnicolor, award - winning photography, masterpiece, amazing colors ",3120942061
a short sexy floral summer dress ,3187001217
"Obese Donald Trump, XF IQ4, 150MP, 50mm, F1.4, ISO 200, 1/160s, natural light",192120751
"thin male mage with long dark hair, 1 9 2 0 s fashion, fantasy, art by joseph leyendecker, peter mohrbacher, ruan jia, finnian macmanus, marc simonetti, ayami kojima, vasnetsov, cedric peyravernay ",3650405450
"heraldic coat of arms with a ( ( ( blue crystal dragon symbol ) ) ), gloomy and foggy atmosphere, octane render, rembrandt, cgsociety, artstation trending, horror scene, highly detailded ",3063037008
"a close - up grainy risograph painting of cyberpunk japanese model girl with black eyes and pretty face wearing latex catsuit and lots of transparent and cellophane accessories, blue hour, twilight, by moebius and lehr paul ",2450235854
two people are standing in some cemetry statue with black hoodie stylish handling knife and white porcelent mask sharp creepy and dark photorealism intricate professional photography cinematic photography wide angle natural grid posisition centered reflection realistic detailed proportionate intricate sharp focus black white background ,325703454
film still of Emma Watson.,3218300145
lemon with muscle ,1797858131
"photo of a soviet spy satellite, photorealistic, ultra high detail, 8k, lens flare",141977789
"photographic medium shot of a gal gadot as cleopatra the magestic antique egyptian queen, gold tiara, pharao, long - length braided black hairs, antique egyptian teal dodgerblue and firebrick rich tunique, gold collar and earings with lapis lazuli jade rubis, beautiful natural backlight, by annie leibowitz ",732183912
“baloon cow painted by zdzislaw beksinski”,101024041
highschool dxd scenes ,439249866
"caracal limestone gargoyle. living limestone statue. caracal anubis shroud. egypt caracal limestone. menacing, atmospheric lighting, painted, fighter, overpowering, intricate, volumetric lighting, beautiful, rich deep colours masterpiece, golden hour, sharp focus, ultra detailed, by leesha hannigan, ross tran, thierry doizon, kai carpenter, ignacio fernandez rios ",1821977084
"Epic dark gritty space scene featuring the iridescent cloaked hooded warrior partially cybernetic entity god of future technology wielding cosmic weaponry, intricate, ornate, gothic, colorful, vibrant, smooth, moody, ominous and intense, crystallic, iridescent, lasers, gems, precious elements, detailed, concept art, render, unreal engine, 4K, artstation",2605325603
"attractive knights in camelot. highly detailed painting by gaston bussiere, craig mullins, j. c. leyendecker ",2249966858
"outer space, stars, nebula, galaxy, clouds, giant space faring worm eating planet with gaping mouth maw black hole cortex, massive scale, light shafts, realistic tentacles, tendrils, environment",4096527615
"hyperrealistic portrait of a cyberpunk man, by Guy Denning, Johannes Itten, Russ Mills, hacking effects, medium long hair, glitch effects, detailed lines, network, technological sunglasses, technological, color blocking!, circuitry, digital, oil on canvas, insane detail, front view, symmetrical, octane, concept art, profile pic, masterpiece, abstract, artistic, 8k, cinematic, trending on artstation",943442742
"precisely drawn illustration of Boromir blended with Geralt of Rivia, wide angle, sharp, fine details, French comic style, vibrant realistic colors, full color, heroic fantasy, intense line art, 8k, precise linework, realistic, in the style of Heavy Metal Comics and Richard Corben and Moebius",1614858663
“Shrek Terminator”,1737527807
"vivid male celestial languid extasy detailed analogue mixed collage with canvas texture in style of contemporary art, punk art, realistic beautiful face, photorealism, expressionism, masterpiece, perfect composition, spectacular quality, intricate oil details, shattered glass ",1071809190
"groovy late 1 9 7 0 s album cover of a guy with a 7 0 s combover and sideburns, vintage, realistic, hyperrealistic, 8 k resolution, hd quality, very detailed, highly detailed, intricate details, real life, real world, trending on artstation, digital art, really realistic, very realistic, artistic, album cover, album, cover, remastered ",1807186807
"william gibson as Case from Neuromancer, ambient lighting, 4k, anime key visual, lois van baarle, ilya kuvshinov, rossdraws, artstation",1594921215
"subsurface scattering, eel made of glowing jellyfish, very dark background, extremly detailed oil painting, tomasz alen kopera, victo ngai, james jean, fenghua zhong, makoto shinkai, exquisite lighting, rim light, octane render, very coherent, 8 k, trending on artstation ",2604994035
"library with curved translucent screens projecting detailed art ( 2 0 4 2 ), large colorful images, pixel perfect photograph, high contrast, volumetric lighting, thin glowing lights, chair, users, pair of keys ",1332015012
"a young girl in bikini laying on a yoga ball, full body shot, 4k, hyperrealistic, trending on artstation n- 4",3292475694
"the look of an elderly person full of wrinkles and imperfections, tornado by artgem and greg rutkowski, highly detailed, vivid colors, trippy, nebula, trending on artstation ",282796672
"avocado head - superman super hero portrait with a red cape and mask like superman, unreal engine, anthropomorphic avocado, pixar, new scifi movie, buff, rick and morty, arcimboldo ",3571202637
"a highly detailed extremely beautiful painting of a beautiful vibrant isometric futuristic evolutionary dream, dimensional, visionary, powerful, triumphant, ornate, cinematic action horror, dramatic, epic fantasy art by michael whelan, lisa frank, part by adrian ghenie and gerhard richter. art by takato yamamoto. masterpiece ",2838981770
"a lizard wearing sunglasses, Thomas kinkade",3192362340
"a xenomorph made of plants, art by artgerm and greg rutkowski and alphonse mucha, concept art, octane render, unreal engine 5, highly detailed, high quality, 8 k, soft lighting, realistic face, path traced ",3585470461
"“slenderman, style of Leonid afremov”",1270837503
godzilla taking a selfie with gandalf ,1602144611
"a  fairy lady who has rococo dramatic headdress with baroque intricate fractals of roses and colorful pearls tassels made of crystal,by Virginie Ropars and Billelis and aaron horkey and Nekro and peter gric,artstation,hyperreal,jewelry,gold,maximalist",2751201023
"3 d goddess close - up profile portrait with ram skull. beautiful intricately detailed japanese crow kitsune mask and clasical japanese kimono. betta fish, jellyfish phoenix, bio luminescent, plasma, ice, water, wind, creature, artwork by tooth wu and wlop and beeple and greg rutkowski ",2570127669
"octane render portrait by wayne barlow and carlo crivelli and glenn fabry, subject is a shiny reflective futuristic android scuba diver inside an exotic alien coral reef aquarium full of exotic fish, cinema 4 d, ray traced lighting, very short depth of field, bokeh ",545264941
"paranoid parrot, ethereal, extremely high detail, photorealistic, cinematic lighting, artstation, octane render, art by Zdzisław Beksiński",2347711599
"lake godness, highly detailed, d & d, water everwhere fantasy, highly detailed, digital painting, trending on artstation, concept art, sharp focus, global illumination, ray tracing, illustration, art by artgerm and greg rutkowski and fuji choko and viktoria gavrilenko and hoang lap ",428563612
"akira vehicles and fantasy landscape infrastructure, grandiose and complex, by gerardo dottori and simon stalenhag and alejandro burdisio, clean environment, dynamic lighting, detailed, sci - fi, matte painting ",3803125670
"itachi uchiha, rpg reference, art by ilya kuvshinov, artgerm, alphonse mucha, and greg rutkowski, trending on artstation, octane render, insanely detailed, 8 k, hd ",1672669075
"hyperrealistic still life painting of a horror tree with jellyfish veins, botanical print, Octane render, Caravaggio",2008935039
lourmarin travel poster old pulp retro futurism vibrant ,1212802920
walter white in a renaissance painting ,3699216276
"The changes have rolled out. The backend service is now massively more concurrent, and will do all the images in a batch request simultaneously. Have fun, y'all, by Greg Rutkowski",187132279
"Portrait of a Vampire, hyper detailed, photorealistic, digital art, trending on ArtStation",370377846
"road sign to katowice in a mineshaft deep underground, lit by an oil lamp ",2208190216
"Silver embroidered orchid amulet, realistic, clean, 4k, highly detailed",2322583085
"a uyghur prisoner, in the style of beksinski, parts by edward hopper, parts by rodcenko, parts by yue minjun, intricate and epic composition, symmetrical, red by caravaggio, insanely quality, highly detailed, masterpiece, red light, artstation, 4 k ",1234896789
"the head of an unbelievably elegant and beautiful woman partially made of potatoes roots and violets looking up, an ultrafine detailed illustration by james jean, final fantasy, intricate linework, bright colors, behance contest winner, vanitas, angular, altermodern, unreal engine 5 highly rendered, global illumination, radiant light, detailed and intricate environment ",11386393
"a beautiful calm robot girl looking up to the stars, photograph, colorful background, render, 3 d, render, 8 k, 4 d, ",813684058
by cat stalenhag cute simon ,1605168094
"Steph Curry in real life, face centered portrait of Steph Curry, Confident, fog, rain, volumetric lighting, beautiful, golden hour, sharp focus, ultra detailed, cgsociety by Leesha Hannigan, Ross Tran, Thierry Doizon, Kai Carpenter,Ignacio Fernández Ríos, noir art house, 4k, 35mm, fujifilm”",1444498394
A Wolf in the style of an NFL Logo,1894134527
bokeh blurred defocus fucsia and cyan palette ,3515262764
"masterpiece painting of oak trees on a hillside overlooking a creek, by jan schmuckal ",2607144020
"president putin as a plushie doll, ultra detail, 8 k resolution ",286045233
"underwater merfolk warrior in ancient sci - fi armor, highly detailed, digital painting, artstation, concept art, smooth, sharp focus, illustration, artstation, art by giger and greg rutkowski and hikari shimoda and edmund blair leighton and charlie bowater, painted warhammer miniature ",1159660917
portrait of a robot by frank frazetta in the style of frank frazetta ,3984359280
photograph of a robot soldier.  Extremely detailed. 8k,3531026710
"eva green as martian queen, intricate, elegant, glowing lights, highly detailed, digital painting, artstation, glamor pose, concept art, smooth, sharp focus, illustration, art by artgerm and greg rutkowski, artey freytag ",3289950889
"gently arching glass bridge, diamond onions, water level view deep perspective, florence, beautiful watercolour ",4283282390
three-panel comic about satyrs in the forest by Bill Watterson,2695602540
"only with red, a red sumptuous throne with a capricious king faceless, a red kingdom in miniature, in the style of beksinski, parts by edward hopper, parts by michael sowa, parts by yue minjun, intricate composition by bosch, red by caravaggio, insanely quality and details, masterpiece, red light, artstation, 4 k ",1399348274
"a handsome young man working out in the rain, cyborg, photo, ",4017067395
"a stunning dynamic pose full body of a celestial artificial intelligence mind, intricate, 8 k highly professionally detailed, hdr, cgsociety, dark fantasy, dynamic lighting, cinematic, pristine, smooth, cosplay, elegant, sharp focus, art by alphonse mucha and greg rutkowski, ",2091113601
"“heat death of the universe, digital art”",1736083118
"foto elegant woman one hand with five finger, engagement ring ads, photorealistic ultra realistic",1239293410
"big monster, 8 k, trending on artstation by tooth wu and greg rutkowski ",3534169543
"“A 1998 McLaren F1 road car, in the style of Pixar, octane 3d render, 8k, (high quality), (extremely detailed), studio lighting”",3346806136
"in the style of violet evergarden: alluring highly detailed matte close-up portrait of beautiful elf Shani (from Witcher 3) wearing chesty chainmail bikini and a blue cloak, very detailed, realistic, manga, pen and ink, by Stanley Artgerm Lau, greg rutkowski, thomas kindkade, alphonse mucha, loish, norman rockwell J.",986623417
"futuristic clothing, 2 0 3 0. weather. women's coat. fantasy. ",2364494776
"Joe Biden pokes a hot dog with his index finger, in the style of an airplane evacuation guide card,",3342512466
"aerith gainsborough, cinematic, cinestill 4 0 0 t film, symmetrical face!!!, symmetrical eyes!!!, highly detailed, award winning photography ",3429832580
"hyperdetailed ancient japanese temple in the infinite flowerpunk sakura tree, cinematic highly detailed artstation hyperstylized illustrated by moebius and yoshitaka amano ",690925177
"painting by michael carson, dancers, In the White Room 2019, high key, limited color pallete",2322324789
"intricate crystallographic citadel structure architecture on top of the himalayas over a cloudscapes, by albert bierstadt, by glen small, realism, photorealism, octane render, unreal engine, volumetric light, depth of field, volumetric clouds, god rays, lens flares, detailed, intricate, digital art, deviant art, mandelbulb 3 d ",4004340281
image of a delicious breakfast egg in an egg cup. realistic,768481220
"glossy old advertising poster, shrek walking through crowded hong kong street, vendors, zombies, horror, drawn comic by junji ito, pastels, gradient ",999605773
"beautiful boyish natalie portman alluring gravure model, wearing sleek modern aztec wooden mask helmet cap and leotard, elegant bulky aztec football gear subtle mayan patterns, elegant aztec bathing suit, gapmoe yandere grimdark, trending on pixiv fanbox, painted by greg rutkowski makoto shinkai takashi takeuchi studio ghibli, akihiko yoshida ",1207606339
"a portrait of dr. doom, fantasy, sharp focus, intricate, elegant, digital painting, artstation, matte, highly detailed, concept art, illustration, ambient lighting, art by ilya kuvshinov, artgerm, alphonse mucha, and greg rutkowski ",2652378846
sonic the hedgehog in an epic battle with kermit the frog ,2902738936
"a award winning half body portrait of a beautiful woman in a croptop and cargo pants with ombre purple pink teal hairstyle with head in motion and hair flying by artgerm, paint splashes, splatter, outrun, vaporware, shaded flat illustration, digital art, trending on artstation, highly detailed, fine detail, intricate ",734274009
"detailed painting of clown girl crying, piercing eyes, james jean, miho hirano, hyperrealistic, octane render, ambient light, dynamic lighting ",3273944205
"a portrait of a beautiful woman sanitatem flores h 3 1 w 1 8 d 2 5 cm glazed stoneware, fragments 1 9 th century flower encrusted porcelain, like billie bond ",2631779376
"twin peaks poster artwork by michael whelan and tomer hanuka, rendering of close up portrait of gladys west, snake scale, full of details, by makoto shinkai and thomas kinkade, matte painting, trending on artstation and unreal engine ",2794991278
"1 8 2 0's photo from distance of a man opening a portal to another dimension at night, moody, dark, damage ",2302218282
"a pool filled with spaghetti, marinara sauce coming down a slide, party, canon 5 0 mm, cinematic lighting, photography, retro, film, kodachrome ",2459980819
"thin white girl with long purple hair wearing a black t - shirt with skulls on the shirt and holding a beer, standing next to a raven perched on a branch, festival tents in the background, full color digital illustration in the style of don bluth, artgerm, artstation trending, 4 k ",2441388183
"beautiful tarot illustration of apollo, in the style of james jean and victo ngai, mystical colors, trending on artstation ",2950868543
"full-body baroque and bladerunner style peach neon statue of a young attractive Spanish male macho dotado android thrusting sim roupa con piroca dura, glowing white face, prince crown of green steampunk lasers, emeralds, swirling white silk fabric. futuristic elements. prismatic liquid rainbow light, full-length view. space robots. human skulls. throne made of bones, intricate artwork by caravaggio. Trending on artstation, octane render, cinematic lighting from the right, hyper realism, octane render, 8k, depth of field, 3D",3013155981
", ",1923035090
"life without nose, highly detailed, 4 k, hdr, award - winning, octane render, cycles render, artstation, concept art by artgerm and greg rutkowski and alphonse mucha and joongwon charles jeong ",3766745461
"achingly beautiful print of intricately painted ancient greek amphora on baby blue background by rene magritte, monet, and picasso. ",1381949551
"jason momoa as joker, dynamic pose, painted by greg rutkowski ",2353940397
"still frame from Prometheus movie by giger, necron lord editorial by Malczewski, biomechanical armoured knight by Wayne Barlowe, ornate elaborate complex artifact of death",1802111494
"a fat gipsy man screams into a mic during a huge party, award winning photograph, colorful ",481461736
"modern sculpture, young woman as medusa, multiple poses, androgynous ",2862292288
"a photorealistic detailed ultrazoom image of a psychotic schoolgirl covered rats, science, divinity, utopian, triumphant, cinematic, epic, grandiose, moody, mathematics, futuristic, by jason felix, dan mumford, kinkade, lisa frank, ilya kuvshinov, lois van baarle, ross tran, warhol, rockwell, wpa, public works mural, orthodoxy ",498588632
Colour Brutal Caravaggio style Photography  of Highly detailed brutal Gopnik  with highly detailed face  and wearing   retrofuturistic-sci-fi Ukrainian  folk Sportswear designed by Taras Shevchenko and  wearing  detailed retrofuturistic sci-fi Neural interface designed by  Josan Gonzalez.    Many details   In style of  Josan Gonzalez  and Mike Winkelmann  and andgreg rutkowski and alphonse muchaand and Caspar David Friedrich and Stephen Hickman and James Gurney and Hiromasa Ogura.  volumetric natural light,1486009782
remilia scarlet nendoroid ,3672141048
"cosmic explosion in the geart of an etheric iridescent meditating figure explodes into countless swirling flower petals, dark background, pastel colours, 1 6 k unreal engine 5 render, art by james jean, ",2946113684
"a fierce looking 7 year old girl with cat ears, jumping from a rooftop, futuristic city, fiona staples ",2437285322
painting by jakub rozalski of a cotton candy monster ,2828002042
weiland the artist ,883765459
"robin hood, persona 5, surreal, creepy, ominous, phantasmagoric, by tom bagshaw and ilya kuvshinov, rtx rendering, octane render 1 2 8 k, maya, extreme high intricate details by wlop, digital anime art by ross tran, medium shot, close up shot, composition by sana takeda, dramatic lighting by greg rutkowski ",2908110135
baby seal disguised as cheesy bread sticks being delivered to a family at a table at Pizza Hut restaurant,1591951359
wave tunnel,1692040831
"at night, nyc, camera looking up, beautiful hot air balloons in a jellyfish shape",2091969652
circus sideshow performers by gustave dore ,2608905544
among us crewmate in a mall,3511919102
female soccer player fully clothed in bulgarian traditional clothes,3359344456
beautiful tinkerbell in a skintight green satin prom dress on the beach drawn by charlie bowater,3126382335
"A detailed oil portrait of an elf woman with small copper devil horns and copper scales covering her arm and neck wearing a simple white robe, by greg rutkowski, trending on artstation, dungeon and dragons art",1150259327
Supergross,3633103615
"full body gorgeous Scarlett Johansson, realistic character concept, arm tattoo sleeves, full body pose, autumn, makeup, shorter neck, illustration, symmetrical eyes and body, cinematic lighting, detailed realistic symmetrical eyes, artgerm, Joshua Middleton, single face, insanely detailed and intricate, beautiful",227520623
"painted portrait of rugged green she - hulk, short hair, upper body, robe fantasy intricate elegant highly detailed digital painting, artstation, concept art, smooth, atmospheric lighting sharp focus illustration art by craig mullins greg rutkowski ",2697425464
a beautiful landscape photography of ciucas mountains mountains a dead intricate tree in the foreground sunset dramatic lighting by marc adamus with an eagle flying ,1721652930
"A realistic anime painting of a beautiful cosmic woman with glowing red eyes and cosmic skin wearing clothes made of universes, digital painting, by Stanley Artgerm Lau, Sakimichan, WLOP, Makoto Shinkai, Rossdraws, Pixivs, digital painting, trending on Pixiv, SFW version —H 1024",581284488
"symmetry!! a tiny cute chinese spring festival oriental tale mascot peacock - lion toys, magic, intricate, smooth line, light dust, mysterious dark background, warm top light, hd, 8 k, smooth ， sharp high quality artwork in style of greg rutkowski, concept art, blizzard warcraft artwork, bright colors ",951250062
"still figurine of hatsune miku in comfy sweater, eyes by kon satoshi, personification, dynamic pose, detailed product photo, featured on amiami, deep blues, tone mapped, beautiful composition, 8 5 mm, f. 1 4 ",3280721242
"hyperrealistic full body image of morrowind dunmer levitating while meditating, nerevarine, male dunmer portrait, red eyes, glow, vivec character pose, daedric script, symmetrical face, handsome face, full body dnd character portrait, medieval armor, morrowind armor, oblivion armor, skyrim armor, eso armor, telvanni armor, intricate, highly detailed, elegant, artstation, deviantart ",3507448512
"A majestic close-up portrait of a lion wearing a crown against a plain black background, titian, Tom Bagshaw, Sam Spratt, maxfield parrish, gustav klimt, high detail, 8k, underwater light rays, intricate, royalty, vibrant iridescent colors, art nouveau, yellow navy red and gold",2282621326
"selfie photo taken by a cat in front of a blue super car at a parking lot, selfie",406118399
"cinematic bust portrait of psychedelic robot from left, head and chest only, exotic alien features, robotic enhancements, desaturated, Tim Hildebrandt, Wayne Barlowe, Bruce Pennington, donato giancola, larry elmore, oil on canvas, masterpiece, trending on artstation, featured on pixiv, cinematic composition, dramatic pose, beautiful lighting, sharp, details, hyper-detailed, HD, HDR, 4K, 8K",358596977
"portrait of a woman holding a slice of pizza in her hands, the slice of pizza is held in mid air, near her face, in the artistic style of mona lisa ",624909890
"ultra detailed satanic baphomet goat masterpiece portrait by shepard fairey, josan gonzalez, sachin teng, dan mumford, symmetrical, majestic, epic, organic matte painting, hard edges, graffiti, street art ",2023211583
Circular logo,1448908172
"anime key visual of one beautiful female green lantern, dc comics, power, hope, glowing, intricate, in space, stunning, highly detailed, digital painting, artstation, smooth, hard focus, illustration, art by artgerm and greg rutkowski and alphonse mucha ",2268427700
a still of from the movie a bug's life crossover with the game uncharted 2 : among thieves ,3603354339
"a realistic yet scraggly portrait sketch of the side profile of a stern and sophisticated kip dynamite, trending on artstation, intricate details, in the style of frank auerbach, in the style of sergio aragones, in the style of martin ansin, in the style of david aja, in the style of mattias adolfsson ",2546773009
"portrait of a gentle and wise orc with long hairs in alan lee and marc simonetti and emil melmoth style  , cinematic lighting",3484163583
"detailed portrait Kobe Bryant Neon Operator, cyberpunk futuristic neon, reflective puffy coat, decorated with traditional Japanese ornaments by Ismail inceoglu dragan bibin hans thoma  detailed portrait Neon Operator Girl, cyberpunk futuristic neon, reflective puffy coat, decorated with traditional Japanese ornaments by Ismail inceoglu dragan bibin hans thoma greg rutkowski Alexandros Pyromallis Nekro Rene Maritte Illustrated, Perfect face, fine details, realistic shaded, fine-face, pretty face",2674138336
"ice skaters on the lake during blizzard have a snowball fight, by peter doig, edvard munch, david hockney, franz sedlacek ",3135034361
"dark, misty, foggy, muddy, bog, marsh, flooded chicago city street swamp in destiny 2, skyscrapers and buildings and cars, liminal creepy, dark, dystopian, abandoned, highly detailed 4 k in - game destiny 2 screenshot gameplay showcase ",1889833780
an Irish Spring but instead of water there are springs,1164082686
"a pig blowing smoke from its nose, chalk drawing",978602175
"an award finning closeup facial portrait by angus mcbride, luis royo and john howe of a very beautiful and attractive female bohemian cyberpunk traveller of 1 9 years of age with green eyes and her face full of freckles, clothed in excessively fashionable haute couture musicians gear and wearing vibrant and ornate half - face makeup ",21394361
"a rack of clothing in a closet, close-up, extremely detailed oil painting, unreal 5 render, rhads, Bruce Pennington, Studio Ghibli, tim hildebrandt, digital art, octane render, beautiful composition, trending on artstation, award-winning photograph, masterpiece",3006213449
"A photograph portrait of Jerma985 wearing a bowler hat in the early 1920s, taken in the early 1920s, grainy, taken on a early 1900s Kodak Camera, realistic, hyperrealistic, very realistic, highly detailed, very detailed, extremely detailed, detailed, digital art, trending on artstation",1857500159
"toaster mecha head, dark messy smoke - filled cluttered workshop, dark, dramatic lighting, orange tint, sparks, cinematic, highly detailed, sci - fi, futuristic, movie still ",570767505
"a girl standing in a room of mirrors looking back slightly, full view",861229239
hybrid of a woman and a vacuum cleaner,4057589237
"manikin made of marble, fractal neon explosion revealing a portal to a vaporwave paracosm, mountains and city in background, rule of thirds, clean linework, dramatic, moody, introspective, cinematic, award winning, 4 k, trending on artstation, photorealistic, volumetric lighting, octane render ",4145911516
"white male rogue bard portrait, highly detailed, very intricate, cinematic lighting, closeup painted portrait, by donato giancola and rossdraws and magali villenueve, featured on artstation ",4195458086
"treehouse interior, intricate, elegant, highly detailed, vivid colors, john harris, frazetta, tyrus wong, ruan jia, jeffrey catherine jones ",2276782668
"realistic extremely detailed  photo style  painting of a complete astronaut suit with exposed diamond 3d fractal lace iridescent bubble 3d skin clear brain+,one hand holding a glowing sparkle plasma spear ,multiple chest chelate appendages,  retro futuristic ,water , style hybrid mix of beeple+Anton Pieck+Jean Delville+ Amano,Yves Tanguy+ Alphonse Mucha+ Ernst Haeckel+ Edward Robert Hughes+Stanisław Szukalski ,  rich moody colors,diamond dust glitter and sparkles, holographic krypton ion,blue eyes,octane render,4k, f32,55mm photography,wide angle ,jumping float Pose,full shot  ",1840365289
"a photo close up cyberpunk woman, wearing oni mask, fire dance in cyberpunk dirty alley, smoke mist rain, cyberpunk gunma prefecture, midnight, photorealistic, cinematic color, studio lighting, highly detailed, bokeh, style by tomino - sama ",1166384942
"extreme close-up portrait of crying virgin mary in darkness, red tears, in style of classicism, hyper detailed, golden frame, rembrandt",2652380927
"a highly detailed symmetric wide shot of Grimes as a fallen angel, sitting in a large glittery hell simulation with skulls and neon computer code, trending on artstationHD",134572415
"pencil studies, pose reference, galloping white horse, full body, windswept mane and tail, dramatic chiaroscuro, trending on artstation, norman rockwell ",520249237
a creepy zebra at the end of a flooded basement hallway. craiglist photo. ,1321509483
"the portrait of the absurdly beautiful, graceful, elegant, gorgeous, innocent black glamour model made with crystals, an ultrafine hyperdetailed illustration by kim jung gi, irakli nadar, detailed faces, intricate linework, bright colors, octopath traveler, final fantasy, unreal engine 5 highly rendered, global illumination, radiant light, intricate environment ",2345518989
"santiago calatrava design ; a beautiful hyperrealistic ultradetailed 3 d render of an shark shaped museum in the city, by brian sum and stephen martiniere and antonio manzanedo. mech, unreal engine, octane render, pbr, 3 d, brilliantly colored, intricate, wide angle, volumetric lighting, polished, path tracing, ",3133850718
"an ancient effigy of a half-bird half-man, clay sculpture, cubism, photograph",999809663
"an anthropomorphic bipedal wombat, standing upright, star wars, jedi clothing, jedi costume, holding a bright light saber with hands, fighting pose, wide shot, stylized illustration, trending on pixiv ",2759388141
"beauty art nouveau woman, ivory and gold robotic,  trending on artstation, by Artgerm",2063300223
"clockwork prosthetics, suspended trains, golden sunrises, starry skies, quest for knowledge, friendship, lots of morally grey characters, government VS rebels but there are no real “bad guys”, tall buildings, airships, animated masks, extravagant ballgowns and hats, hidden intentions, more friendship, vampires whose eyes change colour to match their emotions, big *ss eldritch monsters that are just randomly nice to people, complicated conflicts, ace MC, bakery aesthetic, people in power manipulating each other, mad scientists, stars",27906490
"Robotic Pope shooting bright lasers, 80s, science fiction, cyberpunk, neon, low angle shot, cross, pope, movie poster, futuristic, pontifex",1945281535
"majesty of celestial orgasm screaming detailed mixed media collage with canvas texture in style of contemporary art, punk art, realistic beautiful face, photorealism, expressionism, masterpiece, perfect composition, spectacular quality, intricate oil details, broken glass photo, torn paper intricate texture, large cracks, liquid glue spots ",3843418789
"detailed realistic cinematic wide shot of beautiful attractive lilly collins vampire woman wearing black bath robe slim face symettrical face clean skin black eyes black robe smooth, sharp focus, ultra realistic, spring light, painting by gaston bussiere, craig mullins, j. c. leyendecker ",159112369
dark noir cyberpunk propaganda poster for cthulhu,3980503279
"translucent cyborg sitting on a metal throne in a futuristic castle, fantasy sci - fi, highly detailed, sharp lines, neon lights ",2122284132
"a professional concept art of a massive terrifying demonic devil creature with glowing eyes looming over a destroyed landscape, dark atmosphere, glowing green hell portal, trending on artstation, ray tracing, highly detailed. art by chase long and emerson tung ",1759990718
artwork by albert bierstadt ,3558934281
JC Denton from Deus Ex as a real person,2847916569
"Selena Gomez wearing bikini, photoshoot, photorealistic, 8k, highly detailed",298609989
"To every living being, and every living soul. Now cometh the age of the stars. A thousand year voyage under the wisdom of the Moon. Here begins the chill night that encompasses all, reaching the great beyond. Into fear, doubt, and loneliness... As the path stretches into darkness. Oil painting, clear, detailed oil, trending on artstation, fantasy, monochromatic colour palette, dark colours, in the style of Alena Aenami, 4k, digital, dark aesthetic",2856609123
demonic rat,401970783
"Close-up view of hyperrealistic thin soft hand holding cigarette with smoke, hyper realistic photo, white background, 4K",2298777145
"god of decay and rot, character design, scary, radiating with power, glowing eyes, whirling death, disgusting, dripping, oily, decomposition, ghostly mist, scary, unreal engine, photorealistic",1059382069
"oil painting impressionist stopwatch and banana in the shape of an arrow flying through the air, ( bugs buzzing around ), whimsical, detailed, ",31578402
"prompt A beautiful red orange kumiho, nine fox tails, Peter Mohrbacher",1117779839
"black background, statue of hercules, skulls, thin lines, dark, red grid, neo vaporwave, design layout, trending on artstation ",4237724878
"riding a horse is a blond female accountant in a blue suit with glasses : a highly detailed uncropped full-color epic photograph. best photoraphy photo winner, meticulous detail, hyperrealistic, centered uncropped symmetrical beautiful feminine facial features, atmospheric, perfect eyes, photorealistic texture, canon 5D mark III photo, professional studio lighting, aesthetic, very inspirational, motivational. By Karen L Richard Photography, Photoweb, Splento, Americanoize, Lemonlight",1552035821
"divine chaos engine by karol bak and ruan jia and vincent van gogh, desaturated moody neutral colors, iris van herpen visionary dreamscape, symbolist, james jean spiraling clouds, imagination, daydreams and nightmares, otherworldly, ethereal, fractal lace ",1404013062
"emma watson in gears of war destiny 2 call of duty witcher 3 warframe pokemon mario spongebob fortnite ice cream animal crossing smash bros highly detailed, extremely high quality, hd, 4 k, 8 k, professional photographer, 4 0 mp, lifelike, top - rated, award winning, realistic, detailed lighting, detailed shadows, sharp, no blur, edited, corrected, trending ",2816619170
"roleplaying game table top map a  steampunk town, perfect textures, 8k, high details, neat",1866591947
"small centered on watercolor paper, paint brush strokes, abstract watercolor painting of ancient viking wreck in frozen lake, daylight, blue sky, cinematic light, national romanticism by hans dahl, by jesper ejsing, by anders zorn, by greg rutkowski, by greg manchess, by tyler edlin ",2023850967
"Harrison Ford as a Soviet superhero, cinematic lighting, highly detailed, digital painting, artstation, concept art, smooth, sharp focus, illustration, warm light, cozy warm tint, magic the gathering artwork, volumetric lighting, 8k, no gold, no gold colours, art by Akihiko Yoshida and Greg Rutkowski",634343167
"portrait of james may, d & d, muscular, long grey hair, fantasy, intricate, elegant, highly detailed, digital painting, artstation, concept art, smooth, sharp focus, illustration, art by artgerm and greg rutkowski and alphonse mucha ",3918152484
batman by cy twombly ,2847586291
"detailing character concept portrait of Nicholas Cage acting as a clown by Caravaggio, on simple background, oil painting, middle close up composition, hyper realistic",228937567
"a cute victorian girl illustration, 8 k, by roby dwi antono, by mark ryden ",1683912168
"portrait of a wolf, concept art, color splash, sumi - e style, intricate linework, artstation, trending, highly detailed, smooth, focus, art by yoji shinkawa, ",2519938223
A renaissance oil painting of a man sitting on a chair,2383105990
3 d render of spherical rolling vehicle for racing game. unreal engine. ,867075264
"a 5 x 5 grid of unique concept designs for a solid plate featureless metallic cylon mask, 3 d render, volumetric lighting, unreal engine, reflective material, intricate texture ",2119243676
"hyperrealistic portrait of a character in a scenic environment, flowers, by beksinski zdzislaw, buchholz, quint, yoro sean, balaskas, christopher, ",3979177215
"lone girl waiting at the train station, 7 0 s, stanley kubrick the shinning, american gothic, vibrant colors americana, cinematic, volumetric lighting, ultra wide angle view, realistic, detailed painting in the style of edward hopper and rene magritte ",2979770017
"black and white head shot, studio photograph of a male symmetrical handsome andrea belluci the painter artist, casual clothes, anxiety and depression, intricate, elegant, highly detailed, hyper realistic, dark background, flickr, clear, smooth, 4 k, 3 0 0 dpi, sharp focus, shot by canon ",2699523399
Sage from the video game Valorant depicted as Raze from the video game Valorant,1225388799
"a portrait of a girl with red curly long hair her hands are in front of her face in praying motion, with a pretty frame and a devoted posture, a tear slides down her left cheek while she looks at the viewer, in the style of diego velazquez, extremely detailed, golden ratio, 8 k ",1449055464
"cinematic still, full body portrait of a armored core mecha from armored core 6, mecha, cinematic, 8 k, raw, medium close up, canon eos r 5, f / 1. 4, ",657777373
"symmetry!! portrait of a hybrid robot tiger, midsommar style, intricate, elegant, highly detailed, digital painting, artstation, concept art, smooth, sharp focus, illustration, art by artgerm and greg rutkowski and alphonse mucha, 8 k ",3836061545
"yoda on a rock, fluid, smooth, organic, crazy, bright, colours, tumours, high contrast, sharpness, dramatic, very detailed, intricate, by giger and corben and moebius and beksinski and bosch and bacon ",3917397526
"landscape by moshe safdie, sunlight cgsociety at night cyberpunk neon noir laser synthwave forest flowers nightvision darkacademia hyperrealism, archdaily, wallpaper, highly detailed, trending on artstation. ",2010407023
"notorious big with elegant white suit, gold crown, jesus piece pendant, resin miniature, 2 8 mm heroic scale, games workshop, deity, citadel colour, glowing eyes, osl, nmm, r / paintedminis ",900822787
"isometric game asset of monk in desert, detailed paintings, artgerm, stylized, smooth, kitbash, arcane, overwatch, many color scheme, 8 k, close up, ",3381789650
close up of cat with third eye in style of magic the gathering ,3686774615
"will smith with a mullet, photograph ",1640356198
